OBJECTID_1,OBJECTID,ROADWAY,BEGIN_POST,END_POST,URBAREA,FUNCLASS,TYPEROAD,USROUTE,STROADNO,MNG_DIST_C,CONTYDOT,AADT_2024,NOLANES_To,MAXSPEED_M,IsSignaliz,Countermea,Counterme1,Counterme2,LocationID,LocationSt,CrashModif,CostScenar,CostEstima,TotalLives,Crash_Save,Crash_Sav1,Crash_Sav2,Crash_Sav3,Benefit_Al,Benefit_KA,CostPerLif,CrashSavin,CostBenefi,PresentVal,PresentVa1,NetPresent,Intersecti,FDOT Manag,FDOT Count,Intersect1,Intersect2,Entering V,AADT Major,AADT Minor,Signalized,CentralPoi,CentralPo1,Counterme3,Serious In,Intersect3,Match_Stat,Matched_ID,Match_Cnt,Ovl_Ft,Ovl_Mi,Ovl_Pct,Ang_Dif,Min_Ft,QC_Flag,WP_IDs,WP_Count
108394,270716,93180000,2.152,2.556,MIAMI,URBAN PRIN ART OTHER,DIVIDED,,SR  802,4,PALM BEACH,41000,6,45,1,PPFYA,Change Left-Turn Phasing from Protected-Permissive to Protected-Only,,PPFYA-05403,Potential Location,0.906000018,1,13357.2024403125,0.145057045732854,0.0567794721868601,0.189817505558992,0.29342968108246,0.921319464754672,182412.334256459,,92082.4105635787,14.7585182815627,110.766265513634,1479527.43202301,13357.2024403125,1466170.2295827,CIS,4,93,93180000 = 2.465|93A14316 = .989,LAKE WORTH RD|NASSAU RD|OHIO RD,20250,93180000,93A14316,Y,-80.16501,26.61751481,10,6.04037053824756,On-System / Off-System,Off Corridor,,0,0,0,0,,,Unmatched,,0
38191,88997,26250000,1.697,2.101,GAINESVILLE,URBAN MINOR ART,DIVIDED,,SR  121,2,ALACHUA,39500,6,45,1,PPFYA,Change Left-Turn Phasing from Protected-Permissive to Protected-Only,,PPFYA-03213,Potential Location,0.906000018,1,13357.2024403125,0.101068291726433,0.0426381855720889,0.169131469435952,0.305968461281193,0.994969956284985,253180.15993463,,132160.168259964,15.2281490174686,153.738621526962,2053517.89063022,13357.2024403125,2040160.68818991,CIS,2,26,26250000 = 1.703,SW 34TH ST|WINDMEADOWS BLVD,17000,26250000,26A05444,Y,-82.372565,29.62838,10,4.53597805711163,On-System / Off-System,On Corridor,207712-6,2,2136,0.4,100,0,0.5,Verified Match,207712-6,2
81347,171350,77080000,7.874,8.1,ORLANDO,URBAN PRIN ART OTHER,DIVIDED,,SR  436,5,SEMINOLE,72500,6,45,1,PPFYA,Change Left-Turn Phasing from Protected-Permissive to Protected-Only,,PPFYA-01622,Potential Location,0.906000018,1,13357.2024403125,0.0980520177326313,0.0413656949809538,0.16408392342445,0.296837163057771,0.965276152694443,245624.271543596,,136225.676423457,14.7736813593088,149.150458434132,1992232.86737011,13357.2024403125,1978875.6649298,CIS,5,77,77080000 = 7.924|77A05793 = .468,FERN PARK BLVD|SEMORAN BLVD,33500,77080000,77A05793,Y,-81.33490088,28.65668431,10,4.40060669170701,On-System / Off-System,Off Corridor,,0,0,0,0,,,Unmatched,,0
115325,254605,92090000,6.077,6.091,ORLANDO,URBAN PRIN ART OTHER,DIVIDED,US  192,SR  530,5,OSCEOLA,57500,6,45,1,PPFYA,Change Left-Turn Phasing from Protected-Permissive to Protected-Only,,PPFYA-04406,Potential Location,0.906000018,1,13357.2024403125,0.0926311177980022,0.0362584661095037,0.1212144341471,0.18737951828853,0.588339928185597,156690.759621044,,144197.789661139,9.42455458510531,95.1473503941687,1270902.42087426,13357.2024403125,1257545.21843395,CIC,5,92,92090000 = 6.09|92A00063 = .202,CELEBRATION PL|PARKWAY BLVD|W IRLO BRONSON MEMORIAL HWY,29500,92090000,92A00063,Y,-81.53461975,28.33268,10,3.85728436729953,On-System / Off-System,On Corridor,445362-4,1,74,0.01,100,0,0.9,Verified Parallel Fallback,445362-4,1
39454,83203,17040000,4.603,4.624,215,URBAN PRIN ART OTHER,DIVIDED,,SR  780,1,SARASOTA,63500,7,45,1,PPFYA,Change Left-Turn Phasing from Protected-Permissive to Protected-Only,,PPFYA-02001,Potential Location,0.906000018,1,13357.2024403125,0.0858304166656285,0.036209707030812,0.143631837888888,0.259838175452586,0.844960219065301,215008.666392414,,155623.180676711,12.9322298110415,130.559740526489,1743912.88476698,13357.2024403125,1730555.68232667,CIS,1,17,17040000 = 4.618|17A04518 = .239,FRUITVILLE RD|PARAMOUNT DR,29250,17040000,17A04518,Y,-82.45732,27.33796782,10,3.85209723027522,On-System / Off-System,On Corridor,"456052-1, 454316-1",2,111,0.02,100,0,0.1,Verified Match,"456052-1, 454316-1",2
12278,26026,10310000,6.01,6.516,TAMPA-ST PETERSBURG,URBAN PRIN ART OTHER,DIVIDED,,SR  580,7,HILLSBOROUGH,38000,6,45,1,PPFYA,Change Left-Turn Phasing from Protected-Permissive to Protected-Only,,PPFYA-00668,Potential Location,0.906000018,1,13357.2024403125,0.0822491884953892,0.0399496058406176,0.170106276206373,0.328783119725724,1.19541718279094,289701.423291271,,162399.200340576,17.4248110341319,175.915433036691,2349738.05144631,13357.2024403125,2336380.849006,SI,7,10,10310000 = 6.364|10A09389 = .557,E BUSCH BLVD|N 50TH ST,19750,10310000,10A09389,Y,-82.40164895,28.03264,10,4.24995888197272,On-System / Off-System,On Corridor,438702-1,5,2667,0.51,100,0,0.7,Verified Match,438702-1,5
115968,266377,93030000,4.285,4.34555555468019,MIAMI,URBAN PRIN ART OTHER,DIVIDED,,SR  806,4,PALM BEACH,41500,6,45,1,PPFYA,Change Left-Turn Phasing from Protected-Permissive to Protected-Only,,PPFYA-04677,Potential Location,0.906000018,1,13357.2024403125,0.0799519803393229,0.0312954894471064,0.104622877129743,0.161731434514973,0.507809292269471,100541.323507867,,167065.310748069,8.13454291395225,61.0517209823503,815480.196490727,13357.2024403125,802122.994050415,CIS,4,93,93030000 = 4.3|93A18199 = 0,VIA FLORA|W ATLANTIC AVE,17750,93030000,93A18199,Y,-80.1361213,26.45650643,10,3.32930802551711,On-System / Off-System,Off Corridor,,0,0,0,0,,,Unmatched,,0
117457,273240,93180000,2.689,3.30569999999716,MIAMI,URBAN PRIN ART OTHER,DIVIDED,,SR  802,4,PALM BEACH,41000,6,45,1,PPFYA,Change Left-Turn Phasing from Protected-Permissive to Protected-Only,,PPFYA-04688,Potential Location,0.906000018,1,13357.2024403125,0.0772861167678575,0.0302519942777042,0.101134404227654,0.156338773347552,0.490877250214135,97188.9431086699,,172827.967025866,7.8633103374383,59.0160545954595,788289.388460087,13357.2024403125,774932.186019774,CIC,4,93,93180000 = 3.164,FOUNTAINS DR|LAKE WORTH RD|POINCIANA DR,20250,93180000,93A01526,Y,-80.15363,26.61764982,10,3.21829787985536,On-System / Off-System,Off Corridor,,0,0,0,0,,,Unmatched,,0
77622,146059,72160000,2.8051432831928,3.036,JACKSONVILLE,URBAN MINOR ART,DIVIDED,,SR   13,2,DUVAL,57500,6,45,1,PPFYA,Change Left-Turn Phasing from Protected-Permissive to Protected-Only,,PPFYA-02019,Potential Location,0.906000018,1,13357.2024403125,0.0769300793785913,0.0373660385553158,0.159105391442087,0.307520499126369,1.11810876733203,270966.241705081,,173627.826049399,16.2979370439366,164.538866279398,2197778.94619343,13357.2024403125,2184421.74375312,CIS,2,72,72160000 = 2.916|72A00445 = .695,CLAIRE LN|SAN JOSE BLVD,26000,72160000,72A00445,Y,-81.62789531,30.17529,10,3.97511124579958,On-System / Off-System,On Corridor,209697-6,1,1222,0.23,100,0,0.9,Verified Match,209697-6,1
67463,143489,72190000,6.663,6.695,JACKSONVILLE,URBAN PRIN ART OTHER,DIVIDED,US   90,SR  212,2,DUVAL,55500,6,45,1,PPFYA,Change Left-Turn Phasing from Protected-Permissive to Protected-Only,,PPFYA-02206,Potential Location,0.906000018,1,13357.2024403125,0.0726814192907677,0.0306624737632926,0.121627812594394,0.220031640431035,0.715514503502315,182069.895968172,,183777.402404265,10.9510457222011,110.55832666719,1476749.95075585,13357.2024403125,1463392.74831554,CIS,2,72,72190000 = 6.676|72A00740 = .012,BEACH BLVD|CORTEZ RD,21500,72190000,72A00740,Y,-81.52775744,30.28693643,10,3.26196591859907,On-System / Off-System,On Corridor,209543-6,1,168,0.03,100,0,0.8,Verified Match,209543-6,1
92479,207291,86220000,12.695,12.963,MIAMI,URBAN PRIN ART OTHER,DIVIDED,,SR  817,4,BROWARD,55000,6,45,1,PPFYA,Change Left-Turn Phasing from Protected-Permissive to Protected-Only,,PPFYA-06438,Potential Location,0.906000018,1,13357.2024403125,0.0725443551751801,0.0306046498395291,0.121398444363465,0.219616700237362,0.714165171533159,135097.483945489,,184124.628416057,10.9303940149103,82.0352627903506,1095761.61233495,13357.2024403125,1082404.40989464,CIS,4,86,86220000 = 12.884|86A15265 = 1.582,N UNIVERSITY DR|NW 25TH CT,27750,86220000,86A15265,Y,-80.2572971,26.15669,10,3.25581443616969,On-System / Off-System,On Corridor,"446998-1, 449243-3",2,1420,0.27,100,0,0.6,Verified Match,"446998-1, 449243-3",2
102632,203679,86090000,1.519,1.548,MIAMI,URBAN PRIN ART OTHER,DIVIDED,,SR  816,4,BROWARD,46000,6,45,1,PPFYA,Change Left-Turn Phasing from Protected-Permissive to Protected-Only,,PPFYA-06193,Potential Location,0.906000018,1,13357.2024403125,0.0719772918951315,0.0349603989204924,0.148862126419476,0.287722213575604,1.04612450379401,253521.333014,,185575.229195529,15.248669718991,153.945792100431,2056285.10991972,13357.2024403125,2042927.9074794,CIS,4,86,86090000 = 1.534|86A06873 = .341,INVERRARY FLS|NW 60TH AVE|W OAKLAND PARK BLVD,24500,86090000,86A06873,Y,-80.23205,26.16475941,10,3.71919208670619,On-System / Off-System,Off Corridor,,0,0,0,0,,,Unmatched,,0
35263,43816,12010000,17.169,17.532,CAPE CORAL,URBAN PRIN ART OTHER,DIVIDED,US   41,SR   45,1,LEE,70000,6,45,1,PPFYA,Change Left-Turn Phasing from Protected-Permissive to Protected-Only,,PPFYA-04219,Potential Location,0.906000018,1,13357.2024403125,0.0701898457025056,0.0340922107697885,0.145165362702909,0.280577071522484,1.02014559833528,247225.517632317,,190301.065725746,14.8699922790071,150.122783305357,2005220.40751282,13357.2024403125,1991863.20507251,CIC,1,12,12010000 = 17.43|12A03506 = .192,BIG PINE WAY|S CLEVELAND AVE|SEVEN LAKES BLVD,31500,12010000,12A03506,Y,-81.87169664,26.55192099,10,3.62683162745589,On-System / Off-System,On Corridor,456031-1,1,1925,0.36,100,0,1.2,Verified Match,456031-1,1
116941,271535,93280000,5.634,6.015,MIAMI,URBAN PRIN ART OTHER,DIVIDED,,SR  704,4,PALM BEACH,64500,8,45,1,PPFYA,Change Left-Turn Phasing from Protected-Permissive to Protected-Only,,PPFYA-02791,Potential Location,0.906000018,1,13357.2024403125,0.0700731002444133,0.0295620891656119,0.11726295369026,0.212135362068048,0.68983682514051,130495.329545904,,190618.117276428,10.5580454008887,79.240695974258,1058434.01763942,13357.2024403125,1045076.81519911,CIS,4,93,93280000 = 5.745,BISCAYNE BLVD|OKEECHOBEE BLVD,33250,93280000,93A04817,Y,-80.10789,26.70685496,10,3.14490370494027,On-System / Off-System,On Corridor,"447545-1, 233752-1, 451380-1",6,2008,0.38,100,0,0.4,Verified Match,"447545-1, 233752-1, 451380-1",6
60807,134012,71070000,12.8049070856556,13.6078080891762,JACKSONVILLE,URBAN PRIN ART OTHER,DIVIDED,,SR   21,2,CLAY,59000,6,45,1,PPFYA,Change Left-Turn Phasing from Protected-Permissive to Protected-Only,,PPFYA-03560,Potential Location,0.906000018,1,13357.2024403125,0.0666938677846149,0.0281364754716344,0.111608019370817,0.20190526380108,0.65656986558901,167070.837192667,,200276.320507442,10.04889011011,101.450446251349,1355094.14823932,13357.2024403125,1341736.945799,CIS,2,71,71070000 = 13.602|71A00309 = .717,ARORA BLVD|BLANDING BLVD,29750,71070000,71A00309,Y,-81.74254834,30.17763862,10,2.99324264462459,On-System / Off-System,Off Corridor,,0,0,0,0,,,Unmatched,,0
14516,22742,10030000,0.743,0.753,TAMPA-ST PETERSBURG,URBAN PRIN ART OTHER,DIVIDED,US   41,SR  600,7,HILLSBOROUGH,43500,6,40,1,PPFYA,Change Left-Turn Phasing from Protected-Permissive to Protected-Only,,PPFYA-01459,Potential Location,0.906000018,1,13357.2024403125,0.0661299675786754,0.0321202699667852,0.13676879658317,0.264348104165147,0.961138960603702,173159.45425202,,201984.106894069,14.0098912807667,105.14763798214,1404478.28664813,13357.2024403125,1391121.08420782,SI,7,10,10030000 = .752|10A11736 = 1.002,E HILLSBOROUGH AVE|N 19TH ST,20500,10030000,10A11736,Y,-82.43884999,27.9960896,10,3.41705065079536,On-System / Off-System,On Corridor,"445362-2, 438702-1",6,53,0.01,100,0,0.6,Verified Parallel Fallback,"445362-2, 438702-1",6
106245,227531,87038000,1.409,1.908,MIAMI,URBAN PRIN ART OTHER,DIVIDED,,SR  932,6,MIAMI-DADE,47000,6,40,1,PPFYA,Change Left-Turn Phasing from Protected-Permissive to Protected-Only,,PPFYA-04380,Potential Location,0.906000018,1,13357.2024403125,0.0639575913169311,0.0269821088368303,0.107029031719427,0.193621614338366,0.629632506394257,160216.353933084,,208844.676062348,9.63661020420573,97.2881974879388,1299498.1488995,13357.2024403125,1286140.94645919,CIS,6,87,87038000 = 1.824|87A13245 = .008,W 14TH LN|W 49TH ST,22500,87038000,87A13245,Y,-80.31222,25.86663254,10,2.87043765995937,On-System / Off-System,On Corridor,"445993-1, 451122-1",7,2636,0.5,100,0,0.2,Verified Match,"445993-1, 451122-1",7
80425,146780,72190000,5.779,6.188,JACKSONVILLE,URBAN PRIN ART OTHER,DIVIDED,US   90,SR  212,2,DUVAL,55500,6,45,1,PPFYA,Change Left-Turn Phasing from Protected-Permissive to Protected-Only,,PPFYA-00245,Potential Location,0.906000018,1,13357.2024403125,0.0635052361697352,0.026791271509107,0.106272043652791,0.192252179810722,0.625179282011588,159083.185987351,,210332.300861172,9.56845300601182,96.6001037685082,1290307.14179116,13357.2024403125,1276949.93935085,CIS,2,72,72190000 = 5.999|72A07742 = .011,ANNISTON RD|BEACH BLVD,21500,72190000,72A07742,Y,-81.53904,30.28681238,10,2.85013581269697,On-System / Off-System,On Corridor,"209543-6, 447211-2",2,2150,0.41,100,0,0.8,Verified Match,"209543-6, 447211-2",2
108554,247460,89060000,25.751,25.778,PORT SAINT LUCIE,URBAN PRIN ART OTHER,DIVIDED,,SR   76,4,MARTIN,48500,6,45,1,PPFYA,Change Left-Turn Phasing from Protected-Permissive to Protected-Only,,PPFYA-06514,Potential Location,0.906000018,1,13357.2024403125,0.0633146220410359,0.0307528164199317,0.130946150130324,0.253094034600401,0.920220472619147,223009.32636515,,210965.524387958,13.4134493597391,135.417982324867,1808805.4039719,13357.2024403125,1795448.20153159,CIS,4,89,89060000 = 25.766|89A10181 = .681,SW KANNER HWY|SW LOST RIVER RD,20500,89060000,89A10181,Y,-80.25712397,27.11187937,10,3.27157684135851,On-System / Off-System,Off Corridor,,0,0,0,0,,,Unmatched,,0
69147,139905,72100000,8.66033461889143,9.01,JACKSONVILLE,URBAN PRIN ART OTHER,DIVIDED,USA  90,SR   10,2,DUVAL,69000,6,45,1,PPFYA,Change Left-Turn Phasing from Protected-Permissive to Protected-Only,,PPFYA-02003,Potential Location,0.906000018,1,13357.2024403125,0.0632826116427249,0.0266973517867746,0.105899495420873,0.191578218840281,0.62298764789842,158525.502539941,,211072.237595429,9.5349097511062,96.2614615760262,1285783.82947135,13357.2024403125,1272426.62703103,CIC,2,72,72100000 = 8.898|72A07906 = .603,ATLANTIC BLVD|SUTTON LAKES BLVD,25250,72100000,72A07906,Y,-81.50744298,30.3239784,10,2.84014435096111,On-System / Off-System,Off Corridor,,0,0,0,0,,,Unmatched,,0
98335,203508,86100000,12.472,12.577,MIAMI,URBAN PRIN ART OTHER,DIVIDED,US  441,SR    7,4,BROWARD,54000,6,40,1,PPFYA,Change Left-Turn Phasing from Protected-Permissive to Protected-Only,,PPFYA-05303,Potential Location,0.906000018,1,13357.2024403125,0.0620797698054792,0.0261899028866865,0.103886614783857,0.187936803122056,0.611146233842846,115609.556172674,,215161.919610301,9.35367531615993,70.2016058680105,937697.061214046,13357.2024403125,924339.858773733,CIC,4,86,86100000 = 12.534|86A05245 = .881,NW 21ST ST|SR-7,27500,86100000,86A05245,Y,-80.20298,26.15375502,10,2.78616041508248,On-System / Off-System,On Corridor,448410-1,1,557,0.11,100,0,0.5,Verified Match,448410-1,1
81360,169750,77080000,7.599,7.654,ORLANDO,URBAN PRIN ART OTHER,DIVIDED,,SR  436,5,SEMINOLE,72500,6,40,1,PPFYA,Change Left-Turn Phasing from Protected-Permissive to Protected-Only,,PPFYA-03009,Potential Location,0.906000018,1,13357.2024403125,0.0617696657655046,0.0260590777448223,0.103367675054462,0.186998011594789,0.608093404930566,154735.51190466,,216242.10321973,9.3069513590119,93.9600650684219,1255043.61042385,13357.2024403125,1241686.40798353,CIS,5,77,77080000 = 7.599,PLAZA ENTRANCE|SEMORAN BLVD,33500,77080000,77A12734,Y,-81.33925994,28.65941508,10,2.77224284413398,On-System / Off-System,Off Corridor,,0,0,0,0,,,Unmatched,,0
92445,222454,87002000,8.48,8.525,MIAMI,URBAN PRIN ART OTHER,DIVIDED,,SR  823,6,MIAMI-DADE,47000,6,45,1,PPFYA,Change Left-Turn Phasing from Protected-Permissive to Protected-Only,,PPFYA-03954,Potential Location,0.906000018,1,13357.2024403125,0.0612787944731836,0.0258519914183743,0.102546232626218,0.185511975455927,0.603261007153583,153505.85945705,,217974.301797954,9.23299086101421,93.2133830523366,1245070.02757645,13357.2024403125,1231712.82513614,CIS,6,87,87002000 = 8.517|87A08233 = .887,NW 199TH ST|NW 57TH AVE,46000,87002000,87A08233,Y,-80.29450824,25.95343,10,2.75021237965496,On-System / Off-System,On Corridor,452567-1,2,239,0.05,100,0.3,0.4,Verified Match,452567-1,2
106607,204226,86220000,20.491,20.518,MIAMI,URBAN PRIN ART OTHER,DIVIDED,,SR  817,4,BROWARD,38500,6,40,1,PPFYA,Change Left-Turn Phasing from Protected-Permissive to Protected-Only,,PPFYA-03331,Potential Location,0.906000018,1,13357.2024403125,0.060926883229185,0.0295930575684613,0.126007872133087,0.243549281271989,0.885516859660542,159535.324687567,,219233.312658839,12.90759758957,96.8746560103905,1293974.39166642,13357.2024403125,1280617.18922611,CIS,4,86,86220000 = 20.506|86A02418 = .5,N UNIVERSITY DR|NW 28TH ST,23250,86220000,86A02418,Y,-80.25007967,26.2651,10,3.14819821651256,On-System / Off-System,Off Corridor,,0,0,0,0,,,Unmatched,,0
98755,225757,87038000,2.757,3.15,MIAMI,URBAN PRIN ART OTHER,DIVIDED,,SR  932,6,MIAMI-DADE,47000,6,40,1,PPFYA,Change Left-Turn Phasing from Protected-Permissive to Protected-Only,,PPFYA-04786,Potential Location,0.906000018,1,13357.2024403125,0.0607072150081591,0.0256108563315671,0.101589730115216,0.183781607934857,0.597634075248292,113053.482729778,,220026.605379892,9.14686991130748,68.649481058018,916965.015914344,13357.2024403125,903607.813474032,CIC,6,87,87038000 = 2.897|87A26561 = .009,W 49TH ST|W 6TH AVE,22500,87038000,87A26561,Y,-80.29494554,25.86672,10,2.72455970593347,On-System / Off-System,On Corridor,"445993-1, 451122-1",7,2075,0.39,100,0,0.2,Verified Match,"445993-1, 451122-1",7
94428,218227,87019000,4.545,4.623,MIAMI,URBAN PRIN ART OTHER,DIVIDED,,SR  817,6,MIAMI-DADE,43000,6,45,1,PPFYA,Change Left-Turn Phasing from Protected-Permissive to Protected-Only,,PPFYA-06045,Potential Location,0.906000018,1,13357.2024403125,0.0599880765749575,0.0253074698050602,0.100386296893405,0.181604528693719,0.590554494469562,150272.558900354,,222664.289354604,9.03851597519242,91.2500255337334,1218845.06373776,13357.2024403125,1205487.86129745,CIS,6,87,87019000 = 4.62|87A09246 = .972,NW 211TH ST|NW 27TH AVE,21500,87019000,87A09246,Y,-80.24678607,25.96819,10,2.69228453735876,On-System / Off-System,On Corridor,438076-1,4,414,0.08,100,0,0.4,Verified Match,438076-1,4
1579,3090,01010000,16.694,16.709,1790,URBAN PRIN ART OTHER,DIVIDED,US   41,SR   45,1,CHARLOTTE,45500,6,45,1,PPFYA,Change Left-Turn Phasing from Protected-Permissive to Protected-Only,,PPFYA-03676,Potential Location,0.906000018,1,13357.2024403125,0.0596859059827272,0.025179991586463,0.0998806332929701,0.180689754439897,0.58757976663152,149515.609341184,,223791.567211495,8.99298736549123,90.7903829542268,1212705.5247531,13357.2024403125,1199348.32231279,CIS,1,1,01010000 = 16.699|01A00298 = .012,HANCOCK AVE|TAMIAMI TRL,21750,1010000,01A00298,Y,-82.07895949,26.9677406,10,2.67872302214516,On-System / Off-System,On Corridor,"446830-1, 454317-1",2,79,0.02,100,0.2,0.8,Verified Match,"446830-1, 454317-1",2
37375,85010,18120000,0.398,0.507,2153,URBAN PRIN ART OTHER,DIVIDED,US   27,SR   25,5,SUMTER,41000,6,45,1,PPFYA,Change Left-Turn Phasing from Protected-Permissive to Protected-Only,,PPFYA-01379,Potential Location,0.906000018,1,13357.2024403125,0.0593929685289363,0.0288480132854834,0.122835457639391,0.237417606665021,0.863222803960336,209196.319514947,,224895.349923533,12.5826317840312,127.030308374265,1696769.54501039,13357.2024403125,1683412.34257007,CIS,5,18,18120000 = .506|18A00246 = .299,BUENOS AIRES BLVD|NE 136TH AVE|US-27,19000,18120000,18A00246,Y,-81.95968575,28.9545292,10,3.06893817123107,On-System / Off-System,Off Corridor,,0,0,0,0,,,Unmatched,,0
111835,204455,86220000,9.917,9.93,MIAMI,URBAN PRIN ART OTHER,DIVIDED,,SR  817,4,BROWARD,48500,6,45,1,PPFYA,Change Left-Turn Phasing from Protected-Permissive to Protected-Only,,PPFYA-04974,Potential Location,0.906000018,1,13357.2024403125,0.0590725552193583,0.0249212342331668,0.098854229124895,0.178832930839854,0.581541615874324,110009.297912909,,226115.196654559,8.90057265594176,66.8009603147669,892273.950131623,13357.2024403125,878916.74769131,CIS,4,86,86220000 = 9.924,FEDERATED RD|S UNIVERSITY DR,26750,86220000,86A34885,Y,-80.25068035,26.115,10,2.65119563886372,On-System / Off-System,On Corridor,"446998-1, 449243-3",2,69,0.01,100,0.7,0.5,Verified Parallel Fallback,"446998-1, 449243-3",2
19442,60881,15061000,0.318,0.455,TAMPA-ST PETERSBURG,URBAN PRIN ART OTHER,DIVIDED,,SR  694,7,PINELLAS,59500,6,40,1,PPFYA,Change Left-Turn Phasing from Protected-Permissive to Protected-Only,,PPFYA-02000,Potential Location,0.906000018,1,13357.2024403125,0.0580556351536674,0.0281984513603527,0.120069609067812,0.232071746757128,0.843785879108416,152017.042613902,,230075.898833202,12.2993124980908,92.3093286065586,1232994.38932713,13357.2024403125,1219637.18688682,CIS,7,15,15061000 = .449|15A04496 = .499,43RD ST N|PARK BLVD N,26500,15061000,15A04496,Y,-82.69187,27.83923979,10,2.999835825538,On-System / Off-System,Off Corridor,,0,0,0,0,,,Unmatched,,0
92117,206852,86130000,4.11,4.213,MIAMI,URBAN PRIN ART OTHER,DIVIDED,,SR  814,4,BROWARD,51000,6,45,1,PPFYA,Change Left-Turn Phasing from Protected-Permissive to Protected-Only,,PPFYA-06344,Potential Location,0.906000018,1,13357.2024403125,0.0579160879642228,0.0281306712969082,0.119781000107824,0.231513920459581,0.841757687570919,203994.390967619,,230630.260257976,12.2697488823166,123.871540624239,1654577.24471136,13357.2024403125,1641220.04227104,CIS,4,86,86130000 = 4.127|86A08092 = .01,NW 21ST AVE|SW 21ST AVE|W ATLANTIC BLVD,25750,86130000,86A08092,Y,-80.15125,26.23144291,10,2.99262517910995,On-System / Off-System,On Corridor,444119-1,1,544,0.1,100,0,0.4,Verified Match,444119-1,1
18536,53102,14090000,9.673,9.694,TAMPA-ST PETERSBURG,URBAN PRIN ART OTHER,DIVIDED,,SR   54,7,PASCO,59000,6,45,1,PPFYA,Change Left-Turn Phasing from Protected-Permissive to Protected-Only,,PPFYA-02289,Potential Location,0.906000018,1,13357.2024403125,0.0577845062011273,0.0280667601548333,0.119508865097786,0.230987935178013,0.839845266264111,203530.928351813,,231155.431073874,12.2418727731486,123.590112159617,1650818.14773693,13357.2024403125,1637460.94529662,CIS,7,14,14090000 = 9.68|14A01574 = 2.647,POINTE PLEASANT BLVD|SR-54|WIREGRASS RANCH BLVD,28000,14090000,14A01574,Y,-82.34377685,28.23790727,10,2.98582612014045,On-System / Off-System,On Corridor,449400-1,2,111,0.02,100,2.3,0.4,Verified Match,449400-1,2
64375,137362,72100000,2.72781343041162,3.026,JACKSONVILLE,URBAN PRIN ART OTHER,DIVIDED,USA  90,SR   10,2,DUVAL,33000,6,40,1,PPFYA,Change Left-Turn Phasing from Protected-Permissive to Protected-Only,,PPFYA-02298,Potential Location,0.906000018,1,13357.2024403125,0.0576439339050486,0.0243185346161924,0.0964635206442297,0.174508003032862,0.567477508701186,144400.386669685,,231719.133921612,8.68531960384974,87.6842656244852,1171216.48677638,13357.2024403125,1157859.28433607,CIS,2,72,72100000 = 3.025|72A02640 = 1.089,ATLANTIC BLVD|BARTRAM RD,15250,72100000,72A02640,Y,-81.60272,30.31305132,10,2.5870786460568,On-System / Off-System,On Corridor,437387-1,2,1575,0.3,100,0,1.1,Verified Match,437387-1,2
88475,197956,86040000,5.266,5.277,MIAMI,URBAN PRIN ART OTHER,DIVIDED,,SR  820,4,BROWARD,59500,7,45,1,PPFYA,Change Left-Turn Phasing from Protected-Permissive to Protected-Only,,PPFYA-06239,Potential Location,0.906000018,1,13357.2024403125,0.0562684780814207,0.0237382641905994,0.0941617812893775,0.170344025441801,0.553936790862487,140954.814181414,,237383.396454842,8.47807709592407,85.5920101931957,1143269.80742381,13357.2024403125,1129912.60498349,CIS,4,86,86040000 = 5.277,PINES BLVD|SW 148TH AVE,37750,86040000,86A38096,Y,-80.34754,26.00773885,10,2.52534773789631,On-System / Off-System,Off Corridor,,0,0,0,0,,,Unmatched,,0
92648,223001,87002000,6.371,6.448,MIAMI,URBAN PRIN ART OTHER,DIVIDED,,SR  823,6,MIAMI-DADE,49000,6,45,1,PPFYA,Change Left-Turn Phasing from Protected-Permissive to Protected-Only,,PPFYA-06483,Potential Location,0.906000018,1,13357.2024403125,0.0562070651683536,0.0210776494381326,0.118034836853543,0.184780726740962,0.719450434154926,174398.715518186,,237642.766088293,10.489643537044,105.900154762369,1414529.80562139,13357.2024403125,1401172.60318108,CIC,6,87,87002000 = 6.445|87A11208 = .252,NW 165TH TER|NW 57TH AVE,24500,87002000,87A11208,Y,-80.29320667,25.92333444,10,2.24230356109351,On-System / Off-System,Off Corridor,,0,0,0,0,,,Unmatched,,0
95849,212411,86230000,0.503,1.283,MIAMI,URBAN PRIN ART OTHER,DIVIDED,,SR  822,4,BROWARD,41500,6,40,1,PPFYA,Change Left-Turn Phasing from Protected-Permissive to Protected-Only,,PPFYA-05214,Potential Location,0.906000018,1,13357.2024403125,0.0554915655562886,0.0234105042190592,0.0928616667356017,0.167992044164546,0.546288451230307,103340.51310743,,240706.894938177,8.36101822905142,62.7514732478536,838184.131599435,13357.2024403125,824826.929159122,CIS,4,86,86230000 = .759|86A01244 = .504,N 52ND AVE|SHERIDAN ST,21500,86230000,86A01244,Y,-80.19621,26.03253215,10,2.4904796491407,On-System / Off-System,Off Corridor,,0,0,0,0,85.2,287.4,No Match - Angle Mismatch,,0
57047,119323,57030030,22.511,22.633,1460,URBAN PRIN ART OTHER,DIVIDED,US   98,SR   30,3,OKALOOSA,60500,6,45,1,PPFYA,Change Left-Turn Phasing from Protected-Permissive to Protected-Only,,PPFYA-00578,Potential Location,0.906000018,1,13357.2024403125,0.0554203284711966,0.0269184452574384,0.114619315701793,0.221537364979667,0.805484092212051,195203.725788437,,241016.298690012,11.7410125099807,118.53358386135,1583277.07561181,13357.2024403125,1569919.8731715,CIC,3,57,57030030 = 22.513|57A00279 = .361,EMERALD COAST PKWY|MATTHEW BLVD,28000,57030030,57A00279,Y,-86.43040031,30.38817574,10,2.86366493745056,On-System / Off-System,On Corridor,"453548-1, 454276-1",2,643,0.12,100,0,1.7,Verified Match,"453548-1, 454276-1",2
25748,53087,14030000,0.247,0.273,TAMPA-ST PETERSBURG,URBAN PRIN ART OTHER,DIVIDED,US   19,SR   55,7,PASCO,64000,6,45,1,PPFYA,Change Left-Turn Phasing from Protected-Permissive to Protected-Only,,PPFYA-01753,Potential Location,0.906000018,1,13357.2024403125,0.0554155309541053,0.0269161150348511,0.114609393564172,0.221518187372384,0.805414364662507,195186.82777941,,241037.164317253,11.7399961372933,118.523322881125,1583140.01762172,13357.2024403125,1569782.8151814,CIS,7,14,14030000 = .259|14A08772 = .314,FLORA AVE|US-19,29250,14030000,14A08772,Y,-82.74046448,28.17701497,10,2.86341704138317,On-System / Off-System,On Corridor,"443707-1, 438702-1, 444055-1",7,138,0.03,100,0,0.8,Verified Match,"443707-1, 438702-1, 444055-1",7
115800,255870,92090000,3.05026516363642,3.166,FOUR CORNERS,URBAN PRIN ART OTHER,DIVIDED,US  192,SR  530,5,OSCEOLA,69000,6,45,1,PPFYA,Change Left-Turn Phasing from Protected-Permissive to Protected-Only,,PPFYA-05640,Potential Location,0.906000018,1,13357.2024403125,0.0549752168015546,0.0215188705766085,0.0719389979860343,0.111207009987145,0.349171162713874,92993.6795079132,,242967.708313517,5.59333562943817,56.4685641321897,754262.042627427,13357.2024403125,740904.840187114,CIS,5,92,92090000 = 3.098|92A01219 = 0,REEDY CREEK BLVD|W IRLO BRONSON MEMORIAL HWY,28500,92090000,92A01219,Y,-81.58372,28.33254853,10,2.28924198906852,On-System / Off-System,On Corridor,"445362-4, 450953-1",2,610,0.12,100,0,1,Verified Match,"445362-4, 450953-1",2
70824,141148,72014000,1.842,1.993,JACKSONVILLE,URBAN MINOR ART,DIVIDED,,SR  109,2,DUVAL,47500,6,40,1,PPFYA,Change Left-Turn Phasing from Protected-Permissive to Protected-Only,,PPFYA-03256,Potential Location,0.906000018,1,13357.2024403125,0.0548997161949242,0.0266655764375346,0.113542594857684,0.219456268114256,0.797917466060319,193370.00414111,,243301.848645029,11.6307187708929,117.420092826362,1568403.950442,13357.2024403125,1555046.74800168,SI,2,72,72014000 = 1.99|72A10145 = .696,RICHARD ST|UNIVERSITY BLVD W,20750,72014000,72A10145,Y,-81.61471067,30.26808095,10,2.83676399401168,On-System / Off-System,On Corridor,"447125-1, 209683-1",3,798,0.15,100,0,1.1,Verified Match,"447125-1, 209683-1",3
73208,144443,72190000,7.707,7.72,JACKSONVILLE,URBAN PRIN ART OTHER,DIVIDED,US   90,SR  212,2,DUVAL,58000,6,45,1,PPFYA,Change Left-Turn Phasing from Protected-Permissive to Protected-Only,,PPFYA-01565,Potential Location,0.906000018,1,13357.2024403125,0.0547277815881635,0.0205229180955613,0.114928341335143,0.179917581971088,0.700515604328493,169808.809329354,,244066.213771058,10.213572238891,103.113025428889,1377301.55488676,13357.2024403125,1363944.35244645,CIC,2,72,72190000 = 7.715|72A09468 = 1.198,BEACH BLVD|CENTRAL PKWY,39250,72190000,72A09468,Y,-81.51041539,30.28701,10,2.18328957717899,On-System / Off-System,Off Corridor,,0,0,0,0,,,Unmatched,,0
3226,3558,03010000,7.691,8.201,BONITA SPRINGS,URBAN PRIN ART OTHER,DIVIDED,US   41,SR   45,1,COLLIER,44000,6,45,1,PPFYA,Change Left-Turn Phasing from Protected-Permissive to Protected-Only,,PPFYA-02991,Potential Location,0.906000018,1,13357.2024403125,0.054579015955531,0.0265098077498293,0.112879328453485,0.218174300144317,0.79325637962641,192240.420767686,,244731.463300758,11.5627771756959,116.734175767241,1559242.01742606,13357.2024403125,1545884.81498574,CIS,1,3,03010000 = 7.829|03A01577 = .791,9TH ST N|GRANADA BLVD|NEAPOLITAN WAY,21000,3010000,03A01577,Y,-81.80027542,26.20297498,10,2.82019285384856,On-System / Off-System,On Corridor,"452524-1, 413627-1, 412666-1, 454326-1",6,2702,0.51,100,0,1.2,Verified Match,"452524-1, 413627-1, 412666-1, 454326-1",6
9111,26280,10160000,2.258,2.308,TAMPA-ST PETERSBURG,URBAN PRIN ART OTHER,DIVIDED,,SR  580,7,HILLSBOROUGH,60500,6,45,1,PPFYA,Change Left-Turn Phasing from Protected-Permissive to Protected-Only,,PPFYA-02547,Potential Location,0.906000018,1,13357.2024403125,0.0543238031285804,0.0263858472338819,0.112351501925019,0.217154111726975,0.789547093198345,191341.499810989,,245881.20991266,11.5087093439708,116.188323877504,1551950.96323241,13357.2024403125,1538593.7607921,CIS,7,10,10160000 = 2.299|10A01146 = .748,DALE MABRY HWY|W HUMPHREY ST,32000,10160000,10A01146,Y,-82.50492555,28.0291,10,2.80700556239276,On-System / Off-System,On Corridor,438702-1,5,265,0.05,100,0,1,Verified Match,438702-1,5
119669,269093,93280000,4.038,4.164,MIAMI,URBAN PRIN ART OTHER,DIVIDED,,SR  704,4,PALM BEACH,67000,7,45,1,PPFYA,Change Left-Turn Phasing from Protected-Permissive to Protected-Only,,PPFYA-05827,Potential Location,0.906000018,1,13357.2024403125,0.0540916696626013,0.0262730966932635,0.111871407711289,0.216226180807126,0.786173244300762,190523.869914356,,246936.404877655,11.459530964787,115.691834368768,1545319.25235474,13357.2024403125,1531962.04991442,CIC,4,93,93280000 = 4.15|93A11363 = .494,MERIDIAN RD|OKEECHOBEE BLVD|WEST DR,33250,93280000,93A11363,Y,-80.13365952,26.70735352,10,2.79501082173223,On-System / Off-System,On Corridor,"445628-1, 233752-1, 451380-1",5,664,0.13,100,0,0.4,Verified Match,"445628-1, 233752-1, 451380-1",5
34288,43790,12010000,19.687,19.802,CAPE CORAL,URBAN PRIN ART OTHER,DIVIDED,US   41,SR   45,1,LEE,54000,6,45,1,PPFYA,Change Left-Turn Phasing from Protected-Permissive to Protected-Only,,PPFYA-04353,Potential Location,0.906000018,1,13357.2024403125,0.0538547704041044,0.0261580313391364,0.111381456972125,0.215279199095888,0.782730128941472,189689.453750274,,248022.642007114,11.4093429338903,115.18515173266,1538551.38981126,13357.2024403125,1525194.18737094,CIC,1,12,12010000 = 19.794,PAGEFIELD COMMONS|S CLEVELAND AVE,24750,12010000,12A02405,Y,-81.87189084,26.58626816,10,2.78276982426831,On-System / Off-System,On Corridor,456031-1,1,610,0.12,100,0,1.3,Verified Match,456031-1,1
105869,231696,87140000,13.855,13.918,MIAMI,URBAN PRIN ART OTHER,DIVIDED,US  441,SR    7,6,MIAMI-DADE,61500,6,45,1,PPFYA,Change Left-Turn Phasing from Protected-Permissive to Protected-Only,,PPFYA-03953,Potential Location,0.906000018,1,13357.2024403125,0.0535054859546033,0.0225726268870983,0.0895380866521565,0.161979498495381,0.526736428526529,134033.407114802,,249641.736767804,8.06177189156625,81.3891232777175,1087130.99606002,13357.2024403125,1073773.79361971,CIS,6,87,87140000 = 13.889|87A09450 = .008,NW 202ND TER|NW 2ND AVE,30000,87140000,87A09450,Y,-80.2057578,25.96125,10,2.4013437456933,On-System / Off-System,Off Corridor,,0,0,0,0,,,Unmatched,,0
67372,153553,75010000,5.451,5.604,KISSIMMEE,URBAN PRIN ART OTHER,DIVIDED,US   17,SR  500,5,ORANGE,40000,6,45,1,PPFYA,Change Left-Turn Phasing from Protected-Permissive to Protected-Only,,PPFYA-01374,Potential Location,0.906000018,1,13357.2024403125,0.0532445520111916,0.0224625453797215,0.0891014300062284,0.161189561752631,0.524167656166426,133379.757029331,,250865.148372455,8.02245648506126,80.9922072510936,1081829.3083406,13357.2024403125,1068472.10590029,CIS,5,75,75010000 = 5.528|75A01387 = 0,CONSULATE DR|ORANGE BLOSSOM TRL S,18750,75010000,75A01387,Y,-81.40472,28.4282198,10,2.3896329447937,On-System / Off-System,On Corridor,438547-5,1,693,0.13,85,0.1,1.4,Verified Match,438547-5,1
67268,143380,72190000,6.188,6.605,JACKSONVILLE,URBAN PRIN ART OTHER,DIVIDED,US   90,SR  212,2,DUVAL,55500,6,45,1,PPFYA,Change Left-Turn Phasing from Protected-Permissive to Protected-Only,,PPFYA-04096,Potential Location,0.906000018,1,13357.2024403125,0.0525697073565293,0.0255338578588857,0.108723712941913,0.210142284731685,0.764052905784102,185163.152631541,,254085.539219832,11.1370973205224,112.436645314189,1501839.03317124,13357.2024403125,1488481.83073092,CIS,2,72,72190000 = 6.331|72A09493 = 0,BEACH BLVD|COUNTRYSIDE VILLAGE DR|DESALVO RD,21500,72190000,72A09493,Y,-81.53351,30.28687752,10,2.71636837748391,On-System / Off-System,On Corridor,"209543-6, 447211-4",2,2192,0.42,100,0,0.8,Verified Match,"209543-6, 447211-4",2
3585,4747,01010000,19.352,19.374,1790,URBAN PRIN ART OTHER,DIVIDED,US   41,SR   45,1,CHARLOTTE,49000,6,45,1,PPFYA,Change Left-Turn Phasing from Protected-Permissive to Protected-Only,,PPFYA-00554,Potential Location,0.906000018,1,13357.2024403125,0.0519322893633688,0.0252242548336363,0.107405416637876,0.207594268390194,0.754788614724417,182918.013156877,,257204.190380526,11.0020578352246,111.073328978266,1483628.94088212,13357.2024403125,1470271.73844181,CIS,1,1,01010000 = 19.367|01A04068 = 1.332,TAMIAMI TRL|W TARPON BLVD NW,23000,1010000,01A04068,Y,-82.11263977,26.99202027,10,2.68343187912911,On-System / Off-System,On Corridor,"438262-1, 454317-1",2,116,0.02,100,0,0.8,Verified Match,"438262-1, 454317-1",2
67197,118982,57030030,23.023,23.034,1460,URBAN PRIN ART OTHER,DIVIDED,US   98,SR   30,3,OKALOOSA,53500,8,45,1,PPFYA,Change Left-Turn Phasing from Protected-Permissive to Protected-Only,,PPFYA-01727,Potential Location,0.906000018,1,13357.2024403125,0.0516372469657457,0.0250809485262193,0.10679521531552,0.206414865143591,0.750500441695327,181878.802873028,,258673.791210697,10.9395519537723,110.442289182111,1475200.01457699,13357.2024403125,1461842.81213667,CIS,3,57,57030030 = 23.033|57A00270 = .49,CRYSTAL BEACH DR|EMERALD COAST PKWY|LEGENDARY DR,25250,57030030,57A00270,Y,-86.42181347,30.38954507,10,2.66818652435692,On-System / Off-System,On Corridor,"453548-1, 454276-1",2,58,0.01,100,0.1,1.7,Verified Parallel Fallback,"453548-1, 454276-1",2
59815,115932,55005000,0.108,0.337,TALLAHASSEE,URBAN MINOR ART,DIVIDED,,SR  265,3,LEON,28000,6,40,1,PPFYA,Change Left-Turn Phasing from Protected-Permissive to Protected-Only,,PPFYA-02467,Potential Location,0.906000018,1,13357.2024403125,0.0509166879961332,0.024730962740979,0.105304968355639,0.20353450084688,0.740027772125617,179340.820883409,,262334.471584776,10.7868987286873,108.90115004765,1454614.70716931,13357.2024403125,1441257.504729,SI,3,55,55005000 = .198|55A05180 = .142,GOVERNORS SQUARE BLVD|S MAGNOLIA DR,12750,55005000,55A05180,Y,-84.26176762,30.43974063,10,2.63095398688257,On-System / Off-System,Off Corridor,,0,0,0,0,,,Unmatched,,0
12902,29150,10150000,4.864,5.944,TAMPA-ST PETERSBURG,URBAN PRIN ART OTHER,DIVIDED,,SR  580,7,HILLSBOROUGH,46500,6,45,1,PPFYA,Change Left-Turn Phasing from Protected-Permissive to Protected-Only,,PPFYA-03227,Potential Location,0.906000018,1,13357.2024403125,0.0507188262075088,0.0246348584436471,0.104895754201893,0.202743567619107,0.737152030902315,178643.904076958,,263357.877914276,10.7449809378771,108.477961164404,1448962.0875853,13357.2024403125,1435604.88514499,CIS,7,10,10150000 = 5.649|10A21722 = .825,HILLSBOROUGH AVE|TOWN N COUNTRY BLVD,23250,10150000,10A21722,Y,-82.56886502,27.99661473,10,2.62073012350653,On-System / Off-System,On Corridor,446271-1,1,5536,1.05,97,0,0.6,Verified Match,446271-1,1
29791,76836,17010000,13.2,13.455,215,URBAN PRIN ART OTHER,DIVIDED,US   41,SR   45,1,SARASOTA,55500,6,45,1,PPFYA,Change Left-Turn Phasing from Protected-Permissive to Protected-Only,,PPFYA-01096,Potential Location,0.906000018,1,13357.2024403125,0.0502748351129697,0.0212096960632841,0.0841317943843603,0.152199207861529,0.494932185358228,125940.496046396,,265683.664805629,7.57500367178698,76.4748638344882,1021490.23783259,13357.2024403125,1008133.03539228,CIS,1,17,17010000 = 13.392|17A08874 = 1.303,ALLIGATOR RD|TAMIAMI TRL S,23000,17010000,17A08874,Y,-82.41226795,27.05638259,10,2.25635107709745,On-System / Off-System,On Corridor,456052-1,1,1351,0.26,100,0,0.9,Verified Match,456052-1,1
1449,2696,03010000,14.341,14.359,BONITA SPRINGS,URBAN PRIN ART OTHER,DIVIDED,US   41,SR   90,1,COLLIER,43163,6,45,1,PPFYA,Change Left-Turn Phasing from Protected-Permissive to Protected-Only,,PPFYA-03275,Potential Location,0.906000018,1,13357.2024403125,0.0499212372166232,0.0210605219507629,0.0835400704046929,0.151128745480012,0.49145117981771,125054.719009698,,267565.532928433,7.5217264137484,75.9369933290058,1014305.79260419,13357.2024403125,1000948.59016388,CIS,1,3,03010000 = 14.359|03A00788 = .013,COURTHOUSE SHADOWS|TAMIAMI TRL E,22166,3010000,03A00788,Y,-81.76406525,26.12491356,10,2.24048148762017,On-System / Off-System,On Corridor,452524-1,1,95,0.02,100,0,1,Verified Match,452524-1,1
88867,196707,86006000,4.875,4.885,MIAMI,URBAN PRIN ART OTHER,DIVIDED,,SR  842,4,BROWARD,44500,6,40,1,PPFYA,Change Left-Turn Phasing from Protected-Permissive to Protected-Only,,PPFYA-06018,Potential Location,0.906000018,1,13357.2024403125,0.0494456258581197,0.0240164468453724,0.102262544388384,0.197654073235445,0.718647221278808,129471.976204364,,270139.212690723,10.4752484833382,78.6192849912484,1050133.70534073,13357.2024403125,1036776.50290041,CIS,4,86,86006000 = 4.885|86A06179 = .818,SW 24TH AVE|W BROWARD BLVD,21000,86006000,86A06179,Y,-80.17393,26.12163225,10,2.55494164300717,On-System / Off-System,On Corridor,446999-1,2,53,0.01,100,0.5,0.4,Verified Parallel Fallback,446999-1,2
101737,227274,87044000,4.32,4.536,MIAMI,URBAN PRIN ART OTHER,DIVIDED,,SR  976,6,MIAMI-DADE,60500,6,40,1,PPFYA,Change Left-Turn Phasing from Protected-Permissive to Protected-Only,,PPFYA-06325,Potential Location,0.906000018,1,13357.2024403125,0.0491417597408932,0.0207316798906893,0.082235663566401,0.148768999215595,0.483777589449215,91515.4333044481,,271809.607770259,7.4042810809599,55.5709284973246,742272.141734895,13357.2024403125,728914.939294582,CIS,6,87,87044000 = 4.438|87A19156 = .473,BIRD RD|SW 40TH ST|SW 74TH AVE,30000,87044000,87A19156,Y,-80.31506996,25.73303662,10,2.20549828304109,On-System / Off-System,Off Corridor,,0,0,0,0,,,Unmatched,,0
30106,75616,16210000,3.19769201580701,3.496,LAKELAND,URBAN PRIN ART OTHER,DIVIDED,US   98,SR   35,1,POLK,64000,7,45,1,PPFYA,Change Left-Turn Phasing from Protected-Permissive to Protected-Only,,PPFYA-01473,Potential Location,0.906000018,1,13357.2024403125,0.0482584265980242,0.0234398072047546,0.0998072004640956,0.192908359829505,0.701392359305375,169977.784911868,,276784.872237409,10.2237356946353,103.21563249389,1378672.09822579,13357.2024403125,1365314.89578547,CIS,1,16,16210000 = 3.348|16A04297 = .07,LAKELAND PARK CENTER DR|US-98,30000,16210000,16A04297,Y,-81.97265474,28.08793002,10,2.4935969886414,On-System / Off-System,On Corridor,445468-1,1,1580,0.3,100,0,1.6,Verified Match,445468-1,1
66695,137697,72028000,2.849,3.011,JACKSONVILLE,URBAN MINOR ART,DIVIDED,,SR  152,2,DUVAL,46000,6,45,1,PPFYA,Change Left-Turn Phasing from Protected-Permissive to Protected-Only,,PPFYA-03448,Potential Location,0.906000018,1,13357.2024403125,0.0481888526971459,0.0203296722316084,0.0806410331853802,0.145884222032375,0.4743966662787,120715.025697213,,277184.487546507,7.26070478997779,73.3018007930521,979106.992432256,13357.2024403125,965749.789991943,CIS,2,72,72028000 = 3.004|72A11982 = 1.599,BAYMEADOWS RD|WESTERN WAY,24250,72028000,72A11982,Y,-81.56737,30.2208564,10,2.16273150260906,On-System / Off-System,On Corridor,"447123-2, 435577-2, 440389-2",6,854,0.16,100,0,0.8,Verified Match,"447123-2, 435577-2, 440389-2",6
40008,90926,29010000,8.13044834798464,8.217,LAKE CITY,URBAN MINOR ART,DIVIDED,US   90,SR   10,2,COLUMBIA,33000,6,45,1,PPFYA,Change Left-Turn Phasing from Protected-Permissive to Protected-Only,,PPFYA-01493,Potential Location,0.906000018,1,13357.2024403125,0.0480444808937463,0.0233358907198196,0.0993647218484298,0.192053132715521,0.69828285298979,169224.216686209,,278017.416190902,10.1784104636293,102.758043161972,1372559.98488483,13357.2024403125,1359202.78244452,SI,2,29,29010000 = 8.215|29A00931 = .86,NW COMMONS LOOP|SW FAITH RD|US-90,17750,29010000,29A00931,Y,-82.66387473,30.17950156,10,2.48254204131865,On-System / Off-System,Off Corridor,,0,0,0,0,,,Unmatched,,0
91577,202303,86065000,5.222,5.341,MIAMI,URBAN PRIN ART OTHER,DIVIDED,,SR  845,4,BROWARD,45500,6,45,1,PPFYA,Change Left-Turn Phasing from Protected-Permissive to Protected-Only,,PPFYA-06114,Potential Location,0.906000018,1,13357.2024403125,0.0476194104646416,0.0200894387897707,0.0796881071994237,0.144160324648817,0.468790774425742,88680.4014620507,,280499.113911343,7.17490586110218,53.8494117420316,719277.493930056,13357.2024403125,705920.291489744,CIC,4,86,86065000 = 5.27|86A06001 = .985,S POWERLINE RD|SW 14TH ST,21000,86065000,86A06001,Y,-80.15618,26.21306475,10,2.13717474858354,On-System / Off-System,On Corridor,451576-3,3,631,0.12,100,0,0.5,Verified Match,451576-3,3
68457,141739,72100000,8.12699592541616,8.378,JACKSONVILLE,URBAN PRIN ART OTHER,DIVIDED,USA  90,SR   10,2,DUVAL,69000,6,45,1,PPFYA,Change Left-Turn Phasing from Protected-Permissive to Protected-Only,,PPFYA-00875,Potential Location,0.906000018,1,13357.2024403125,0.0471717434254337,0.0229119896637821,0.0975597420844196,0.188564449692837,0.685598407285564,166150.22542435,,283161.093280913,9.99351763069147,100.891423047244,1347627.16213325,13357.2024403125,1334269.95969294,CIS,2,72,72100000 = 8.275|72A07510 = 1.439,ATLANTIC BLVD|MINDANAO DR,25250,72100000,72A07510,Y,-81.51785,30.32459725,10,2.437446175658,On-System / Off-System,Off Corridor,,0,0,0,0,,,Unmatched,,0
61186,133038,71070000,10.0050429380587,11.6403284739776,JACKSONVILLE,URBAN PRIN ART OTHER,DIVIDED,,SR   21,2,CLAY,62000,6,45,1,PPFYA,Change Left-Turn Phasing from Protected-Permissive to Protected-Only,,PPFYA-01770,Potential Location,0.906000018,1,13357.2024403125,0.0468369765895221,0.0227493886291965,0.0968673834010572,0.18722625187344,0.680732875659077,164971.096114889,,285184.984448817,9.92259597221724,100.175420202924,1338063.36719383,13357.2024403125,1324706.16475352,CIS,2,71,71070000 = 11.269|71A00715 = .287,BLANDING BLVD|FILMORE ST,31250,71070000,71A00715,Y,-81.75632396,30.14843447,10,2.42014818994289,On-System / Off-System,Off Corridor,,0,0,0,0,,,Unmatched,,0
91184,202138,86040000,11.199,11.22,MIAMI,URBAN PRIN ART OTHER,DIVIDED,,SR  820,4,BROWARD,58500,6,45,1,PPFYA,Change Left-Turn Phasing from Protected-Permissive to Protected-Only,,PPFYA-05831,Potential Location,0.906000018,1,13357.2024403125,0.0465502546683872,0.0226101236960738,0.0962743903368917,0.186080108921163,0.676565633191673,163961.192550354,,286941.554572923,9.8618528161264,99.5621763297594,1329872.14463469,13357.2024403125,1316514.94219437,CIS,4,86,86040000 = 11.206,NW 83RD AVE|PINES BLVD|SW 83RD AVE,22750,86040000,86A36875,Y,-80.25228496,26.00904423,10,2.40533276868859,On-System / Off-System,On Corridor,454776-1,1,83,0.02,75,1.1,258.1,Verified Match,454776-1,1
78310,201361,86028000,0.469,0.707,MIAMI,URBAN PRIN ART OTHER,DIVIDED,,SR  834,4,BROWARD,31000,6,45,1,PPFYA,Change Left-Turn Phasing from Protected-Permissive to Protected-Only,,PPFYA-06457,Potential Location,0.906000018,1,13357.2024403125,0.0459078291870673,0.0222980884622898,0.0949457376368891,0.183512075633497,0.667228562843853,120208.355439916,,290956.96043226,9.72575247495236,72.9941353466538,974997.442780825,13357.2024403125,961640.240340512,CIS,4,86,86028000 = .644|86A11838 = .321,NW 85TH AVE|W SAMPLE RD,18500,86028000,86A11838,Y,-80.23978499,26.27225488,10,2.37213752469546,On-System / Off-System,Off Corridor,,0,0,0,0,,,Unmatched,,0
18630,64284,15040000,4.947,5.594,TAMPA-ST PETERSBURG,URBAN PRIN ART OTHER,DIVIDED,,SR   60,7,PINELLAS,55000,6,45,1,PPFYA,Change Left-Turn Phasing from Protected-Permissive to Protected-Only,,PPFYA-04086,Potential Location,0.906000018,1,13357.2024403125,0.0457329261829056,0.0192935782334133,0.076531193659206,0.138449288249031,0.450219220961557,114562.830413789,,292069.708963982,6.89066573721497,69.5660024489698,929207.177674165,13357.2024403125,915849.975233852,SI,7,15,15040000 = 4.954|15A03511 = 0,GULF TO BAY BLVD|HAMPTON RD,25750,15040000,15A03511,Y,-82.72146064,27.96063463,10,2.05250871573712,On-System / Off-System,On Corridor,"447918-1, 454711-1, 438702-1",9,3410,0.65,100,0,0.7,Verified Match,"447918-1, 454711-1, 438702-1",9
62614,135962,71070000,8.27,10.003,JACKSONVILLE,URBAN PRIN ART OTHER,DIVIDED,,SR   21,2,CLAY,51000,6,45,1,PPFYA,Change Left-Turn Phasing from Protected-Permissive to Protected-Only,,PPFYA-02237,Potential Location,0.906000018,1,13357.2024403125,0.045700427270073,0.0221973503883212,0.0945167927631055,0.182683006671798,0.664214164527538,160967.896065036,,292277.40829153,9.6818135707777,97.7445565147108,1305593.82880556,13357.2024403125,1292236.62636525,CIS,2,71,71070000 = 9.301|71A06624 = .537,BLANDING BLVD|JEFFERSON AVE,24250,71070000,71A06624,Y,-81.78350303,30.13237259,10,2.36142070626366,On-System / Off-System,Off Corridor,,0,0,0,0,0,149.6,No Match - Low Target Ratio,,0
66709,143084,72220000,7.028,7.625,JACKSONVILLE,URBAN MINOR ART,DIVIDED,,SR  134,2,DUVAL,49500,6,45,1,PPFYA,Change Left-Turn Phasing from Protected-Permissive to Protected-Only,,PPFYA-04449,Potential Location,0.906000018,1,13357.2024403125,0.0455933401450627,0.0192346903736983,0.0762976051490034,0.13802671332978,0.44884506184995,114213.161741429,,292963.89336281,6.86963404716938,69.3536730954625,926371.051515347,13357.2024403125,913013.849075034,CIS,2,72,72220000 = 7.391|72A11096 = .012,103RD ST|LA VENTURA DR E,22750,72220000,72A11096,Y,-81.76832,30.24835859,10,2.04624404861039,On-System / Off-System,Off Corridor,,0,0,0,0,,,Unmatched,,0
19556,61491,15061000,1.127,1.243,TAMPA-ST PETERSBURG,URBAN PRIN ART OTHER,DIVIDED,,SR  694,7,PINELLAS,51000,6,45,1,PPFYA,Change Left-Turn Phasing from Protected-Permissive to Protected-Only,,PPFYA-01654,Potential Location,0.906000018,1,13357.2024403125,0.0452432490275421,0.0219752923848062,0.0935712650342348,0.180855481177629,0.657569494388936,118468.171043286,,295230.840565434,9.5849585788836,71.937442948601,960882.988502894,13357.2024403125,947525.786062582,CIS,7,15,15061000 = 1.191|15A04429 = .376,52ND ST N|PARK BLVD N,23500,15061000,15A04429,Y,-82.70397,27.83922018,10,2.33779750987677,On-System / Off-System,Off Corridor,,0,0,0,0,,,Unmatched,,0
110732,270649,93200000,4.755,4.857,MIAMI,URBAN PRIN ART OTHER,DIVIDED,,SR  804,4,PALM BEACH,47500,6,45,1,PPFYA,Change Left-Turn Phasing from Protected-Permissive to Protected-Only,,PPFYA-04831,Potential Location,0.906000018,1,13357.2024403125,0.0449449251285587,0.0175927278360358,0.0588136448825139,0.0909171628314844,0.285464481602245,76026.8754919061,,297190.448134157,4.57282509665135,46.1658095174025,616646.063544851,13357.2024403125,603288.861104539,CIC,4,93,93200000 = 4.799,CEDAR POINT BLVD|PLATINA AVE|W BOYNTON BEACH BLVD,18500,93200000,93A01835,Y,-80.12786524,26.52805139,10,1.87156714945284,On-System / Off-System,Off Corridor,,0,0,0,0,,,Unmatched,,0
99252,223531,87030000,23.802,23.892,MIAMI,URBAN PRIN ART OTHER,DIVIDED,US    1,SR    5,6,MIAMI-DADE,74500,8,45,1,PPFYA,Change Left-Turn Phasing from Protected-Permissive to Protected-Only,,PPFYA-06141,Potential Location,0.906000018,1,13357.2024403125,0.0449102484932237,0.0189465110830788,0.0751544939628791,0.135958760086908,0.442120344736806,112501.989516111,,297419.918358454,6.76671134718994,68.3145977619784,912491.911935265,13357.2024403125,899134.709494952,CIS,6,87,87030000 = 23.803|87A01078 = .754,BISCAYNE BLVD|NE 191ST ST,37250,87030000,87A01078,Y,-80.14667918,25.95215718,10,2.01558667139732,On-System / Off-System,On Corridor,"458150-1, 449271-1",2,477,0.09,100,0,0.4,Verified Match,"458150-1, 449271-1",2
119683,269128,93280000,6.259,6.951,MIAMI,URBAN PRIN ART OTHER,DIVIDED,,SR  704,4,PALM BEACH,45000,8,45,1,PPFYA,Change Left-Turn Phasing from Protected-Permissive to Protected-Only,,PPFYA-06214,Potential Location,0.906000018,1,13357.2024403125,0.0448478597110901,0.0189201908156161,0.0750500902352773,0.135769887797245,0.441506156421442,83519.0138871268,,297833.665337869,6.7573111124069,50.7152616919642,677414.017232991,13357.2024403125,664056.814792678,CIS,4,93,93280000 = 6.835|93A11700 = .601,LOXAHATCHEE DR|OKEECHOBEE BLVD,24000,93280000,93A11700,Y,-80.09025441,26.70643309,10,2.01278664240767,On-System / Off-System,On Corridor,"447545-1, 233752-1, 451380-1",6,3649,0.69,100,0,0.4,Verified Match,"447545-1, 233752-1, 451380-1",6
6156,20500,10110000,8.119,8.238,TAMPA-ST PETERSBURG,URBAN PRIN ART OTHER,DIVIDED,,SR   60,7,HILLSBOROUGH,61000,8,45,1,PPFYA,Change Left-Turn Phasing from Protected-Permissive to Protected-Only,,PPFYA-03599,Potential Location,0.906000018,1,13357.2024403125,0.0444583643785443,0.0215940626981501,0.0919479808738074,0.177717981243064,0.646161909547251,156593.051837688,,300442.956618501,9.41867770800127,95.088019284142,1270109.92322662,13357.2024403125,1256752.72078631,CIS,7,10,10110000 = 8.182|10A15295 = .252,N HILLTOP RD|S HILLTOP RD|W BRANDON BLVD,36000,10110000,10A15295,Y,-82.30618,27.93772073,10,2.2972411524664,On-System / Off-System,On Corridor,"447012-1, 445362-2, 451454-1, 456058-1, 438702-1",10,628,0.12,100,0,0.8,Verified Match,"447012-1, 445362-2, 451454-1, 456058-1, 438702-1",10
14765,41893,12010000,18.402,18.725,CAPE CORAL,URBAN PRIN ART OTHER,DIVIDED,US   41,SR   45,1,LEE,53000,6,45,1,PPFYA,Change Left-Turn Phasing from Protected-Permissive to Protected-Only,,PPFYA-02248,Potential Location,0.906000018,1,13357.2024403125,0.0440279939471738,0.0213850256314844,0.091057896572564,0.175997617362858,0.639906866573128,155077.183671797,,303379.764618368,9.32750205534752,94.1675384601279,1257814.87451784,13357.2024403125,1244457.67207753,CIS,1,12,12010000 = 18.718|12A14271 = .478,PALM DR|PALM POINT DR|S CLEVELAND AVE,25000,12010000,12A14271,Y,-81.87202757,26.57061,10,2.27500316239256,On-System / Off-System,On Corridor,456031-1,1,1712,0.32,100,0,1.2,Verified Match,456031-1,1
105756,231380,87140000,14,14.036,MIAMI,URBAN PRIN ART OTHER,DIVIDED,US  441,SR    7,6,MIAMI-DADE,61500,6,45,1,PPFYA,Change Left-Turn Phasing from Protected-Permissive to Protected-Only,,PPFYA-05192,Potential Location,0.906000018,1,13357.2024403125,0.0439040842406134,0.0185220355390088,0.0734707409714015,0.132912755025295,0.432215129309352,109981.507354545,,304235.987866396,6.61511069269118,66.7840850503882,892048.543809083,13357.2024403125,878691.34136877,CIS,6,87,87140000 = 14.003|87A09389 = .009,NW 204TH ST|NW 2ND AVE,30000,87140000,87A09389,Y,-80.20579665,25.96291,10,1.97042968997683,On-System / Off-System,Off Corridor,,0,0,0,0,,,Unmatched,,0
92851,207010,86220000,8.361,8.376,MIAMI,URBAN PRIN ART OTHER,DIVIDED,,SR  817,4,BROWARD,61500,7,45,1,PPFYA,Change Left-Turn Phasing from Protected-Permissive to Protected-Only,,PPFYA-06186,Potential Location,0.906000018,1,13357.2024403125,0.0435228711986519,0.0183612112869313,0.0728328047714941,0.131758692105294,0.428462265604854,81051.5219112892,,306900.764412947,6.55767260888438,49.2169262177624,657400.446980577,13357.2024403125,644043.244540264,CIS,4,86,86220000 = 8.376,S 2300 BLOCK|S UNIVERSITY DR,33000,86220000,86A21069,Y,-80.2512681,26.09269,10,1.95332072371368,On-System / Off-System,On Corridor,"446998-1, 445624-1",2,79,0.02,100,0,0.5,Verified Match,"446998-1, 445624-1",2
25964,63850,15150000,8.49170986271965,8.843,TAMPA-ST PETERSBURG,URBAN PRIN ART OTHER,DIVIDED,US   19,SR   55,7,PINELLAS,53500,6,45,1,PPFYA,Change Left-Turn Phasing from Protected-Permissive to Protected-Only,,PPFYA-01810,Potential Location,0.906000018,1,13357.2024403125,0.0434612489400462,0.0211097494851653,0.0898857648532773,0.173732109399301,0.631669743117262,153080.971451207,,307335.908794026,9.2074349174901,92.9553782531512,1241623.80524316,13357.2024403125,1228266.60280285,CIS,7,15,15150000 = 8.641|15A04587 = .211,34TH ST N|66TH AVE N,25750,15150000,15A04587,Y,-82.67996001,27.832,10,2.24571846036793,On-System / Off-System,On Corridor,"454084-1, 438702-1",7,1860,0.35,100,0,0.9,Verified Match,"454084-1, 438702-1",7
58937,121720,57030030,21.467,21.481,1460,URBAN PRIN ART OTHER,DIVIDED,US   98,SR   30,3,OKALOOSA,55000,6,45,1,PPFYA,Change Left-Turn Phasing from Protected-Permissive to Protected-Only,,PPFYA-03927,Potential Location,0.906000018,1,13357.2024403125,0.0433403432160862,0.0210510238478133,0.0896357098332693,0.173248800544303,0.629912488333799,152655.112412887,,308193.277882369,9.18182056880794,92.6967838137882,1238169.70696665,13357.2024403125,1224812.50452634,CIS,3,57,57030030 = 21.481|57A00290 = .012,EMERALD COAST PKWY|HENDERSON BEACH RD,27500,57030030,57A00290,Y,-86.44746274,30.38716071,10,2.23947105094268,On-System / Off-System,Off Corridor,,0,0,0,0,,,Unmatched,,0
89711,193227,86006000,0.881,0.899,MIAMI,URBAN PRIN ART OTHER,DIVIDED,,SR  842,4,BROWARD,45000,6,45,1,PPFYA,Change Left-Turn Phasing from Protected-Permissive to Protected-Only,,PPFYA-04664,Potential Location,0.906000018,1,13357.2024403125,0.0433256162081586,0.0182779943378169,0.0725027108733404,0.131161533442668,0.426520382686724,108532.42152879,,308298.037265936,6.52795182961364,65.9041564754822,880295.159701047,13357.2024403125,866937.957260735,CIS,4,86,86006000 = .897|86A16687 = 1.011,NW 69TH AVE|W BROWARD BLVD,19750,86006000,86A16687,Y,-80.23804,26.12090818,10,1.94446785509139,On-System / Off-System,Off Corridor,,0,0,0,0,,,Unmatched,,0
82246,170223,77010000,1.042,1.3,ORLANDO,URBAN PRIN ART OTHER,DIVIDED,US   17,SR   15,5,SEMINOLE,54000,6,45,1,PPFYA,Change Left-Turn Phasing from Protected-Permissive to Protected-Only,,PPFYA-01556,Potential Location,0.906000018,1,13357.2024403125,0.0433253667164508,0.0182778890835027,0.0725022933645606,0.131160778145505,0.42651792655781,108531.796541968,,308299.812618567,6.52791423823023,65.9037769646526,880290.090498068,13357.2024403125,866932.888057756,CIS,5,77,77010000 = 1.277|77A05833 = .444,PRAIRIE LAKE DR|US-17-92,27750,77010000,77A05833,Y,-81.34587228,28.65531904,10,1.94445665782177,On-System / Off-System,Off Corridor,,0,0,0,0,,,Unmatched,,0
93331,223554,87062000,5.285,5.41,MIAMI,URBAN MINOR ART,DIVIDED,,SR  959,6,MIAMI-DADE,38000,6,40,1,PPFYA,Change Left-Turn Phasing from Protected-Permissive to Protected-Only,,PPFYA-06388,Potential Location,0.906000018,1,13357.2024403125,0.0431130187720415,0.0168756673479134,0.0564164645645571,0.0872114779731582,0.273829259229281,54215.5422462832,,309818.305949259,4.38644170992113,32.9213107868817,439736.612780823,13357.2024403125,426379.41034051,CIC,6,87,87062000 = 5.347|87A04937 = 1.2,BLUE LAGOON DR|N RED RD|NW 57TH AVE,17000,87062000,87A04937,Y,-80.28847518,25.78192,10,1.79528410419412,On-System / Off-System,Off Corridor,,0,0,0,0,,,Unmatched,,0
34777,83921,17020000,16.412,17.025,215,URBAN PRIN ART OTHER,DIVIDED,US   41,SR   45,1,SARASOTA,58500,6,40,1,PPFYA,Change Left-Turn Phasing from Protected-Permissive to Protected-Only,,PPFYA-01785,Potential Location,0.906000018,1,13357.2024403125,0.0431072516402494,0.0209378079395497,0.0891536340741522,0.17231703967362,0.626524714180443,112875.122151687,,309859.755193505,9.13243921031791,68.541175140929,915518.351854303,13357.2024403125,902161.149413991,SI,1,17,17020000 = 16.653|17A02285 = .501,S TAMIAMI TRL|WALDEMERE ST,28500,17020000,17A02285,Y,-82.52972001,27.31915941,10,2.22742680307638,On-System / Off-System,On Corridor,"452784-1, 456052-1, 453537-1, 413659-1",6,3250,0.62,100,0,1.1,Verified Match,"452784-1, 456052-1, 453537-1, 413659-1",6
73818,142940,72190000,11.425,11.466,JACKSONVILLE,URBAN PRIN ART OTHER,DIVIDED,US   90,SR  212,2,DUVAL,44500,6,45,1,PPFYA,Change Left-Turn Phasing from Protected-Permissive to Protected-Only,,PPFYA-02505,Potential Location,0.906000018,1,13357.2024403125,0.0430644759809024,0.020917031190724,0.08906516623323,0.172146048141841,0.625903008858798,151683.441662887,,310167.536840247,9.12337702022683,92.1067560575786,1230288.58678156,13357.2024403125,1216931.38434124,CIC,2,72,72190000 = 11.434,BEACH BLVD|SUNI PINES BLVD|SUNI PINES DR,18250,72190000,72A01370,Y,-81.44838997,30.28778279,10,2.22521651022487,On-System / Off-System,Off Corridor,,0,0,0,0,,,Unmatched,,0
35809,44331,12010000,15.354,15.376,CAPE CORAL,URBAN PRIN ART OTHER,DIVIDED,US   41,SR   45,1,LEE,69500,6,45,1,PPFYA,Change Left-Turn Phasing from Protected-Permissive to Protected-Only,,PPFYA-04165,Potential Location,0.906000018,1,13357.2024403125,0.0428731709422864,0.0208241116005391,0.0886695126306378,0.171381324883581,0.623122564036185,151009.619306902,,311551.540199657,9.08284830245172,91.6975908205,1224823.28387836,13357.2024403125,1211466.08143805,CIS,1,12,12010000 = 15.362|12A00188 = .022,JAMAICA BAY BLVD|S TAMIAMI TRL|SR-45,32750,12010000,12A00188,Y,-81.8697423,26.52205316,10,2.21533144554635,On-System / Off-System,On Corridor,456031-1,1,116,0.02,100,0,1.1,Verified Match,456031-1,1
72628,159574,75030000,7.661,7.678,ORLANDO,URBAN PRIN ART OTHER,DIVIDED,US   17,SR   15,5,ORANGE,36500,6,40,1,PPFYA,Change Left-Turn Phasing from Protected-Permissive to Protected-Only,,PPFYA-00519,Potential Location,0.906000018,1,13357.2024403125,0.0427141386440423,0.020746867341392,0.0883406049229057,0.170745608761509,0.620811174156024,111845.766862777,,312711.501726034,9.04915669046236,67.9161195946355,907169.358386021,13357.2024403125,893812.155945709,CIS,5,75,75030000 = 7.677|75A03788 = .323,E PACKWOOD AVE|ORLANDO AVE S,17750,75030000,75A03788,Y,-81.36350508,28.62579,10,2.20711396959544,On-System / Off-System,On Corridor,452910-1,1,90,0.02,100,0,1.2,Verified Match,452910-1,1
104385,227193,87030000,24.905,24.994,MIAMI,URBAN PRIN ART OTHER,DIVIDED,US    1,SR    5,6,MIAMI-DADE,53500,6,45,1,PPFYA,Change Left-Turn Phasing from Protected-Permissive to Protected-Only,,PPFYA-03983,Potential Location,0.906000018,1,13357.2024403125,0.042500151588348,0.0206429307714833,0.0878980407849924,0.169890216349266,0.617701066835194,149695.755428996,,314285.995252181,9.00382269899771,90.8997730866165,1214166.67089641,13357.2024403125,1200809.46845609,CIC,6,87,87030000 = 24.905|87A05874 = .142,BISCAYNE BLVD|NE 207TH ST|NE 208TH ST,22500,87030000,87A05874,Y,-80.14508411,25.9678347,10,2.19605688557295,On-System / Off-System,On Corridor,433511-2,1,235,0.04,50,2.2,181.4,Verified Match,433511-2,1
112169,246149,89010000,21.036,21.056,PORT SAINT LUCIE,URBAN PRIN ART OTHER,DIVIDED,US    1,SR    5,4,MARTIN,52500,6,45,1,PPFYA,Change Left-Turn Phasing from Protected-Permissive to Protected-Only,,PPFYA-06426,Potential Location,0.906000018,1,13357.2024403125,0.0422949422577684,0.017843178764996,0.0707779424344843,0.128041329100666,0.416373880773546,78764.7814753638,,315810.868328096,6.37265825299469,47.8283485247082,638852.93363035,13357.2024403125,625495.731190037,CIS,4,89,89010000 = 21.043|89A03060 = .203,NW FEDERAL HWY|NW RIVER SHORES BLVD,23250,89010000,89A03060,Y,-80.26201146,27.21812028,10,1.89821087040166,On-System / Off-System,On Corridor,444416-1,1,106,0.02,100,0,0.8,Verified Match,444416-1,1
40813,86635,26090000,13.321,13.3460339418087,GAINESVILLE,URBAN PRIN ART OTHER,DIVIDED,,SR   24,2,ALACHUA,48500,6,45,1,PPFYA,Change Left-Turn Phasing from Protected-Permissive to Protected-Only,,PPFYA-02267,Potential Location,0.906000018,1,13357.2024403125,0.0422605090115585,0.0205265329484713,0.0874024163648141,0.16893226849036,0.614218079838446,148851.676638103,,316068.186416288,8.95305348543248,90.3872230123709,1207320.43579391,13357.2024403125,1193963.2333536,CIS,2,26,26090000 = 13.327,SR-24|SW 35TH BLVD,45500,26090000,26A00020,Y,-82.37611998,29.62349998,10,2.18367413607284,On-System / Off-System,Off Corridor,,0,0,0,0,2.7,279,No Match - Low Overlap,,0
113647,270323,93190000,15.578,15.72,MIAMI,URBAN PRIN ART OTHER,DIVIDED,,SR  706,4,PALM BEACH,40500,6,45,1,PPFYA,Change Left-Turn Phasing from Protected-Permissive to Protected-Only,,PPFYA-05697,Potential Location,0.906000018,1,13357.2024403125,0.0421565689319856,0.0204760477669644,0.0871874493820612,0.168516778146301,0.612707405272836,110385.786303549,,316847.475463733,8.93103337461362,67.0295754093024,895327.608230244,13357.2024403125,881970.405789932,CIS,4,93,93190000 = 15.671|93A05395 = .535,N LOXAHATCHEE DR|S LOXAHATCHEE DR|W INDIANTOWN RD,22000,93190000,93A05395,Y,-80.09972,26.93406485,10,2.17830337105431,On-System / Off-System,Off Corridor,,0,0,0,0,,,Unmatched,,0
117129,256715,92090000,7.464,7.48,KISSIMMEE,URBAN PRIN ART OTHER,DIVIDED,US  192,SR  530,5,OSCEOLA,39500,6,45,1,PPFYA,Change Left-Turn Phasing from Protected-Permissive to Protected-Only,,PPFYA-05051,Potential Location,0.906000018,1,13357.2024403125,0.0420884203460306,0.016474610249732,0.0550757043385201,0.085138861728542,0.267321595512075,71194.9365617131,,317360.507486288,4.28219613863472,43.2317106108289,577454.710469847,13357.2024403125,564097.508029535,CIC,5,92,92090000 = 7.479|92A08236 = .019,SERALAGO BLVD|W IRLO BRONSON MEMORIAL HWY,15000,92090000,92A08236,Y,-81.51180625,28.33280937,10,1.7526184472814,On-System / Off-System,Off Corridor,,0,0,0,0,,,Unmatched,,0
33397,75168,16250000,24.42,24.425952313803,LAKELAND,URBAN MINOR ART,DIVIDED,,SR   37,1,POLK,41500,6,45,1,PPFYA,Change Left-Turn Phasing from Protected-Permissive to Protected-Only,,PPFYA-03006,Potential Location,0.906000018,1,13357.2024403125,0.0418386662585472,0.0203216378970087,0.0865299688529045,0.167245993173777,0.60808697891684,147365.84500635,,319254.977148889,8.86368445466385,89.4849812768975,1195269.01028309,13357.2024403125,1181911.80784278,CIC,1,16,16250000 = 24.423|16A06691 = 1.001,E ALAMO DR|S FLORIDA AVE|W ALAMO DR,20250,16250000,16A06691,Y,-81.95691,27.9821105,10,2.1618767859986,On-System / Off-System,On Corridor,413654-1,2,32,0.01,100,0.3,2.3,Verified Parallel Fallback,413654-1,2
94517,202990,86020000,7.612,7.627,MIAMI,URBAN PRIN ART OTHER,DIVIDED,US    1,SR    5,4,BROWARD,42500,6,45,1,PPFYA,Change Left-Turn Phasing from Protected-Permissive to Protected-Only,,PPFYA-04869,Potential Location,0.906000018,1,13357.2024403125,0.0411546104378763,0.0173621012784791,0.0688696684046336,0.12458915269279,0.405147848537249,76641.1709014138,,324561.508375239,6.20084231956939,46.5388281990103,621628.549589104,13357.2024403125,608271.347148792,CIS,4,86,86020000 = 7.618|86A02906 = .009,S FEDERAL HWY|SE 12TH ST,22750,86020000,86A02906,Y,-80.1058772,26.21539248,10,1.84703240458908,On-System / Off-System,On Corridor,"457344-1, 457345-1",2,79,0.02,100,0,0.6,Verified Match,"457344-1, 457345-1",2
8988,26184,10160000,1.277,1.559,TAMPA-ST PETERSBURG,URBAN PRIN ART OTHER,DIVIDED,,SR  580,7,HILLSBOROUGH,73500,6,45,1,PPFYA,Change Left-Turn Phasing from Protected-Permissive to Protected-Only,,PPFYA-02833,Potential Location,0.906000018,1,13357.2024403125,0.0410663040018298,0.0199464905151745,0.0849325832765116,0.164158550282639,0.596861395662958,144645.399380555,,325259.425336094,8.70005650137466,87.8330447248515,1173203.75933886,13357.2024403125,1159846.55689855,SI,7,10,10160000 = 1.289|10A03509 = .751,DALE MABRY HWY|W HAMILTON AVE,32250,10160000,10A03509,Y,-82.50499927,28.01444,10,2.12196748241659,On-System / Off-System,On Corridor,"447973-1, 438702-1",7,1494,0.28,100,0,1,Verified Match,"447973-1, 438702-1",7
109334,204324,86120000,5.117,5.137,MIAMI,URBAN PRIN ART OTHER,DIVIDED,,SR  810,4,BROWARD,44000,6,40,1,PPFYA,Change Left-Turn Phasing from Protected-Permissive to Protected-Only,,PPFYA-06496,Potential Location,0.906000018,1,13357.2024403125,0.0409594689265343,0.0198945991928881,0.0847116289162415,0.163731487475159,0.595308644966334,107251.213715374,,326107.803406099,8.67742307443277,65.1261684878964,869903.416654732,13357.2024403125,856546.21421442,CIS,4,86,86120000 = 5.122|86A10562 = 1.94,NW 12TH AVE|SW 12TH AVE|W HILLSBORO BLVD,24250,86120000,86A10562,Y,-80.12006,26.31801463,10,2.11644712792478,On-System / Off-System,On Corridor,"447000-1, 436964-2, 439891-5, 436964-1",8,105,0.02,100,0.2,0.4,Verified Match,"447000-1, 436964-2, 439891-5, 436964-1",8
79168,194923,86012000,1.824,1.892,MIAMI,URBAN PRIN ART OTHER,DIVIDED,,SR  869,4,BROWARD,51500,6,40,1,PPFYA,Change Left-Turn Phasing from Protected-Permissive to Protected-Only,,PPFYA-03143,Potential Location,0.906000018,1,13357.2024403125,0.0408560860609247,0.0198443846581634,0.0844978143532761,0.163318224539644,0.593806068999121,143904.961234044,,326932.991584025,8.65552101156298,87.3834283726067,1167198.14270145,13357.2024403125,1153840.94026114,CIC,4,86,86012000 = 1.825|86A30324 = .468,SW 10TH ST|SW 12TH AVE|W NEWPORT CENTER DR,27500,86012000,86A30324,Y,-80.12324479,26.30452101,10,2.11110515512263,On-System / Off-System,On Corridor,"439891-1, 436964-2, 436964-1",10,358,0.07,100,0.1,0.5,Verified Match,"439891-1, 436964-2, 436964-1",10
100988,223933,87038000,2.198,2.662,MIAMI,URBAN PRIN ART OTHER,DIVIDED,,SR  932,6,MIAMI-DADE,47000,6,40,1,PPFYA,Change Left-Turn Phasing from Protected-Permissive to Protected-Only,,PPFYA-05639,Potential Location,0.906000018,1,13357.2024403125,0.0403620571312229,0.0196044277494511,0.0834760727032109,0.161343392012862,0.586625807623114,105686.907785286,,330934.629939359,8.55085905801761,64.1762747940134,857215.494288761,13357.2024403125,843858.291848448,CIS,6,87,87038000 = 2.371|87A13149 = .23,NW 103RD ST|W 10TH AVE|W 49TH ST,22500,87038000,87A13149,Y,-80.30341,25.86664479,10,2.08557781952034,On-System / Off-System,On Corridor,"445993-1, 451122-1",7,2451,0.46,100,0,0.2,Verified Match,"445993-1, 451122-1",7
120059,272597,93200000,4.396,4.549,MIAMI,URBAN PRIN ART OTHER,DIVIDED,,SR  804,4,PALM BEACH,47500,6,45,1,PPFYA,Change Left-Turn Phasing from Protected-Permissive to Protected-Only,,PPFYA-05955,Potential Location,0.906000018,1,13357.2024403125,0.0403586664165678,0.0157975351401994,0.0528121977679659,0.0816398166369429,0.256335186982944,68268.9602417894,,330962.433258924,4.10620603169709,41.4549696285902,553722.421486086,13357.2024403125,540365.219045774,CIS,4,93,93200000 = 4.474,BOYNTON PLACE CIR|SUN VALLEY RD E|W BOYNTON BEACH BLVD,18500,93200000,93A16739,Y,-80.13318499,26.52812494,10,1.68058916651701,On-System / Off-System,Off Corridor,,0,0,0,0,,,Unmatched,,0
73993,159082,75050000,13.173,13.739,ORLANDO,URBAN PRIN ART OTHER,DIVIDED,,SR   50,5,ORANGE,39000,6,45,1,PPFYA,Change Left-Turn Phasing from Protected-Permissive to Protected-Only,,PPFYA-01052,Potential Location,0.906000018,1,13357.2024403125,0.0401039048354614,0.0194790394915098,0.0829421668187951,0.16031145335526,0.582873798688126,141255.598053981,,333064.884706727,8.49616848837237,85.7746552233511,1145709.43406631,13357.2024403125,1132352.231626,CIS,5,75,75050000 = 13.735|75A08270 = .338,FAIRVILLA RD|W COLONIAL DR,19500,75050000,75A08270,Y,-81.4325,28.55263482,10,2.07223864058929,On-System / Off-System,On Corridor,"445694-1, 445694-2",2,2985,0.57,100,0,0.8,Verified Match,"445694-1, 445694-2",2
92789,205842,86190000,3.687,3.697,MIAMI,URBAN PRIN ART OTHER,DIVIDED,,SR  823,4,BROWARD,43000,6,45,1,PPFYA,Change Left-Turn Phasing from Protected-Permissive to Protected-Only,,PPFYA-05701,Potential Location,0.906000018,1,13357.2024403125,0.0399727637878811,0.0194153424112565,0.0826709432885723,0.159787229791036,0.580967782780681,140793.687744215,,334157.590683337,8.46838574650335,85.4941693657275,1141962.92768439,13357.2024403125,1128605.72524407,CIC,4,86,86190000 = 3.691,FLAMINGO RD|NW 4TH ST,20500,86190000,86A09698,Y,-80.31200623,26.01034187,10,2.06546235415838,On-System / Off-System,Off Corridor,,0,0,0,0,0,111.6,No Match - Low Overlap,,0
3650,856,01010000,17.638,17.654,1790,URBAN PRIN ART OTHER,DIVIDED,US   41,SR   45,1,CHARLOTTE,45500,6,45,1,PPFYA,Change Left-Turn Phasing from Protected-Permissive to Protected-Only,,PPFYA-00453,Potential Location,0.906000018,1,13357.2024403125,0.039915750220715,0.0193876501072044,0.0825530288655696,0.159559323609559,0.580139142412437,140592.87224856,,334634.883885523,8.45630720016842,85.3722281461183,1140334.13412825,13357.2024403125,1126976.93168793,CIS,1,1,01010000 = 17.643|01A04078 = .452,EASY ST|TAMIAMI TRL,21750,1010000,01A04078,Y,-82.09087926,26.97633074,10,2.06251636380147,On-System / Off-System,On Corridor,"438262-1, 454317-1",2,84,0.02,100,0,0.8,Verified Match,"438262-1, 454317-1",2
88336,192963,86006000,1.566,2,MIAMI,URBAN PRIN ART OTHER,DIVIDED,,SR  842,4,BROWARD,37500,6,45,1,PPFYA,Change Left-Turn Phasing from Protected-Permissive to Protected-Only,,PPFYA-04608,Potential Location,0.906000018,1,13357.2024403125,0.0398822884685395,0.0193713972561478,0.0824838238781159,0.1594255635145,0.579652806264342,140475.011909651,,334915.646850333,8.44921819759959,85.300659797156,1139378.18120284,13357.2024403125,1126020.97876253,CIS,4,86,86006000 = 1.57|86A16910 = 1.394,N FIG TREE LN|S FIG TREE LN|W BROWARD BLVD,37250,86006000,86A16910,Y,-80.22721499,26.1208799,10,2.06078733676223,On-System / Off-System,Off Corridor,,0,0,0,0,,,Unmatched,,0
107586,224824,87052000,1.717,1.825,MIAMI,URBAN PRIN ART OTHER,DIVIDED,,SR  924,6,MIAMI-DADE,44000,6,40,1,PPFYA,Change Left-Turn Phasing from Protected-Permissive to Protected-Only,,PPFYA-05779,Potential Location,0.906000018,1,13357.2024403125,0.0391019090244647,0.0189923558118829,0.0808698573005975,0.156306072697795,0.568310700480572,102387.245522737,,341599.752379234,8.28389177193295,62.1726204481127,830452.277570153,13357.2024403125,817095.075129841,CIS,6,87,87052000 = 1.77|87A11659 = 1.252,NW 10TH AVE|NW 119TH ST,17750,87052000,87A11659,Y,-80.21461,25.88358998,10,2.02046377114017,On-System / Off-System,Off Corridor,,0,0,0,0,,,Unmatched,,0
28323,80736,17010000,13.805,13.954,215,URBAN PRIN ART OTHER,DIVIDED,US   41,SR   45,1,SARASOTA,55500,6,45,1,PPFYA,Change Left-Turn Phasing from Protected-Permissive to Protected-Only,,PPFYA-04339,Potential Location,0.906000018,1,13357.2024403125,0.0389765451173056,0.0189314647712627,0.0806105819471548,0.155804942689697,0.566488650057203,137284.765990036,,342698.471609324,8.25733293977049,83.3634463514409,1113502.42903833,13357.2024403125,1100145.22659801,CIS,1,17,17010000 = 13.855|17A08649 = 1.19,E SEMINOLE DR|TAMIAMI TRL S|W SEMINOLE DR,23000,17010000,17A08649,Y,-82.4163594,27.0620404,10,2.01398599962101,On-System / Off-System,On Corridor,456052-1,1,789,0.15,100,0,0.8,Verified Match,456052-1,1
94110,202009,86020000,2.981,3.032,MIAMI,URBAN PRIN ART OTHER,DIVIDED,US    1,SR    5,4,BROWARD,53000,6,45,1,PPFYA,Change Left-Turn Phasing from Protected-Permissive to Protected-Only,,PPFYA-05142,Potential Location,0.906000018,1,13357.2024403125,0.0388890822474929,0.0188889828059251,0.0804296928300421,0.155455318386731,0.565217456756175,101829.96461213,,343469.212137903,8.23880359003623,61.8342226881059,825932.230184395,13357.2024403125,812575.027744083,CIS,4,86,86020000 = 3.029|86A15481 = .278,N FEDERAL HWY|NE 19TH ST,27000,86020000,86A15481,Y,-80.1188898,26.15236,10,2.00946664074096,On-System / Off-System,Off Corridor,,0,0,0,0,,,Unmatched,,0
94471,202460,86040000,8.813,8.837,MIAMI,URBAN PRIN ART OTHER,DIVIDED,,SR  820,4,BROWARD,49000,7,45,1,PPFYA,Change Left-Turn Phasing from Protected-Permissive to Protected-Only,,PPFYA-03352,Potential Location,0.906000018,1,13357.2024403125,0.0387556901386402,0.0188241923530538,0.0801538136958241,0.154922096424331,0.563278723719555,101480.681138749,,344651.389061321,8.21054395206628,61.6221272390249,823099.228334351,13357.2024403125,809742.025894039,CIC,4,86,86040000 = 8.817|86A09654 = 0,NW 108TH AVE|PINES BLVD,26250,86040000,86A09654,Y,-80.29069625,26.00794892,10,2.00257403805182,On-System / Off-System,On Corridor,448403-1,1,126,0.02,100,0,0.3,Verified Match,448403-1,1
119729,269451,93180000,2.556,2.689,MIAMI,URBAN PRIN ART OTHER,DIVIDED,,SR  802,4,PALM BEACH,41000,6,45,1,PPFYA,Change Left-Turn Phasing from Protected-Permissive to Protected-Only,,PPFYA-05747,Potential Location,0.906000018,1,13357.2024403125,0.0385123166230501,0.0186636611327089,0.0832458536236698,0.110500723849213,0.356683301647326,70814.8279191777,,346829.368148631,5.72944771915222,43.0008971902632,574371.688885411,13357.2024403125,561014.486445098,CIS,4,93,93180000 = 2.68,LAKE WORTH RD|LUCERNE LAKES BLVD N,20250,93180000,93A14627,Y,-80.16153,26.61758,10,1.98549624538321,On-System / Off-System,Off Corridor,,0,0,0,0,,,Unmatched,,0
101956,225657,87044000,3.892,3.922,MIAMI,URBAN PRIN ART OTHER,DIVIDED,,SR  976,6,MIAMI-DADE,71000,8,40,1,PPFYA,Change Left-Turn Phasing from Protected-Permissive to Protected-Only,,PPFYA-04854,Potential Location,0.906000018,1,13357.2024403125,0.0384552461696083,0.0186782624252383,0.07953244094169,0.153721100922149,0.558912043760557,100693.977082846,,347344.088798705,8.14689372666595,61.1444168325878,816718.353727726,13357.2024403125,803361.151287414,CIS,6,87,87044000 = 3.919|87A18220 = .014,SW 40TH ST|SW 79TH AVE,35750,87044000,87A18220,Y,-80.32338,25.73320568,10,1.98704957467314,On-System / Off-System,Off Corridor,,0,0,0,0,,,Unmatched,,0
95455,199864,86020000,8.901,8.936,MIAMI,URBAN PRIN ART OTHER,DIVIDED,US    1,SR    5,4,BROWARD,43500,6,45,1,PPFYA,Change Left-Turn Phasing from Protected-Permissive to Protected-Only,,PPFYA-05025,Potential Location,0.906000018,1,13357.2024403125,0.03819423024971,0.0185514832641449,0.0789926125619003,0.152677715205984,0.555118414652035,100010.514261139,,349717.806930116,8.09159648709035,60.7293976142524,811174.858011801,13357.2024403125,797817.655571488,CIS,4,86,86020000 = 8.902|86A12831 = .065,N FEDERAL HWY|NE 2ND ST,21000,86020000,86A12831,Y,-80.10285005,26.233605,10,1.97356242729332,On-System / Off-System,On Corridor,"448401-1, 457345-1",3,185,0.04,100,0,0.6,Verified Match,"448401-1, 457345-1",3
31285,74782,16100000,3.208,3.252,LAKELAND,URBAN PRIN ART OTHER,DIVIDED,US   92,SR  546,1,POLK,30000,6,45,1,PPFYA,Change Left-Turn Phasing from Protected-Permissive to Protected-Only,,PPFYA-01097,Potential Location,0.906000018,1,13357.2024403125,0.0380137051287397,0.0184637996339593,0.0786192537889845,0.151956083618521,0.552494646132479,133893.411981663,,351378.598720543,8.05335153686817,81.3041140147686,1085995.51012551,13357.2024403125,1072638.3076852,CIS,1,16,16100000 = 3.224|16A04952 = .335,N LINCOLN AVE|W MEMORIAL BLVD,14250,16100000,16A04952,Y,-81.96549039,28.05491446,10,1.96423437974268,On-System / Off-System,On Corridor,"449049-1, 445930-1",3,232,0.04,100,0,0.7,Verified Match,"449049-1, 445930-1",3
101526,222242,87001000,2.87,3.456,MIAMI,URBAN PRIN ART OTHER,DIVIDED,,SR   94,6,MIAMI-DADE,58500,6,45,1,PPFYA,Change Left-Turn Phasing from Protected-Permissive to Protected-Only,,PPFYA-05085,Potential Location,0.906000018,1,13357.2024403125,0.0380049466748911,0.0184595455278042,0.0786011397139793,0.151921072552357,0.552367349968019,133862.562600749,,351459.575896136,8.05149602429649,81.2853813411739,1085745.29401206,13357.2024403125,1072388.09157175,CIC,6,87,87001000 = 3.446|87A21133 = 2.201,SW 142ND AVE|SW 88TH ST,19000,87001000,87A21133,Y,-80.42481519,25.68507818,10,1.96378181517144,On-System / Off-System,On Corridor,437784-1,1,3092,0.59,100,0,0,Verified Match,437784-1,1
106124,227330,87053000,0.193,0.456,MIAMI,URBAN MINOR ART,DIVIDED,,SR  968,6,MIAMI-DADE,47500,6,40,1,PPFYA,Change Left-Turn Phasing from Protected-Permissive to Protected-Only,,PPFYA-04600,Potential Location,0.906000018,1,13357.2024403125,0.0379874791268091,0.0184510612901644,0.078565013648628,0.151851247730284,0.552113475036237,99469.1422792929,,351621.18538384,8.04779545617995,60.4006602351313,806783.846289181,13357.2024403125,793426.643848869,CIC,6,87,87053000 = .255|87A07700 = .459,NW 84TH AVE|SW 84TH AVE|W FLAGLER ST,24750,87053000,87A07700,Y,-80.33231301,25.76966442,10,1.96287923652628,On-System / Off-System,On Corridor,437782-3,1,1388,0.26,100,0,0.2,Verified Match,437782-3,1
30968,87991,29010000,6.896,7.07059784553312,LAKE CITY,URBAN MINOR ART,DIVIDED,US   90,SR   10,2,COLUMBIA,35500,6,45,1,PPFYA,Change Left-Turn Phasing from Protected-Permissive to Protected-Only,,PPFYA-00697,Potential Location,0.906000018,1,13357.2024403125,0.0378728285997654,0.015977599565526,0.0633778116099198,0.114654070956321,0.372840244676284,94872.9679533868,,352685.630679174,5.70637009668027,57.609724699958,769504.75534801,13357.2024403125,756147.552907698,CIS,2,29,29010000 = 6.994|29A00966 = .012,NW BROOKSIDE CT|US-90,16000,29010000,29A00966,Y,-82.68407,30.18044831,10,1.6997449601135,On-System / Off-System,Off Corridor,,0,0,0,0,,,Unmatched,,0
92366,206980,86190000,3.003,3.02,MIAMI,URBAN PRIN ART OTHER,DIVIDED,,SR  823,4,BROWARD,52500,6,45,1,PPFYA,Change Left-Turn Phasing from Protected-Permissive to Protected-Only,,PPFYA-03638,Potential Location,0.906000018,1,13357.2024403125,0.0377947262222135,0.0159446501249963,0.0632471121624853,0.114417628211779,0.372071363379775,94677.318337646,,353414.451576631,5.69460226501257,57.4909203582827,767917.861705465,13357.2024403125,754560.659265153,CIS,4,86,86190000 = 3.012|86A09745 = .014,S FLAMINGO RD|WASHINGTON ST,27250,86190000,86A09745,Y,-80.31167256,26.00049,10,1.69623969981146,On-System / Off-System,Off Corridor,,0,0,0,0,,,Unmatched,,0
33169,75014,16180000,15.78,15.87,WINTER HAVEN,URBAN PRIN ART OTHER,DIVIDED,US   27,SR   25,1,POLK,65000,6,45,1,PPFYA,Change Left-Turn Phasing from Protected-Permissive to Protected-Only,,PPFYA-03189,Potential Location,0.906000018,1,13357.2024403125,0.0376991747238564,0.018311027723016,0.0779687477243393,0.150698778961078,0.547923232634231,132785.560249263,,354310.208065641,7.9867170451505,80.6313930628608,1077009.84018504,13357.2024403125,1063652.63774473,CIS,1,16,16180000 = 15.865|16A03395 = .499,COMMERCE AVE|US-27,24000,16180000,16A03395,Y,-81.63976418,28.11759,10,1.94798204567911,On-System / Off-System,Off Corridor,,0,0,0,0,,,Unmatched,,0
16762,49551,13160000,1.233,1.248,215,URBAN PRIN ART OTHER,DIVIDED,,SR   70,1,MANATEE,51000,6,45,1,PPFYA,Change Left-Turn Phasing from Protected-Permissive to Protected-Only,,PPFYA-02351,Potential Location,0.906000018,1,13357.2024403125,0.0376075990667151,0.0182665481181188,0.0777793526152517,0.150332714191362,0.54659226370828,132463.008760331,,355172.964288869,7.96731638539684,80.4355300801819,1074393.65867484,13357.2024403125,1061036.45623452,CIS,1,13,13160000 = 1.248|13A01646 = 0,30TH ST E|53RD AVE E,20750,13160000,13A01646,Y,-82.52636729,27.44744851,10,1.9432501719116,On-System / Off-System,On Corridor,"456052-2, 456242-1, 455188-1",4,79,0.01,100,0.1,0.3,Verified Match,"456052-2, 456242-1, 455188-1",4
95837,212349,86230000,1.46,1.643,MIAMI,URBAN PRIN ART OTHER,DIVIDED,,SR  822,4,BROWARD,41500,6,40,1,PPFYA,Change Left-Turn Phasing from Protected-Permissive to Protected-Only,,PPFYA-04303,Potential Location,0.906000018,1,13357.2024403125,0.0375903856470944,0.018258187314303,0.0777437521337634,0.15026390522306,0.546342082302656,98429.3642066265,,355335.605378259,7.96366965538492,59.7692756604989,798350.314708126,13357.2024403125,784993.112267814,CIS,4,86,86230000 = 1.514|86A20046 = 1.01,N 40TH AVE|SHERIDAN ST,21500,86230000,86A20046,Y,-80.18406,26.03279982,10,1.94236072452684,On-System / Off-System,Off Corridor,,0,0,0,0,,,Unmatched,,0
31088,82200,17070000,2.312,2.482,215,URBAN MINOR ART,DIVIDED,,SR   72,1,SARASOTA,41500,6,45,1,PPFYA,Change Left-Turn Phasing from Protected-Permissive to Protected-Only,,PPFYA-04177,Potential Location,0.906000018,1,13357.2024403125,0.0375676889559543,0.0182471632071778,0.0776968112498145,0.150173177410944,0.54601220653029,132322.435751616,,355550.283009769,7.95886127293822,80.3501699137721,1073253.48565176,13357.2024403125,1059896.28321145,SI,1,17,17070000 = 2.329|17A05991 = .493,CLARK RD|SAWYER RD,21000,17070000,17A05991,Y,-82.48932055,27.26926001,10,1.94118794694852,On-System / Off-System,On Corridor,"456052-1, 447887-1, 449122-1",3,895,0.17,100,0,0,Verified Match,"456052-1, 447887-1, 449122-1",3
116121,265817,93030000,5.337,5.387,MIAMI,URBAN PRIN ART OTHER,DIVIDED,,SR  806,4,PALM BEACH,41500,6,45,1,PPFYA,Change Left-Turn Phasing from Protected-Permissive to Protected-Only,,PPFYA-06197,Potential Location,0.906000018,1,13357.2024403125,0.0375326923566952,0.0158341045879808,0.0628086148656572,0.113624361626714,0.369491762802122,69896.1661571764,,355881.808674186,5.65512113118144,42.4430580887472,566920.519077339,13357.2024403125,553563.316637027,CIS,4,93,93030000 = 5.382|93A18448 = .257,W ATLANTIC AVE|WHATLEY RD,23250,93030000,93A18448,Y,-80.11892,26.45781162,10,1.68447953404723,On-System / Off-System,Off Corridor,,0,0,0,0,,,Unmatched,,0
69766,141188,72100000,10.507,10.526,JACKSONVILLE,URBAN PRIN ART OTHER,DIVIDED,USA  90,SR   10,2,DUVAL,62000,6,45,1,PPFYA,Change Left-Turn Phasing from Protected-Permissive to Protected-Only,,PPFYA-04110,Potential Location,0.906000018,1,13357.2024403125,0.0373946154682855,0.0181630989417387,0.0773388638094086,0.149481333001796,0.543496740726559,131712.829302862,,357195.876279054,7.9221949802633,79.9799985104138,1068309.03127949,13357.2024403125,1054951.82883918,CIC,2,72,72100000 = 10.514|72A07027 = .342,ATLANTIC BLVD|KENSINGTON GARDENS BLVD|W HICKORY CREEK BLVD,22000,72100000,72A07027,Y,-81.48129282,30.31824577,10,1.93224493827442,On-System / Off-System,Off Corridor,,0,0,0,0,,,Unmatched,,0
16882,61449,15030000,3.771,3.827,TAMPA-ST PETERSBURG,URBAN MINOR ART,DIVIDED,,SR  686,7,PINELLAS,39500,6,40,1,PPFYA,Change Left-Turn Phasing from Protected-Permissive to Protected-Only,,PPFYA-01469,Potential Location,0.906000018,1,13357.2024403125,0.0373671394800847,0.0157642619681607,0.0625315724737042,0.113123176160413,0.367861972334802,93606.196248721,,357458.521742918,5.63017696885088,56.8405027525709,759230.10207523,13357.2024403125,745872.899634917,CIS,7,15,15030000 = 3.776|15A00967 = .011,DODGE ST|ROOSEVELT BLVD,20000,15030000,15A00967,Y,-82.72609772,27.91630351,10,1.67704946668614,On-System / Off-System,On Corridor,440247-1,1,295,0.06,100,0,0.7,Verified Match,440247-1,1
105949,231892,87120000,4.533,4.916,MIAMI,URBAN PRIN ART OTHER,DIVIDED,US   41,SR   90,6,MIAMI-DADE,40000,6,45,1,PPFYA,Change Left-Turn Phasing from Protected-Permissive to Protected-Only,,PPFYA-05200,Potential Location,0.906000018,1,13357.2024403125,0.0372346334502636,0.0157083609868299,0.0623098319144254,0.112722034859196,0.366557512583415,93274.263282908,,358730.601125817,5.61021203688893,56.6389430544626,756537.828383788,13357.2024403125,743180.625943476,CIS,6,87,87120000 = 4.691,SW 129TH PL|SW 8TH ST,18250,87120000,87A45836,Y,-80.40607,25.760965,10,1.67110255263984,On-System / Off-System,On Corridor,"452564-1, 452564-3",3,2020,0.38,100,0,0.1,Verified Match,"452564-1, 452564-3",3
64498,137854,72100000,6.799,7.196,JACKSONVILLE,URBAN PRIN ART OTHER,DIVIDED,USA  90,SR   10,2,DUVAL,58000,6,45,1,PPFYA,Change Left-Turn Phasing from Protected-Permissive to Protected-Only,,PPFYA-02182,Potential Location,0.906000018,1,13357.2024403125,0.0367374093754629,0.0154985945802734,0.0614777585017512,0.111216766663999,0.361662574640787,92028.696858157,,363585.856144605,5.53529435324357,55.8825975919629,746435.168926369,13357.2024403125,733077.966486056,SI,2,72,72100000 = 7.052|72A07668 = 1.056,ATLANTIC BLVD|LEON RD,24500,72100000,72A07668,Y,-81.53819487,30.32288478,10,1.64878697320106,On-System / Off-System,On Corridor,"208819-2, 447211-5",2,2095,0.4,100,0,0.9,Verified Match,"208819-2, 447211-5",2
24504,71171,16261000,1.374,1.405,BARTOW,URBAN PRIN ART OTHER,DIVIDED,US   98,SR   60,1,POLK,57000,8,45,1,PPFYA,Change Left-Turn Phasing from Protected-Permissive to Protected-Only,,PPFYA-00581,Potential Location,0.906000018,1,13357.2024403125,0.0366693826892936,0.017810843020514,0.0758389505619481,0.146582285607332,0.532956141586438,129158.38503253,,364260.357298363,7.76855159045161,78.4288629830899,1047590.20002866,13357.2024403125,1034232.99758835,CIS,1,16,16261000 = 1.379|16A00463 = .547,E VAN FLEET DR|N WILSON AVE,21500,16261000,16A00463,Y,-81.84041,27.90396525,10,1.89477089692571,On-System / Off-System,On Corridor,451484-1,1,163,0.03,100,0.1,104.4,Verified Match,451484-1,1
95853,208130,86220000,11.955,11.971,MIAMI,URBAN PRIN ART OTHER,DIVIDED,,SR  817,4,BROWARD,54500,6,45,1,PPFYA,Change Left-Turn Phasing from Protected-Permissive to Protected-Only,,PPFYA-05501,Potential Location,0.906000018,1,13357.2024403125,0.0362611462377649,0.0176125567440572,0.0749946433553773,0.144950400155637,0.527022795887514,94948.7883177008,,368361.285457694,7.68206510766362,57.6557651096659,770119.726420913,13357.2024403125,756762.523980601,CIS,4,86,86220000 = 11.957|86A31147 = .845,MARCANO BLVD|N UNIVERSITY DR,29250,86220000,86A31147,Y,-80.25694467,26.14322,10,1.87367660815693,On-System / Off-System,On Corridor,"446998-1, 449243-3",2,85,0.02,100,0,0.5,Verified Match,"446998-1, 449243-3",2
104196,224920,87030000,23.516,23.545,MIAMI,URBAN PRIN ART OTHER,DIVIDED,US    1,SR    5,6,MIAMI-DADE,74500,7,45,1,PPFYA,Change Left-Turn Phasing from Protected-Permissive to Protected-Only,,PPFYA-04647,Potential Location,0.906000018,1,13357.2024403125,0.0361177209928284,0.0152371635438495,0.0604407487239362,0.109340756911883,0.35556203299268,90476.3523874529,,369824.066224022,5.44192474271631,54.9399672566212,733844.26471083,13357.2024403125,720487.062270517,CIS,6,87,87030000 = 23.543|87A01078 = .013,BISCAYNE BLVD|NE 187TH ST,37250,87030000,87A01078,Y,-80.14677601,25.94840686,10,1.62097515548987,On-System / Off-System,On Corridor,"458150-1, 449271-1",2,154,0.03,100,0,0.4,Verified Match,"458150-1, 449271-1",2
90260,199450,86040000,9.254,9.278,MIAMI,URBAN PRIN ART OTHER,DIVIDED,,SR  820,4,BROWARD,49000,7,45,1,PPFYA,Change Left-Turn Phasing from Protected-Permissive to Protected-Only,,PPFYA-06431,Potential Location,0.906000018,1,13357.2024403125,0.0359902275900719,0.0174809676866063,0.0744343343340123,0.143867429249664,0.523085239632976,94239.3954826687,,371134.147648379,7.62466993662266,57.2250004059581,764365.915069347,13357.2024403125,751008.712629035,CIS,4,86,86040000 = 9.265|86A01646 = .106,NW 103RD AVE|PINES BLVD,26250,86040000,86A01646,Y,-80.28345,26.00807817,10,1.85967776957727,On-System / Off-System,On Corridor,448403-1,1,126,0.02,100,0,0.3,Verified Match,448403-1,1
33520,75211,16250000,24.668,24.888,LAKELAND,URBAN MINOR ART,DIVIDED,,SR   37,1,POLK,41500,6,45,1,PPFYA,Change Left-Turn Phasing from Protected-Permissive to Protected-Only,,PPFYA-00478,Potential Location,0.906000018,1,13357.2024403125,0.0359900540164587,0.0174808833794228,0.0744339753522213,0.143866735406052,0.523082716898303,126765.62606429,,371135.937562197,7.62463316437644,76.9759076428351,1028182.78141215,13357.2024403125,1014825.57897183,CIS,1,16,16250000 = 24.677|16A06632 = .469,E HIGHLAND DR|S FLORIDA AVE|W HIGHLAND DR,20250,16250000,16A06632,Y,-81.95682965,27.9858,10,1.85966880072624,On-System / Off-System,On Corridor,413654-1,2,1166,0.22,100,0,2.3,Verified Match,413654-1,2
95952,200004,86020000,10.349,10.365,MIAMI,URBAN PRIN ART OTHER,DIVIDED,US    1,SR    5,4,BROWARD,53500,6,45,1,PPFYA,Change Left-Turn Phasing from Protected-Permissive to Protected-Only,,PPFYA-06412,Potential Location,0.906000018,1,13357.2024403125,0.0358322697840035,0.0174042453236588,0.0741076488714618,0.143236008305406,0.520789466519778,93825.787424248,,372770.201855187,7.59120595998706,56.9738451307167,761011.183213995,13357.2024403125,747653.980773683,CIS,4,86,86020000 = 10.356|86A01761 = 0,N FEDERAL HWY|NE 18TH ST|POMPANO SQ,25500,86020000,86A01761,Y,-80.10033356,26.25458,10,1.85151581450929,On-System / Off-System,On Corridor,"448401-1, 457345-1",3,85,0.02,100,0,0.6,Verified Match,"448401-1, 457345-1",3
30605,44845,12020000,4.612,5.209,CAPE CORAL,URBAN PRIN ART OTHER,DIVIDED,,SR   80,1,LEE,29000,6,45,1,PPFYA,Change Left-Turn Phasing from Protected-Permissive to Protected-Only,,PPFYA-03306,Potential Location,0.906000018,1,13357.2024403125,0.0354361574640659,0.0149496289301528,0.0593001947562728,0.107277429822856,0.348852359534918,88769.0081722685,,376937.10030094,5.33923228790606,53.9032164062297,719996.173721984,13357.2024403125,706638.971281672,SI,1,12,12020000 = 4.996|12A08708 = .364,PALM BEACH BLVD|UNDERWOOD DR,13000,12020000,12A08708,Y,-81.80634974,26.6798106,10,1.5903863609413,On-System / Off-System,Off Corridor,,0,0,0,0,,,Unmatched,,0
23930,61835,15150000,5.548,5.646,TAMPA-ST PETERSBURG,URBAN PRIN ART OTHER,DIVIDED,US   19,SR   55,7,PINELLAS,38000,6,40,1,PPFYA,Change Left-Turn Phasing from Protected-Permissive to Protected-Only,,PPFYA-03896,Potential Location,0.906000018,1,13357.2024403125,0.0353921159568796,0.017190456321913,0.073197330729001,0.141476536253604,0.514392230782375,92673.2570468357,,377406.15612207,7.49795765682582,56.2739939593727,751663.129440263,13357.2024403125,738305.926999951,CIS,7,15,15150000 = 5.627|15A13794 = 3.184,17TH AVE N|34TH ST N,20750,15150000,15A13794,Y,-82.67946478,27.78825,10,1.82877229933012,On-System / Off-System,On Corridor,"454084-1, 438702-1, 440246-1",8,519,0.1,100,0,1.1,Verified Match,"454084-1, 438702-1, 440246-1",8
78390,200019,86028000,5.426,5.432,MIAMI,URBAN PRIN ART OTHER,DIVIDED,,SR  834,4,BROWARD,55500,6,45,1,PPFYA,Change Left-Turn Phasing from Protected-Permissive to Protected-Only,,PPFYA-03152,Potential Location,0.906000018,1,13357.2024403125,0.035280575095546,0.0148839926184335,0.0590398373864528,0.106806428511907,0.347320724046075,88379.2680443608,,378599.339838958,5.31579040072423,53.6665544575457,716835.032163493,13357.2024403125,703477.82972318,CIS,4,86,86028000 = 5.427,NW 29TH AVE|W SAMPLE RD,25000,86028000,86A40945,Y,-80.16296,26.27431468,10,1.58340377325109,On-System / Off-System,On Corridor,439891-5,1,32,0.01,100,0,0.4,Verified Parallel Fallback,439891-5,1
40147,83936,17070000,1.233,1.375,215,URBAN MINOR ART,DIVIDED,,SR   72,1,SARASOTA,35500,6,45,1,PPFYA,Change Left-Turn Phasing from Protected-Permissive to Protected-Only,,PPFYA-03906,Potential Location,0.906000018,1,13357.2024403125,0.0351853489883237,0.0170900266514715,0.072769699044033,0.140650005436442,0.511387060864386,123931.261418936,,379623.986243397,7.45415326895165,75.25479602969,1005193.54517299,13357.2024403125,991836.342732682,SI,1,17,17070000 = 1.305|17A06045 = .863,CLARK RD|S LOCKWOOD RIDGE RD,17750,17070000,17A06045,Y,-82.50588,27.26931935,10,1.81808828979047,On-System / Off-System,On Corridor,"456052-1, 447887-1, 449122-1",3,748,0.14,100,0,0.1,Verified Match,"456052-1, 447887-1, 449122-1",3
74326,160511,75035001,1.852,1.903,ORLANDO,URBAN PRIN ART OTHER,DIVIDED,,SR  535,5,ORANGE,57000,6,45,1,PPFYA,Change Left-Turn Phasing from Protected-Permissive to Protected-Only,,PPFYA-01905,Potential Location,0.906000018,1,13357.2024403125,0.0349807767710599,0.0169906630030863,0.072346606503783,0.139832247923795,0.508413789661201,123210.70886892,,381844.077612453,7.41081384768971,74.8172548107971,999349.218536261,13357.2024403125,985992.016095949,CIS,5,75,75035001 = 1.899,LAKE VINING DR|MEADOW CREEK DR|SR-535,32750,75035001,75A23858,Y,-81.50331527,28.37061997,10,1.80751768687426,On-System / Off-System,On Corridor,445362-4,1,270,0.05,100,0.1,1.4,Verified Match,445362-4,1
92768,205809,86220000,2.78,2.939,MIAMI,URBAN PRIN ART OTHER,DIVIDED,,SR  817,4,BROWARD,46000,6,45,1,PPFYA,Change Left-Turn Phasing from Protected-Permissive to Protected-Only,,PPFYA-06154,Potential Location,0.906000018,1,13357.2024403125,0.0349629306830182,0.0147499863818983,0.0585082793148633,0.105844809684919,0.344193663700557,87583.5559392843,,382038.98184085,5.26793032150539,53.1833740922344,710381.094208846,13357.2024403125,697023.891768534,CIC,4,86,86220000 = 2.906,N UNIVERSITY DR|PEMBROKE COMMONS,25250,86220000,86A05224,Y,-80.24832175,26.01398179,10,1.5691477879111,On-System / Off-System,On Corridor,"443597-1, 446998-1",3,842,0.16,100,0,0.5,Verified Match,"443597-1, 446998-1",3
93980,221177,87002000,6.234,6.371,MIAMI,URBAN PRIN ART OTHER,DIVIDED,,SR  823,6,MIAMI-DADE,49000,6,45,1,PPFYA,Change Left-Turn Phasing from Protected-Permissive to Protected-Only,,PPFYA-06080,Potential Location,0.906000018,1,13357.2024403125,0.0348719922950388,0.0169378248290188,0.0721216204283756,0.139397392576791,0.506832706197211,122827.543781071,,383035.254404229,7.38776743260901,74.5845854245453,996241.406442432,13357.2024403125,982884.20400212,CIS,6,87,87002000 = 6.296|87A11278 = .258,NW 163RD ST|NW 57TH AVE,24500,87002000,87A11278,Y,-80.29304514,25.92116,10,1.80189660345029,On-System / Off-System,Off Corridor,,0,0,0,0,,,Unmatched,,0
72910,159224,75050000,5.18,5.888,ORLANDO,URBAN PRIN ART OTHER,DIVIDED,,SR   50,5,ORANGE,55500,6,45,1,PPFYA,Change Left-Turn Phasing from Protected-Permissive to Protected-Only,,PPFYA-02555,Potential Location,0.906000018,1,13357.2024403125,0.0348389094394822,0.0146976649197816,0.0583007375151336,0.105469354748433,0.342972732692903,87272.8777064046,,383398.982781449,5.24924380820199,52.9947209083764,707861.215441045,13357.2024403125,694504.013000732,CIS,5,75,75050000 = 5.691|75A08157 = .013,CARTER RD|W COLONIAL DR,25250,75050000,75A08157,Y,-81.56478,28.55127679,10,1.5635816738541,On-System / Off-System,Off Corridor,,0,0,0,0,,,Unmatched,,0
91579,202305,86040000,4.723,4.734,MIAMI,URBAN PRIN ART OTHER,DIVIDED,,SR  820,4,BROWARD,59500,6,45,1,PPFYA,Change Left-Turn Phasing from Protected-Permissive to Protected-Only,,PPFYA-05543,Potential Location,0.906000018,1,13357.2024403125,0.0348277853264942,0.0146929719346148,0.0582821220073052,0.105435678234504,0.342863221014964,87245.011353295,,383521.441719448,5.24756771724037,52.9777996191444,707635.194355222,13357.2024403125,694277.991914909,CIS,4,86,86040000 = 4.724,PINES BLVD|WESTFORK PLAZA WAY,37750,86040000,86A38095,Y,-80.35643,26.00768009,10,1.56308242001735,On-System / Off-System,Off Corridor,,0,0,0,0,,,Unmatched,,0
27626,64596,15150000,0.971,1.384,TAMPA-ST PETERSBURG,URBAN PRIN ART OTHER,DIVIDED,US   19,SR   55,7,PINELLAS,28000,6,45,1,PPFYA,Change Left-Turn Phasing from Protected-Permissive to Protected-Only,,PPFYA-04253,Potential Location,0.906000018,1,13357.2024403125,0.0347786579690693,0.0146722463307011,0.0581999104451145,0.10528695283605,0.342379585209565,87121.9453352835,,384063.193358175,5.24016560618337,52.9030702249818,706637.01870915,13357.2024403125,693279.816268838,CIS,7,15,15150000 = 1.374|15A15228 = 1.054,34TH ST S|46TH AVE S,12750,15150000,15A15228,Y,-82.67935915,27.7265,10,1.56087756811497,On-System / Off-System,On Corridor,"438702-1, 440246-1",6,2188,0.41,100,0,1.1,Verified Match,"438702-1, 440246-1",6
118962,264749,93004000,4.769,4.876,MIAMI,URBAN PRIN ART OTHER,DIVIDED,,SR  808,4,PALM BEACH,60500,6,45,1,PPFYA,Change Left-Turn Phasing from Protected-Permissive to Protected-Only,,PPFYA-03971,Potential Location,0.906000018,1,13357.2024403125,0.0346691465189798,0.0168392997377902,0.0717020984824355,0.138586536344701,0.503884527247445,90780.1819722308,,385276.356111046,7.3447937646427,55.1244617349995,736308.594807648,13357.2024403125,722951.392367336,CIS,4,93,93004000 = 4.87|93A03052 = .363,GLADES RD|NW EXECUTIVE CENTER DR|RENAISSANCE WAY,30750,93004000,93A03052,Y,-80.12502499,26.36814514,10,1.79141520875931,On-System / Off-System,On Corridor,448135-1,5,564,0.11,100,0,0.4,Verified Match,448135-1,5
97612,205955,86100000,5.492,5.568,MIAMI,URBAN PRIN ART OTHER,DIVIDED,US  441,SR    7,4,BROWARD,62000,6,45,1,PPFYA,Change Left-Turn Phasing from Protected-Permissive to Protected-Only,,PPFYA-05141,Potential Location,0.906000018,1,13357.2024403125,0.0346654712100535,0.0168375145877403,0.071694497275338,0.138571844655253,0.503831109973392,122100.126850225,,385317.203951311,7.34401513612729,74.1428759467865,990341.403528204,13357.2024403125,976984.201087891,CIS,4,86,86100000 = 5.567|86A19353 = .011,LUCKY ST|SR-7|SW 54TH CT,28500,86100000,86A19353,Y,-80.20752692,26.05338,10,1.79122529914317,On-System / Off-System,On Corridor,447676-1,1,403,0.08,100,0.1,0.5,Verified Match,447676-1,1
87845,197598,86014000,0.498,0.551,MIAMI,URBAN PRIN ART OTHER,DIVIDED,,SR  870,4,BROWARD,53500,6,45,1,PPFYA,Change Left-Turn Phasing from Protected-Permissive to Protected-Only,,PPFYA-05829,Potential Location,0.906000018,1,13357.2024403125,0.0345608821133561,0.0167867141693444,0.0714781880071683,0.138153759928455,0.502311002533892,90496.6946807784,,386483.261523889,7.32185752850195,54.9523197100495,734009.258931906,13357.2024403125,720652.056491593,CIS,4,86,86014000 = .5|86A05888 = .405,NW 70TH AVE|W COMMERCIAL BLVD,26500,86014000,86A05888,Y,-80.24402,26.1937951,10,1.78582099827896,On-System / Off-System,On Corridor,"441944-1, 454777-1",3,279,0.05,100,0,0.3,Verified Match,"441944-1, 454777-1",3
92738,203177,86220000,19.714,19.907,MIAMI,URBAN PRIN ART OTHER,DIVIDED,,SR  817,4,BROWARD,47000,6,40,1,PPFYA,Change Left-Turn Phasing from Protected-Permissive to Protected-Only,,PPFYA-04988,Potential Location,0.906000018,1,13357.2024403125,0.0344140567234434,0.0167153989799582,0.0711745264053034,0.137566839733453,0.500177028969138,90112.2365399608,,388132.167842141,7.29075199760197,54.7188651430749,730890.95902021,13357.2024403125,717533.756579898,CIS,4,86,86220000 = 19.765|86A12339 = .732,N UNIVERSITY DR|NW 19TH ST,27500,86220000,86A12339,Y,-80.25204931,26.2547997,10,1.77823427455106,On-System / Off-System,Off Corridor,,0,0,0,0,,,Unmatched,,0
78140,198778,86028000,4.221,4.228,MIAMI,URBAN PRIN ART OTHER,DIVIDED,,SR  834,4,BROWARD,52500,6,45,1,PPFYA,Change Left-Turn Phasing from Protected-Permissive to Protected-Only,,PPFYA-05922,Potential Location,0.906000018,1,13357.2024403125,0.0343239155004114,0.0166716161001998,0.0709880979667599,0.137206508974372,0.498866908238934,120897.085494721,,389151.477783833,7.27165522830307,73.4123529876303,980583.660475457,13357.2024403125,967226.458035145,CIC,4,86,86028000 = 4.225|86A04706 = .227,NW 42ND AVE|W SAMPLE RD,22750,86028000,86A04706,Y,-80.1824047,26.27386521,10,1.77357652049336,On-System / Off-System,On Corridor,439891-5,1,37,0.01,100,0.2,0.4,Verified Parallel Fallback,439891-5,1
103641,235527,87281000,9.744,10.091,MIAMI,URBAN PRIN ART OTHER,DIVIDED,,SR  953,6,MIAMI-DADE,17100,6,40,1,PPFYA,Change Left-Turn Phasing from Protected-Permissive to Protected-Only,,PPFYA-03153,Potential Location,0.906000018,1,13357.2024403125,0.0342199127182385,0.0166211004631444,0.0707730013036295,0.136790767982777,0.497355322348034,89603.8759400921,,390334.205416994,7.24962183369408,54.4101732697361,726767.699176345,13357.2024403125,713410.496736032,CIS,6,87,87281000 = 9.9|87A06621 = .749,E 52ND ST|E 8TH AVE|NW 42ND AVE,7700,87281000,87A06621,Y,-80.26685997,25.869925,10,1.76820251552223,On-System / Off-System,On Corridor,"447803-1, 457448-1",4,1837,0.35,100,0,0.3,Verified Match,"447803-1, 457448-1",4
118614,272499,93190000,16.264,16.37,MIAMI,URBAN MINOR ART,DIVIDED,,SR  706,4,PALM BEACH,39500,6,45,1,PPFYA,Change Left-Turn Phasing from Protected-Permissive to Protected-Only,,PPFYA-06300,Potential Location,0.906000018,1,13357.2024403125,0.0341816362186461,0.0128181135819923,0.0717814360591569,0.112372129068799,0.43752494359867,78844.9917114359,,390771.300556587,6.37914785930483,47.8770545968162,639503.510495567,13357.2024403125,626146.308055255,CIC,4,93,93190000 = 16.347,INDIANTOWN RD E|INTRACOASTAL POINTE DR|JONATHAN DR,16500,93190000,93A04761,Y,-80.08870315,26.93397318,10,1.36362936558778,On-System / Off-System,Off Corridor,,0,0,0,0,,,Unmatched,,0
49487,102405,48040000,8.14,8.162,PENSACOLA,URBAN PRIN ART OTHER,DIVIDED,US   29,SR   95,3,ESCAMBIA,38000,7,45,1,PPFYA,Change Left-Turn Phasing from Protected-Permissive to Protected-Only,,PPFYA-00031,Potential Location,0.906000018,1,13357.2024403125,0.034156450818854,0.014409752689204,0.057158685667176,0.10340331790864,0.336254247475296,85563.2912498816,,391059.437385674,5.14641648822202,51.9566085014845,693994.93786639,13357.2024403125,680637.735426077,CIS,3,48,48040000 = 8.147|48A00520 = .014,PENSACOLA BLVD|W HOOD DR,22000,48040000,48A00520,Y,-87.27476665,30.52649667,10,1.53295270728924,On-System / Off-System,On Corridor,457655-1,2,117,0.02,100,0,0,Verified Match,457655-1,2
94912,223230,87053000,0.456,0.558,MIAMI,URBAN MINOR ART,DIVIDED,,SR  968,6,MIAMI-DADE,47500,6,40,1,PPFYA,Change Left-Turn Phasing from Protected-Permissive to Protected-Only,,PPFYA-04605,Potential Location,0.906000018,1,13357.2024403125,0.0340344090475979,0.0165309986802618,0.0703893459848047,0.13604923512793,0.494659195134974,89118.1398124938,,392461.711958393,7.2103221583273,54.1152196576439,722827.944069127,13357.2024403125,709470.741628815,CIC,6,87,87053000 = .507|87A01135 = 1.097,NW 82ND AVE|SW 82ND AVE|W FLAGLER ST,24750,87053000,87A01135,Y,-80.32826622,25.76973118,10,1.75861721763541,On-System / Off-System,On Corridor,437782-3,1,538,0.1,100,0,0.1,Verified Match,437782-3,1
39813,86767,26250000,2.335,2.345,GAINESVILLE,URBAN MINOR ART,DIVIDED,,SR  121,2,ALACHUA,44500,6,45,1,PPFYA,Change Left-Turn Phasing from Protected-Permissive to Protected-Only,,PPFYA-04556,Potential Location,0.906000018,1,13357.2024403125,0.0337960981805692,0.0164152476877051,0.0698964757825409,0.135096610649081,0.491195563328955,119037.985951087,,395229.128787184,7.15983507266339,72.2834517293582,965504.697833594,13357.2024403125,952147.495393282,CIS,2,26,26250000 = 2.345,HULL RD|SW 34TH ST,42000,26250000,26A05133,Y,-82.37251938,29.63767504,10,1.74630327989904,On-System / Off-System,On Corridor,207712-6,2,53,0.01,100,0,0.5,Verified Parallel Fallback,207712-6,2
65079,143091,72160000,4.194,4.22,JACKSONVILLE,URBAN MINOR ART,DIVIDED,,SR   13,2,DUVAL,39500,6,45,1,PPFYA,Change Left-Turn Phasing from Protected-Permissive to Protected-Only,,PPFYA-01627,Potential Location,0.906000018,1,13357.2024403125,0.0337426328145877,0.0142351732186542,0.0564661871006617,0.102150548559787,0.332180403200484,84526.6604063768,,395855.371266046,5.08406575361046,51.3271350192262,685586.933133057,13357.2024403125,672229.730692745,CIS,2,72,72160000 = 4.204|72A12677 = .012,HALEY RD|SAN JOSE BLVD,13000,72160000,72A12677,Y,-81.62463139,30.19320376,10,1.5143804196318,On-System / Off-System,On Corridor,445426-3,2,137,0.03,100,0,1.2,Verified Match,445426-3,2
99283,218910,87001000,5.209,5.271,MIAMI,URBAN PRIN ART OTHER,DIVIDED,,SR   94,6,MIAMI-DADE,90500,8,45,1,PPFYA,Change Left-Turn Phasing from Protected-Permissive to Protected-Only,,PPFYA-05796,Potential Location,0.906000018,1,13357.2024403125,0.0336632576833376,0.0163507251604783,0.0696217374814482,0.134565593700407,0.489264847465782,88146.2904371899,,396788.764948437,7.13169229576449,53.5250834347675,714945.375072806,13357.2024403125,701588.172632494,CIC,6,87,87001000 = 5.251|87A06251 = .636,SW 123RD CT|SW 125TH AVE|SW 88TH ST,42250,87001000,87A06251,Y,-80.39595003,25.68601104,10,1.73943917994349,On-System / Off-System,On Corridor,437784-1,1,327,0.06,100,0,0.1,Verified Match,437784-1,1
97443,205523,86090000,3.63,3.648,MIAMI,URBAN PRIN ART OTHER,DIVIDED,,SR  816,4,BROWARD,60500,6,45,1,PPFYA,Change Left-Turn Phasing from Protected-Permissive to Protected-Only,,PPFYA-04972,Potential Location,0.906000018,1,13357.2024403125,0.0336004678008251,0.0163202272175436,0.0694918765880701,0.134314597260961,0.488352253605174,118348.928703379,,397530.252242038,7.11839001451831,71.8650354069923,959915.826311422,13357.2024403125,946558.623871109,CIS,4,86,86090000 = 3.64|86A06106 = .009,NW 36TH TER|W OAKLAND PARK BLVD,28750,86090000,86A06106,Y,-80.19821174,26.16531734,10,1.73619471730788,On-System / Off-System,On Corridor,"447675-1, 453154-1",3,95,0.02,100,0,0.3,Verified Match,"447675-1, 453154-1",3
8035,27994,10160000,4.528,4.582,TAMPA-ST PETERSBURG,URBAN PRIN ART OTHER,DIVIDED,,SR  597,7,HILLSBOROUGH,69500,6,45,1,PPFYA,Change Left-Turn Phasing from Protected-Permissive to Protected-Only,,PPFYA-03949,Potential Location,0.906000018,1,13357.2024403125,0.0335041988310898,0.0162734680036722,0.0692927748552084,0.133929771431291,0.486953071647316,118009.846238721,,398672.491995775,7.09799505820597,71.6591343177683,957165.563779976,13357.2024403125,943808.361339663,CIS,7,10,10160000 = 4.576|10A07843 = .34,DALE MABRY HWY|STALL RD,29500,10160000,10A07843,Y,-82.50383005,28.06211,10,1.73122033190093,On-System / Off-System,On Corridor,438702-1,5,286,0.05,100,0,0.9,Verified Match,438702-1,5
88325,192809,86006000,5.718,5.75,MIAMI,URBAN PRIN ART OTHER,DIVIDED,,SR  842,4,BROWARD,74000,6,40,1,PPFYA,Change Left-Turn Phasing from Protected-Permissive to Protected-Only,,PPFYA-04395,Potential Location,0.906000018,1,13357.2024403125,0.0333587299088312,0.0140732141802882,0.0558237495818097,0.100988342497438,0.328401059047798,62123.103409183,,400411.001162739,5.02622238298217,37.7230201828243,503874.017241979,13357.2024403125,490516.814801666,CIS,4,86,86006000 = 5.727|86A16875 = .336,RIVER HIGHLANDS AVE|W BROWARD BLVD,28250,86006000,86A16875,Y,-80.16038802,26.12188774,10,1.49715073139994,On-System / Off-System,On Corridor,446999-1,2,168,0.03,100,0.3,0.4,Verified Match,446999-1,2
97981,207217,86100000,23.235,23.248,MIAMI,URBAN PRIN ART OTHER,DIVIDED,US  441,SR    7,4,BROWARD,62000,6,45,1,PPFYA,Change Left-Turn Phasing from Protected-Permissive to Protected-Only,,PPFYA-04637,Potential Location,0.906000018,1,13357.2024403125,0.0333279862518677,0.0140602442000067,0.0557723019933598,0.100895270879678,0.328098402156082,83487.9539904223,,400780.363366957,5.02159017854313,50.6964011868387,677162.093647903,13357.2024403125,663804.891207591,CIC,4,86,86100000 = 23.238|86A32980 = .011,REGENCY LAKES BLVD|SR-7,30750,86100000,86A32980,Y,-80.2021,26.30827517,10,1.4957709459994,On-System / Off-System,On Corridor,"439891-5, 457381-1",2,69,0.01,100,0.1,0.6,Verified Parallel Fallback,"439891-5, 457381-1",2
99764,219312,87019000,3.807,4.291,MIAMI,URBAN PRIN ART OTHER,DIVIDED,,SR  817,6,MIAMI-DADE,43000,6,45,1,PPFYA,Change Left-Turn Phasing from Protected-Permissive to Protected-Only,,PPFYA-04122,Potential Location,0.906000018,1,13357.2024403125,0.0332472324088783,0.0140261761724955,0.0556371654842323,0.100650801237815,0.327303418425216,83285.662346484,,401753.81445421,5.00942284560646,50.573563605515,675521.327206885,13357.2024403125,662164.124766572,CIS,6,87,87019000 = 4.103,NW 203RD ST|NW 27TH AVE,21500,87019000,87A38407,Y,-80.246524,25.96068,10,1.49214668705953,On-System / Off-System,On Corridor,438076-1,4,2564,0.49,100,0,0.4,Verified Match,438076-1,4
52240,111896,55003000,9.95290193413303,10.5136800742663,TALLAHASSEE,URBAN PRIN ART OTHER,DIVIDED,US  319,SR  261,3,LEON,58000,6,45,1,PPFYA,Change Left-Turn Phasing from Protected-Permissive to Protected-Only,,PPFYA-02618,Potential Location,0.906000018,1,13357.2024403125,0.0331894539098014,0.0140018008681975,0.0555404767771833,0.10047588585975,0.326734616185475,83140.9248686143,,402453.215307887,5.00071725081586,50.4856746479572,674347.376608517,13357.2024403125,660990.174168205,CIS,3,55,55003000 = 10.009|55A03483 = .011,CAPITAL CIR NE|LONNBLADH RD,26750,55003000,55A03483,Y,-84.2393885,30.4882989,10,1.48955356908446,On-System / Off-System,On Corridor,452946-1,1,2961,0.56,100,0,0.4,Verified Match,452946-1,1
10826,28211,10270000,1.488,1.608,TAMPA-ST PETERSBURG,URBAN PRIN ART OTHER,DIVIDED,,SR   60,7,HILLSBOROUGH,53000,6,40,1,PPFYA,Change Left-Turn Phasing from Protected-Permissive to Protected-Only,,PPFYA-00153,Potential Location,0.906000018,1,13357.2024403125,0.0331810992484178,0.0161165339206601,0.0686245461728641,0.132638212320299,0.482257112940073,86883.7721794214,,402554.548910835,7.02954515278738,52.7584443084944,704705.221064513,13357.2024403125,691348.0186242,SI,7,10,10270000 = 1.502|10A02557 = .122,N OCCIDENT ST|S OCCIDENT ST|W JOHN F KENNEDY BLVD,22500,10270000,10A02557,Y,-82.52629021,27.94485532,10,1.71452521348994,On-System / Off-System,On Corridor,"447012-1, 445362-2",2,634,0.12,100,0,0.5,Verified Match,"447012-1, 445362-2",2
75787,161238,75250000,6.682,6.683,ORLANDO,URBAN MINOR ART,DIVIDED,,SR  438,5,ORANGE,33000,6,40,1,PPFYA,Change Left-Turn Phasing from Protected-Permissive to Protected-Only,,PPFYA-04335,Potential Location,0.906000018,1,13357.2024403125,0.0331591856386473,0.0161058901673429,0.0685792248435659,0.132550614799683,0.481938618543521,116794.626797249,,402820.581478472,7.02490266917978,70.9212164578821,947309.045541154,13357.2024403125,933951.843100841,CIS,5,75,75250000 = 6.683|75A06127 = .677,ASHLAND BLVD|SILVER STAR RD|WILLOW BEND BLVD,17250,75250000,75A06127,Y,-81.44526498,28.57798476,10,1.71339289909044,On-System / Off-System,On Corridor,445696-2,1,5,0,100,0,0.7,Verified Parallel Fallback,445696-2,1
99182,202515,86028000,2.3,2.32655338038116,MIAMI,URBAN PRIN ART OTHER,DIVIDED,,SR  834,4,BROWARD,47000,6,45,1,PPFYA,Change Left-Turn Phasing from Protected-Permissive to Protected-Only,,PPFYA-04745,Potential Location,0.906000018,1,13357.2024403125,0.0331469473417783,0.0160999458517209,0.0685539138204961,0.132501693399992,0.481760746024256,86794.3463754797,,402969.308231805,7.02230993830642,52.7041422659075,703979.897688757,13357.2024403125,690622.695248445,CIC,4,86,86028000 = 2.311|86A04085 = 0,CYPRESS POINTE|TURTLE RUN BLVD|W SAMPLE RD,21500,86028000,86A04085,Y,-80.21318198,26.27401,10,1.71276052496701,On-System / Off-System,Off Corridor,,0,0,0,0,,,Unmatched,,0
26922,53242,14030000,3.964,3.985,TAMPA-ST PETERSBURG,URBAN PRIN ART OTHER,DIVIDED,US   19,SR   55,7,PASCO,60000,6,45,1,PPFYA,Change Left-Turn Phasing from Protected-Permissive to Protected-Only,,PPFYA-01549,Potential Location,0.906000018,1,13357.2024403125,0.0328979933454882,0.0159790253392371,0.0680390316918052,0.131506524048588,0.478142426009994,115874.64472247,,406018.759261022,6.96956806424173,70.362575622666,939847.166813746,13357.2024403125,926489.964373434,CIC,7,14,14030000 = 3.97|14A01495 = 1.641,FLORAMAR TER|US-19,32250,14030000,14A01495,Y,-82.73123626,28.22949748,10,1.69989663819692,On-System / Off-System,On Corridor,"443707-1, 438702-1, 444055-1",7,111,0.02,100,0,0.9,Verified Match,"443707-1, 438702-1, 444055-1",7
2426,5236,03010000,14.603,14.606,BONITA SPRINGS,URBAN PRIN ART OTHER,DIVIDED,US   41,SR   90,1,COLLIER,43163,6,45,1,PPFYA,Change Left-Turn Phasing from Protected-Permissive to Protected-Only,,PPFYA-03135,Potential Location,0.906000018,1,13357.2024403125,0.0328967091620433,0.013878299177737,0.0550505867383569,0.0995896468772797,0.323852681367897,82407.5874312108,,406034.608948795,4.95660885077475,50.0403700602295,668399.353082638,13357.2024403125,655042.150642326,CIC,1,3,03010000 = 14.605|03A03754 = .013,PALM DR|TAMIAMI TRL E,22166,3010000,03A03754,Y,-81.76152523,26.1220914,10,1.47641508886002,On-System / Off-System,On Corridor,452524-1,1,16,0,100,0,1,Verified Parallel Fallback,452524-1,1
112161,246095,89010000,16.194,16.201,PORT SAINT LUCIE,URBAN PRIN ART OTHER,DIVIDED,US    1,SR    5,4,MARTIN,43000,6,45,1,PPFYA,Change Left-Turn Phasing from Protected-Permissive to Protected-Only,,PPFYA-04475,Potential Location,0.906000018,1,13357.2024403125,0.0328078358471168,0.0159352345543139,0.0678525695929006,0.131146128230423,0.476832068732527,115557.088329801,,407134.518185123,6.95046784694875,70.1697458129419,937271.500008735,13357.2024403125,923914.297568423,CIS,4,89,89010000 = 16.2|89A02585 = .185,SE FEDERAL HWY|SE FISCHER ST,22500,89010000,89A02585,Y,-80.22481035,27.16230215,10,1.69523804316408,On-System / Off-System,Off Corridor,,0,0,0,0,,,Unmatched,,0
12962,22253,10130000,8.649,8.827,TAMPA-ST PETERSBURG,URBAN PRIN ART OTHER,DIVIDED,US   92,SR  600,7,HILLSBOROUGH,50500,6,40,1,PPFYA,Change Left-Turn Phasing from Protected-Permissive to Protected-Only,,PPFYA-02570,Potential Location,0.906000018,1,13357.2024403125,0.032448357379035,0.0157606307269599,0.0671091027611861,0.129709148068402,0.471607375997566,84965.1082687068,,411644.949674482,6.87431093292018,51.5933737718341,689143.138049097,13357.2024403125,675785.935608785,SI,7,10,10130000 = 8.782|10A15110 = 1.195,N DALE MABRY HWY|W GRAY ST,24250,10130000,10A15110,Y,-82.50564999,27.94858044,10,1.67666316435676,On-System / Off-System,On Corridor,"445362-2, 451989-1",2,944,0.18,100,0,1,Verified Match,"445362-2, 451989-1",2
114020,248314,89010000,13.421,13.438,PORT SAINT LUCIE,URBAN PRIN ART OTHER,DIVIDED,US    1,SR    5,4,MARTIN,31000,6,45,1,PPFYA,Change Left-Turn Phasing from Protected-Permissive to Protected-Only,,PPFYA-06521,Potential Location,0.906000018,1,13357.2024403125,0.0323732648078619,0.0136574710908167,0.0541746353269064,0.0980050008831757,0.318699617065522,81096.3381457549,,412599.79552846,4.87774050847207,49.2441399856602,657763.946787551,13357.2024403125,644406.744347239,CIS,4,89,89010000 = 13.425|89A00794 = .33,SE FEDERAL HWY|SE LILLIAN CT,15250,89010000,89A00794,Y,-80.2000408,27.12920945,10,1.45292273468911,On-System / Off-System,Off Corridor,,0,0,0,0,,,Unmatched,,0
16527,47443,13010000,4.373,4.725,215,URBAN PRIN ART OTHER,DIVIDED,US   41,SR   45,1,MANATEE,46500,6,45,1,PPFYA,Change Left-Turn Phasing from Protected-Permissive to Protected-Only,,PPFYA-00480,Potential Location,0.906000018,1,13357.2024403125,0.0323597115001792,0.0157175741572299,0.0669257669662798,0.129354794802015,0.470318988735559,113978.686603362,,412772.605844725,6.85553095811102,69.2112927268033,924469.24810764,13357.2024403125,911112.045667328,SI,1,13,13010000 = 4.698|13A05115 = 0,14TH ST W|49TH AVE DR W,22250,13010000,13A05115,Y,-82.57535363,27.45419,10,1.67208267733816,On-System / Off-System,On Corridor,"449646-1, 456052-2, 433592-6, 412673-1, 433592-1",8,1876,0.36,100,0,1.2,Verified Match,"449646-1, 456052-2, 433592-6, 412673-1, 433592-1",8
35315,54941,14030000,8.455,8.493,TAMPA-ST PETERSBURG,URBAN PRIN ART OTHER,DIVIDED,US   19,SR   55,7,PASCO,52000,6,45,1,PPFYA,Change Left-Turn Phasing from Protected-Permissive to Protected-Only,,PPFYA-00849,Potential Location,0.906000018,1,13357.2024403125,0.0321079591360803,0.0155952944375247,0.066405097304166,0.128348439247864,0.466659996989166,113091.954229091,,416009.076867884,6.80219623892329,68.6728421115615,917277.054235744,13357.2024403125,903919.851795432,CIC,7,14,14030000 = 8.484|14A07312 = .011,HOLIDAY HILLS BLVD|US-19,28750,14030000,14A07312,Y,-82.71130694,28.29033152,10,1.65907419402747,On-System / Off-System,On Corridor,"443707-1, 438702-1, 444055-1",7,201,0.04,100,0,0.8,Verified Match,"443707-1, 438702-1, 444055-1",7
96216,206754,86100000,16.59,16.61,MIAMI,URBAN PRIN ART OTHER,DIVIDED,US  441,SR    7,4,BROWARD,46500,6,45,1,PPFYA,Change Left-Turn Phasing from Protected-Permissive to Protected-Only,,PPFYA-04463,Potential Location,0.906000018,1,13357.2024403125,0.0320843534539961,0.0135355866134046,0.0536911602331716,0.0971303669017461,0.31585542021391,59749.8649644847,,416315.150606498,4.83420969307632,36.2819182926252,484624.927557472,13357.2024403125,471267.725117159,CIS,4,86,86100000 = 16.607,SR-7|SW 12TH ST,22250,86100000,86A30267,Y,-80.20414992,26.21293,10,1.43995629843893,On-System / Off-System,On Corridor,457381-1,1,106,0.02,100,0,0.6,Verified Match,457381-1,1
24775,65439,15120000,6.209,6.322,TAMPA-ST PETERSBURG,URBAN PRIN ART OTHER,DIVIDED,,SR  688,7,PINELLAS,66000,6,45,1,PPFYA,Change Left-Turn Phasing from Protected-Permissive to Protected-Only,,PPFYA-01835,Potential Location,0.906000018,1,13357.2024403125,0.0320430124661744,0.0155637489121418,0.0662707757823152,0.128088821260889,0.465716056184512,112863.196437629,,416852.268631509,6.78843703386475,68.5339334880263,915421.62363048,13357.2024403125,902064.421190167,CIC,7,15,15120000 = 6.321|15A10215 = .068,TALL PINES DR|ULMERTON RD,30000,15120000,15A10215,Y,-82.75822468,27.89443979,10,1.65571828642923,On-System / Off-System,On Corridor,438702-1,5,595,0.11,100,0,0.7,Verified Match,438702-1,5
75900,145398,72190000,5.037,5.717,JACKSONVILLE,URBAN PRIN ART OTHER,DIVIDED,US   90,SR  212,2,DUVAL,51500,6,45,1,PPFYA,Change Left-Turn Phasing from Protected-Permissive to Protected-Only,,PPFYA-02341,Potential Location,0.906000018,1,13357.2024403125,0.0319304182306195,0.0155090602834438,0.0660379104315085,0.12763873677123,0.464079601329117,112466.612460433,,418322.188699166,6.76458350638361,68.2931157478466,912204.972323681,13357.2024403125,898847.769883368,CIS,2,72,72190000 = 5.427|72A02834 = 1.021,BEACH BLVD|PEACH DR,23750,72190000,72A02834,Y,-81.54859498,30.28664961,10,1.64990034609195,On-System / Off-System,On Corridor,"209543-6, 447211-2",2,3575,0.68,100,0,0.8,Verified Match,"209543-6, 447211-2",2
81081,147159,72220000,7.874,8.35,JACKSONVILLE,URBAN MINOR ART,DIVIDED,,SR  134,2,DUVAL,35000,6,45,1,PPFYA,Change Left-Turn Phasing from Protected-Permissive to Protected-Only,,PPFYA-01412,Potential Location,0.906000018,1,13357.2024403125,0.0318659355098404,0.0134434415432139,0.0533256514547485,0.0964691407036183,0.313705197937108,79825.4577279846,,419168.689906742,4.80130025189673,48.4724231038791,647455.968170994,13357.2024403125,634098.765730681,SI,2,72,72220000 = 8.109|72A11232 = .757,103RD ST|TAMPICO RD,16000,72220000,72A11232,Y,-81.75632031,30.24835551,10,1.43015362952026,On-System / Off-System,Off Corridor,,0,0,0,0,,,Unmatched,,0
106733,203813,86110000,6.423,6.536,MIAMI,URBAN PRIN ART OTHER,DIVIDED,,SR  838,4,BROWARD,58500,6,40,1,PPFYA,Change Left-Turn Phasing from Protected-Permissive to Protected-Only,,PPFYA-05376,Potential Location,0.906000018,1,13357.2024403125,0.0317909584650374,0.0134118106024376,0.053200182056336,0.0962421594156405,0.312967084076513,59203.4830342184,,420157.273804824,4.79000331997431,35.9501387218718,480193.280665359,13357.2024403125,466836.078225047,CIS,4,86,86110000 = 6.425|86A16180 = .257,NW 16TH AVE|W SUNRISE BLVD,29000,86110000,86A16180,Y,-80.16396855,26.13656994,10,1.4267886351763,On-System / Off-System,On Corridor,447678-1,2,596,0.11,100,0,0.4,Verified Match,447678-1,2
11423,29171,10160000,3.22,3.29,TAMPA-ST PETERSBURG,URBAN PRIN ART OTHER,DIVIDED,,SR  597,7,HILLSBOROUGH,69500,6,45,1,PPFYA,Change Left-Turn Phasing from Protected-Permissive to Protected-Only,,PPFYA-02748,Potential Location,0.906000018,1,13357.2024403125,0.0317270007590094,0.0133848284452071,0.0530931528326548,0.0960485374540324,0.312337450440842,79477.4205559399,,421004.258857324,4.78036669248637,48.261084446521,644633.074941197,13357.2024403125,631275.872500885,CIS,7,10,10160000 = 3.282|10A21372 = .012,DALE MABRY HWY|LAKE CARROLL WAY,29500,10160000,10A21372,Y,-82.50473176,28.04337,10,1.42391819236807,On-System / Off-System,On Corridor,438702-1,5,371,0.07,100,0,1,Verified Match,438702-1,5
18541,63643,15061000,3.902,4.459,TAMPA-ST PETERSBURG,URBAN PRIN ART OTHER,DIVIDED,,SR  693,7,PINELLAS,38000,6,45,1,PPFYA,Change Left-Turn Phasing from Protected-Permissive to Protected-Only,,PPFYA-03212,Potential Location,0.906000018,1,13357.2024403125,0.0314981730682395,0.0152991126331449,0.0651439488456772,0.125910878836417,0.457797310844072,110944.141041043,,424062.767430183,6.67301068466135,67.3686252293493,899856.365313962,13357.2024403125,886499.16287365,CIS,7,15,15061000 = 3.942|15A01282 = .118,66TH ST N|94TH AVE N,19750,15061000,15A01282,Y,-82.72879486,27.85736,10,1.6275654854003,On-System / Off-System,On Corridor,449210-1,3,2948,0.56,100,0,1.1,Verified Match,449210-1,3
22325,62931,15120000,3.296,3.49429136923038,TAMPA-ST PETERSBURG,URBAN PRIN ART OTHER,DIVIDED,,SR  688,7,PINELLAS,39000,6,45,1,PPFYA,Change Left-Turn Phasing from Protected-Permissive to Protected-Only,,PPFYA-02826,Potential Location,0.906000018,1,13357.2024403125,0.0314653687591123,0.0132744524452505,0.052655328032827,0.0952564874543438,0.309761806041855,78822.0218107304,,424504.875266853,4.74094610850187,47.8631065810159,639317.204024883,13357.2024403125,625960.001584571,CIS,7,15,15120000 = 3.379|15A10029 = .01,121ST ST N|ULMERTON RD,17250,15120000,15A10029,Y,-82.80619927,27.89436162,10,1.41217606246462,On-System / Off-System,On Corridor,"447921-1, 438702-1",6,1045,0.2,100,0,1,Verified Match,"447921-1, 438702-1",6
1673,2426,03010000,14.934,15.071,BONITA SPRINGS,URBAN PRIN ART OTHER,DIVIDED,US   41,SR   90,1,COLLIER,43163,6,45,1,PPFYA,Change Left-Turn Phasing from Protected-Permissive to Protected-Only,,PPFYA-00136,Potential Location,0.906000018,1,13357.2024403125,0.0314250697491098,0.0132574513004057,0.052587890158276,0.0951344884982817,0.309365081178541,78721.0711602015,,425049.25357217,4.73487418110416,47.8018063043332,638498.403819585,13357.2024403125,625141.201379273,CIS,1,3,03010000 = 14.973|03A06159 = .461,GUILFORD RD|TAMIAMI TRL E,22166,3010000,03A06159,Y,-81.75780765,26.1180127,10,1.41036742968799,On-System / Off-System,On Corridor,452524-1,1,724,0.14,100,0,1,Verified Match,452524-1,1
89433,177409,78010000,14.756,14.82,ST. AUGUSTINE,URBAN PRIN ART OTHER,DIVIDED,US    1,SR    5,2,ST. JOHNS,42500,6,45,1,PPFYA,Change Left-Turn Phasing from Protected-Permissive to Protected-Only,,PPFYA-01504,Potential Location,0.906000018,1,13357.2024403125,0.0313084182548022,0.0152069460094754,0.0647515013906137,0.125152352452313,0.455039397135137,110275.778950975,,426632.937237693,6.6328103881302,66.9627756302558,894435.350058552,13357.2024403125,881078.147618239,CIS,2,78,78010000 = 14.765|78A04983 = .24,HEALTH PARK BLVD|SOUTHPARK BLVD|US-1,19750,78010000,78A04983,Y,-81.32305364,29.86253,10,1.61776052355791,On-System / Off-System,On Corridor,210269-4,1,339,0.06,100,0,0.9,Verified Match,210269-4,1
93517,204643,86220000,7.234,7.263,MIAMI,URBAN PRIN ART OTHER,DIVIDED,,SR  817,4,BROWARD,46500,6,45,1,PPFYA,Change Left-Turn Phasing from Protected-Permissive to Protected-Only,,PPFYA-04134,Potential Location,0.906000018,1,13357.2024403125,0.0312956892491712,0.0152007633495975,0.0647251754926042,0.125101469492142,0.454854392610114,110230.944331742,,426806.46315103,6.63011369869374,66.9355506985736,894071.701134649,13357.2024403125,880714.498694336,CIC,4,86,86220000 = 7.249|86A18781 = .206,S UNIVERSITY DR|SW 36TH ST,21000,86220000,86A18781,Y,-80.25213907,26.07642169,10,1.61710279365771,On-System / Off-System,On Corridor,"446998-1, 455315-1",2,154,0.03,100,0,0.5,Verified Match,"446998-1, 455315-1",2
82032,169549,77120000,4.338,4.40375992791067,ORLANDO,URBAN PRIN ART OTHER,DIVIDED,,SR  434,5,SEMINOLE,57500,6,45,1,PPFYA,Change Left-Turn Phasing from Protected-Permissive to Protected-Only,,PPFYA-01859,Potential Location,0.906000018,1,13357.2024403125,0.0312406633940732,0.0151740365056927,0.0646113720195606,0.124881508996049,0.454054641829769,110037.130036048,,427558.220253624,6.61845625690478,66.8178608185291,892499.693581718,13357.2024403125,879142.491141406,CIS,5,77,77120000 = 4.34|77A04104 = .242,GUM ST|SPRINGS BLVD|SR-434,31500,77120000,77A04104,Y,-81.4009075,28.68715252,10,1.61425951184679,On-System / Off-System,Off Corridor,,0,0,0,0,,,Unmatched,,0
73807,142879,72190000,11.156,11.223,JACKSONVILLE,URBAN PRIN ART OTHER,DIVIDED,US   90,SR  212,2,DUVAL,44500,6,45,1,PPFYA,Change Left-Turn Phasing from Protected-Permissive to Protected-Only,,PPFYA-02598,Potential Location,0.906000018,1,13357.2024403125,0.0312143293082439,0.0151612456640042,0.0645569083420499,0.124776241052954,0.453671899832318,109944.375052255,,427918.931347494,6.6128772782215,66.7615371976274,891747.367575162,13357.2024403125,878390.165134849,CIC,2,72,72190000 = 11.173|72A01368 = .078,BEACH BLVD|DISCOVERY WAY,18250,72190000,72A01368,Y,-81.45275273,30.28774263,10,1.61289878374702,On-System / Off-System,Off Corridor,,0,0,0,0,,,Unmatched,,0
101126,226334,87030000,3.148,3.259,MIAMI,URBAN PRIN ART OTHER,DIVIDED,US    1,SR    5,6,MIAMI-DADE,69000,6,45,1,PPFYA,Change Left-Turn Phasing from Protected-Permissive to Protected-Only,,PPFYA-05418,Potential Location,0.906000018,1,13357.2024403125,0.0311429332484391,0.0151265675778133,0.0644092483092717,0.124490842258046,0.452634223008563,81546.8920151984,,428899.947662508,6.59775174478538,49.517729870546,661418.342265593,13357.2024403125,648061.13982528,CIS,6,87,87030000 = 3.226|87A19928 = .059,S ALHAMBRA CIR|S DIXIE HWY,36500,87030000,87A19928,Y,-80.27999536,25.71200033,10,1.60920962493517,On-System / Off-System,Off Corridor,,0,0,0,0,,,Unmatched,,0
91175,199191,86018000,1.287,1.384,MIAMI,URBAN PRIN ART OTHER,DIVIDED,,SR  824,4,BROWARD,45000,6,40,1,PPFYA,Change Left-Turn Phasing from Protected-Permissive to Protected-Only,,PPFYA-06139,Potential Location,0.906000018,1,13357.2024403125,0.0309443691800051,0.0150301221731454,0.0639985817131925,0.123697101735137,0.449748274786666,81026.9576044764,,431652.11617703,6.55568517326142,49.2020100305338,657201.208448127,13357.2024403125,643844.006007814,CIS,4,86,86018000 = 1.352|86A21220 = .08,PEMBROKE RD|SW 69TH AVE,23000,86018000,86A21220,Y,-80.22599491,25.99505623,10,1.5989494735377,On-System / Off-System,On Corridor,446372-1,1,511,0.1,100,0,0.3,Verified Match,446372-1,1
8398,32095,11040000,6.361,6.425,LEESBURG-EUSTIS-TAVARES,URBAN PRIN ART OTHER,DIVIDED,US   27,SR   25,5,LAKE,36500,6,45,1,PPFYA,Change Left-Turn Phasing from Protected-Permissive to Protected-Only,,PPFYA-02541,Potential Location,0.906000018,1,13357.2024403125,0.0308453035555342,0.0149820045841166,0.0637936959898548,0.123301096550564,0.448308445994639,108644.577598361,,433038.449962538,6.53469773474728,65.9722610202307,881204.845892359,13357.2024403125,867847.643452046,CIS,5,11,11040000 = 6.366|11A02726 = .651,E PALM ST|PICCIOLA CUTOFF RD|US-27,20250,11040000,11A02726,Y,-81.90085026,28.8505,10,1.59383058010762,On-System / Off-System,Off Corridor,,0,0,0,0,,,Unmatched,,0
79249,146723,72160000,4.405,4.421,JACKSONVILLE,URBAN MINOR ART,DIVIDED,,SR   13,2,DUVAL,39500,6,45,1,PPFYA,Change Left-Turn Phasing from Protected-Permissive to Protected-Only,,PPFYA-00154,Potential Location,0.906000018,1,13357.2024403125,0.0307461012432484,0.0129710114619954,0.0514516787992486,0.0930790174356154,0.302680954504823,77020.2275823773,,434435.648755486,4.63257272326007,46.7690028368135,624703.038822868,13357.2024403125,611345.836382555,CIS,2,72,72160000 = 4.417|72A00044 = .012,CROWN POINT RD|SAN JOSE BLVD,13000,72160000,72A00044,Y,-81.62263633,30.19575817,10,1.37989510061772,On-System / Off-System,On Corridor,445426-3,2,85,0.02,100,0,1.2,Verified Match,445426-3,2
112549,268969,93270000,1.275,1.331,MIAMI,URBAN PRIN ART OTHER,DIVIDED,,SR    7,4,PALM BEACH,43500,6,45,1,PPFYA,Change Left-Turn Phasing from Protected-Permissive to Protected-Only,,PPFYA-04645,Potential Location,0.906000018,1,13357.2024403125,0.0305299147800051,0.0128798077978146,0.0510899042646647,0.092424546697281,0.300552700111597,76478.6717451835,,437511.946448685,4.59999950349358,46.4401538151858,620310.535868687,13357.2024403125,606953.333428375,CIS,4,93,93270000 = 1.322,BUSINESS PKWY|SR-7,21250,93270000,93A11943,Y,-80.20131488,26.69937501,10,1.37019258129375,On-System / Off-System,On Corridor,451380-1,1,296,0.06,100,0,0.8,Verified Match,451380-1,1
25974,67228,15230000,1.465,1.775,TAMPA-ST PETERSBURG,URBAN PRIN ART OTHER,DIVIDED,,SR  693,7,PINELLAS,39000,6,45,1,PPFYA,Change Left-Turn Phasing from Protected-Permissive to Protected-Only,,PPFYA-00089,Potential Location,0.906000018,1,13357.2024403125,0.0299907570311248,0.0145669391294035,0.0620263384052808,0.119885130054288,0.435888389122825,105634.659215958,,445377.301628306,6.3536587241491,64.1445478884481,856791.711588321,13357.2024403125,843434.509148009,CIS,7,15,15230000 = 1.628|15A13934 = .473,13TH AVE N|66TH ST N,18250,15230000,15A13934,Y,-82.72843009,27.78446,10,1.54967467221467,On-System / Off-System,Off Corridor,,0,0,0,0,,,Unmatched,,0
101607,222629,87001000,2.428,2.443,MIAMI,URBAN PRIN ART OTHER,DIVIDED,,SR   94,6,MIAMI-DADE,58500,6,45,1,PPFYA,Change Left-Turn Phasing from Protected-Permissive to Protected-Only,,PPFYA-06174,Potential Location,0.906000018,1,13357.2024403125,0.0298736094726125,0.0145100388866975,0.0617840559547212,0.119416844099612,0.434185755857629,105222.037340205,,447123.82186552,6.32884055745921,63.8939914530367,853444.978557808,13357.2024403125,840087.776117496,CIC,6,87,87001000 = 2.431|87A04579 = .601,SW 152ND AVE|SW 88TH ST,33500,87001000,87A04579,Y,-80.44114022,25.68448,10,1.54362145374639,On-System / Off-System,On Corridor,437784-1,1,79,0.01,100,0,0,Verified Match,437784-1,1
70160,159466,75060000,10.959,11.082,ORLANDO,URBAN PRIN ART OTHER,DIVIDED,,SR   50,5,ORANGE,58000,6,45,1,PPFYA,Change Left-Turn Phasing from Protected-Permissive to Protected-Only,,PPFYA-03852,Potential Location,0.906000018,1,13357.2024403125,0.0297019304982484,0.0125305019289485,0.0497043243181626,0.0899179536568067,0.292401582975334,74404.5376196565,,449708.224894682,4.47524555929077,45.1806770797146,603487.450144134,13357.2024403125,590130.247703822,CIS,5,75,75060000 = 10.984|75A07440 = 1.325,E COLONIAL DR|LAKE BERGE RD|RETREAT AVE,28750,75060000,75A07440,Y,-81.2199347,28.56820376,10,1.33303237536243,On-System / Off-System,Off Corridor,,0,0,0,0,,,Unmatched,,0
113408,271670,93190000,13.893,13.911,MIAMI,URBAN PRIN ART OTHER,DIVIDED,,SR  706,4,PALM BEACH,52500,6,45,1,PPFYA,Change Left-Turn Phasing from Protected-Permissive to Protected-Only,,PPFYA-05953,Potential Location,0.906000018,1,13357.2024403125,0.0295150458001646,0.0124516599469445,0.049391584456213,0.0893521894340922,0.290561790724902,54965.1095045137,,452555.707714267,4.44708729142168,33.3764706108263,445816.274691947,13357.2024403125,432459.072251634,SI,4,93,93190000 = 13.901|93A05961 = 0,CENTER ST|W INDIANTOWN RD,26750,93190000,93A05961,Y,-80.12837646,26.93453123,10,1.32464492886227,On-System / Off-System,Off Corridor,,0,0,0,0,,,Unmatched,,0
35180,83526,17020000,14.979,15.088,215,URBAN PRIN ART OTHER,DIVIDED,US   41,SR   45,1,SARASOTA,51000,6,45,1,PPFYA,Change Left-Turn Phasing from Protected-Permissive to Protected-Only,,PPFYA-00251,Potential Location,0.906000018,1,13357.2024403125,0.0294925921010676,0.0143249733062329,0.0609960427544808,0.117893764268943,0.428648014741653,103880.00252072,,452900.253546346,6.24812054281417,63.0790674746249,842559.874004696,13357.2024403125,829202.671564384,SI,1,17,17020000 = 15.002|17A00525 = .187,GLENGARY ST|S TAMIAMI TRL,23750,17020000,17A00525,Y,-82.53058,27.29517023,10,1.52393362226738,On-System / Off-System,On Corridor,"456052-1, 451009-1",2,578,0.11,100,0,1,Verified Match,"456052-1, 451009-1",2
103662,227595,87044000,3.258,3.727,MIAMI,URBAN PRIN ART OTHER,DIVIDED,,SR  976,6,MIAMI-DADE,71000,6,40,1,PPFYA,Change Left-Turn Phasing from Protected-Permissive to Protected-Only,,PPFYA-04465,Potential Location,0.906000018,1,13357.2024403125,0.0294210841878414,0.0142902408912372,0.0608481513884901,0.117607918350878,0.427608712230104,77038.2788318828,,454001.027121649,6.23297131279493,46.7799640994043,624849.450626294,13357.2024403125,611492.248185981,CIS,6,87,87044000 = 3.402|87A17867 = .609,SW 40TH ST|SW 84TH AVE,35750,87044000,87A17867,Y,-80.33164,25.73320512,10,1.52023868379435,On-System / Off-System,Off Corridor,,0,0,0,0,,,Unmatched,,0
113317,267544,93004000,2.628,2.78,MIAMI,URBAN PRIN ART OTHER,DIVIDED,,SR  808,4,PALM BEACH,49500,6,45,1,PPFYA,Change Left-Turn Phasing from Protected-Permissive to Protected-Only,,PPFYA-05737,Potential Location,0.906000018,1,13357.2024403125,0.0293388456263507,0.0142502964470846,0.0606780670908616,0.117279177711568,0.426413449501165,103338.470459841,,455273.619501775,6.21554875313314,62.750232890692,838167.563897728,13357.2024403125,824810.361457416,CIS,4,93,93004000 = 2.71,BOCA WEST DR|ENCINA LN|GLADES RD,22000,93004000,93A04411,Y,-80.15986,26.36863057,10,1.51598927402822,On-System / Off-System,Off Corridor,,0,0,0,0,,,Unmatched,,0
975,4614,03001000,0.432,0.749,BONITA SPRINGS,URBAN MINOR ART,DIVIDED,,SR   84,1,COLLIER,27000,6,45,1,PPFYA,Change Left-Turn Phasing from Protected-Permissive to Protected-Only,,PPFYA-04010,Potential Location,0.906000018,1,13357.2024403125,0.0292678504377293,0.0142158130697542,0.0605312361325764,0.11699538136017,0.425381598975633,103088.408330759,,456377.979268805,6.20050814581906,62.598387631446,836139.336030378,13357.2024403125,822782.133590065,CIS,1,3,03001000 = .749|03A10217 = .585,DAVIS BLVD|SHADOWLAWN DR,12250,3001000,03A10217,Y,-81.77066499,26.13846484,10,1.5123208289289,On-System / Off-System,Off Corridor,,0,0,0,0,,,Unmatched,,0
90620,218212,87002000,4.965,5.02,MIAMI,URBAN PRIN ART OTHER,DIVIDED,,SR  823,6,MIAMI-DADE,49000,6,45,1,PPFYA,Change Left-Turn Phasing from Protected-Permissive to Protected-Only,,PPFYA-05945,Potential Location,0.906000018,1,13357.2024403125,0.0291390866630807,0.0109271574986553,0.0611920819924695,0.0957947474048778,0.372980309287433,90412.4645219087,,458394.684595111,5.43808204849744,54.901172619697,733326.076891835,13357.2024403125,719968.874451523,CIS,6,87,87002000 = 5.009|87A11835 = .373,NW 142ND ST|NW 57TH AVE|RED RD,24500,87002000,87A11835,Y,-80.29222053,25.90247,10,1.16246378628618,On-System / Off-System,Off Corridor,,0,0,0,0,,,Unmatched,,0
67112,155512,75010000,6.065,6.577,ORLANDO,URBAN PRIN ART OTHER,DIVIDED,US   17,SR  500,5,ORANGE,54000,6,45,1,PPFYA,Change Left-Turn Phasing from Protected-Permissive to Protected-Only,,PPFYA-03202,Potential Location,0.906000018,1,13357.2024403125,0.0290578932685478,0.0122587987226686,0.0486265682665855,0.0879682315747053,0.286061338341384,72791.1983019128,,459675.528327798,4.37820726232198,44.2010088354524,590401.823081179,13357.2024403125,577044.620640867,CIS,5,75,75010000 = 6.394|75A28537 = .009,LA QUINTA DR|S ORANGE BLOSSOM TRL,31500,75010000,75A28537,Y,-81.40350228,28.44069,10,1.30412777341474,On-System / Off-System,On Corridor,453453-1,4,1297,0.25,48,0,1.5,Verified Match,453453-1,4
18386,65728,15040000,2.68,2.809,TAMPA-ST PETERSBURG,URBAN PRIN ART OTHER,DIVIDED,,SR   60,7,PINELLAS,49500,6,40,1,PPFYA,Change Left-Turn Phasing from Protected-Permissive to Protected-Only,,PPFYA-02512,Potential Location,0.906000018,1,13357.2024403125,0.0289617344408273,0.0140671281569732,0.0598981325935291,0.115771712479047,0.420932481247933,102010.194166984,,461201.744239561,6.13565627921565,61.9436635041983,827394.053320173,13357.2024403125,814036.850879861,CIS,7,15,15040000 = 2.686|15A08555 = .254,GULF TO BAY BLVD|S ARCTURAS AVE,25000,15040000,15A08555,Y,-82.75853513,27.96058465,10,1.49650328198714,On-System / Off-System,On Corridor,"454711-1, 438702-1",8,680,0.13,100,0,0.7,Verified Match,"454711-1, 438702-1",8
25891,65987,15120000,3.53,3.552,TAMPA-ST PETERSBURG,URBAN PRIN ART OTHER,DIVIDED,,SR  688,7,PINELLAS,39000,6,45,1,PPFYA,Change Left-Turn Phasing from Protected-Permissive to Protected-Only,,PPFYA-00954,Potential Location,0.906000018,1,13357.2024403125,0.0289353841260611,0.0140543294326582,0.0598436353516263,0.115666379662358,0.420549503377637,101917.382020972,,461621.742504609,6.13007386236886,61.8873051726749,826641.263676818,13357.2024403125,813284.061236505,CIS,7,15,15120000 = 3.538|15A09917 = .995,119TH ST N|ULMERTON RD,17250,15120000,15A09917,Y,-82.80361,27.89464029,10,1.49514171530993,On-System / Off-System,On Corridor,"447921-1, 438702-1",6,116,0.02,100,0.3,0.7,Verified Match,"447921-1, 438702-1",6
82513,172504,77010000,2.206,2.53,ORLANDO,URBAN PRIN ART OTHER,DIVIDED,US   17,SR   15,5,SEMINOLE,71000,6,45,1,PPFYA,Change Left-Turn Phasing from Protected-Permissive to Protected-Only,,PPFYA-03484,Potential Location,0.906000018,1,13357.2024403125,0.0289263850073944,0.014049958432163,0.0598250235380203,0.115630406562026,0.420418709368835,101885.684960688,,461765.354948363,6.12816736401784,61.8680577626257,826384.172124338,13357.2024403125,813026.969684026,CIC,5,77,77010000 = 2.499|77A05132 = .095,TRIPLET LAKE DR|US-17-92,26500,77010000,77A05132,Y,-81.33821284,28.67143934,10,1.4946767151682,On-System / Off-System,On Corridor,454205-1,2,1719,0.33,100,0,1.4,Verified Match,454205-1,2
10544,28052,10150000,10.201,10.652,TAMPA-ST PETERSBURG,URBAN PRIN ART OTHER,DIVIDED,US   92,SR  600,7,HILLSBOROUGH,67500,6,45,1,PPFYA,Change Left-Turn Phasing from Protected-Permissive to Protected-Only,,PPFYA-01717,Potential Location,0.906000018,1,13357.2024403125,0.0288865061899709,0.014030588720843,0.0597425468928943,0.115470994873676,0.419839107011054,75638.5014275423,,462402.83793649,6.11971888117464,45.9299770836624,613496.001985392,13357.2024403125,600138.799545079,CIS,7,10,10150000 = 10.31|10A01332 = 1.021,N MACDILL AVE|W HILLSBOROUGH AVE,30250,10150000,10A01332,Y,-82.49266,27.99620468,10,1.49261610718638,On-System / Off-System,On Corridor,445362-2,1,2376,0.45,100,0,0.5,Verified Match,445362-2,1
80858,162167,75050000,14.454,14.595,ORLANDO,URBAN PRIN ART OTHER,DIVIDED,,SR   50,5,ORANGE,38500,6,45,1,PPFYA,Change Left-Turn Phasing from Protected-Permissive to Protected-Only,,PPFYA-02639,Potential Location,0.906000018,1,13357.2024403125,0.0287524222559445,0.0139654622386016,0.0594652369384307,0.114935007407529,0.417890318924466,101272.946311023,,464559.205530968,6.09131267734622,61.4959843925001,821414.312796922,13357.2024403125,808057.11035661,CIS,5,75,75050000 = 14.49|75A07968 = .754,FERGUSON DR|W COLONIAL DR,19500,75050000,75A07968,Y,-81.42008,28.55274003,10,1.48568775668506,On-System / Off-System,On Corridor,"445694-1, 445694-2",2,744,0.14,100,0,0.8,Verified Match,"445694-1, 445694-2",2
59115,126221,60020000,4.541,4.67633464547801,1460,URBAN PRIN ART OTHER,DIVIDED,US   98,SR   30,3,WALTON,47500,6,45,1,PPFYA,Change Left-Turn Phasing from Protected-Permissive to Protected-Only,,PPFYA-03457,Potential Location,0.906000018,1,13357.2024403125,0.0286030560326341,0.0120669142637675,0.0478654265796111,0.0865912829112945,0.281583678958767,71651.8126235185,,466985.150994806,4.30967608316703,43.5091395214069,581160.384591233,13357.2024403125,567803.182150921,SI,3,60,60020000 = 4.639,BAYTOWNE LN|EMERALD COAST PKWY,21250,60020000,60A00683,Y,-86.32029929,30.37915568,10,1.2837145291972,On-System / Off-System,On Corridor,409797-2,5,713,0.14,100,0,1.6,Verified Match,409797-2,5
74148,160357,75190000,7.681,7.87669999999343,ORLANDO,URBAN PRIN ART OTHER,DIVIDED,,SR  423,5,ORANGE,32000,6,45,1,PPFYA,Change Left-Turn Phasing from Protected-Permissive to Protected-Only,,PPFYA-00824,Potential Location,0.906000018,1,13357.2024403125,0.0285894059857826,0.012061155650252,0.047842584079333,0.0865499595272714,0.281449300645973,71617.6187038831,,467208.11362625,4.30761940501408,43.4883759431285,580883.041272783,13357.2024403125,567525.838832471,CIC,5,75,75190000 = 7.683|75A01104 = .009,KINGSWOOD DR|LEE RD,17000,75190000,75A01104,Y,-81.39902974,28.6059,10,1.28310191062079,On-System / Off-System,On Corridor,449214-1,1,1032,0.2,100,0,0.7,Verified Match,449214-1,1
76970,148262,74060000,4.422,4.942,FERNANDINA BEACH,URBAN MINOR ART,DIVIDED,,SR  A1A,2,NASSAU,43000,6,45,1,PPFYA,Change Left-Turn Phasing from Protected-Permissive to Protected-Only,,PPFYA-01033,Potential Location,0.906000018,1,13357.2024403125,0.0282626357393772,0.0119232994525498,0.0472957544951141,0.0855607136641303,0.278232400743666,70799.0460157178,,472609.935021114,4.25838431929398,42.9913139429676,574243.683511248,13357.2024403125,560886.481070935,CIS,2,74,74060000 = 4.923|74A01154 = .013,BARNWELL RD|SR-200,16250,74060000,74A01154,Y,-81.52044378,30.61902453,10,1.26843635486545,On-System / Off-System,Off Corridor,,0,0,0,0,,,Unmatched,,0
1883,1844,01010000,17.15,17.161,1790,URBAN PRIN ART OTHER,DIVIDED,US   41,SR   45,1,CHARLOTTE,45500,6,45,1,PPFYA,Change Left-Turn Phasing from Protected-Permissive to Protected-Only,,PPFYA-00672,Potential Location,0.906000018,1,13357.2024403125,0.0281655461829955,0.0136804081460264,0.0582514705148316,0.112589027469169,0.409360608727855,99205.827634971,,474239.070441911,5.96698069476181,60.2407676493285,804648.128651908,13357.2024403125,791290.926211596,CIS,1,1,01010000 = 17.157|01A00693 = .882,GARDNER DR|TAMIAMI TRL,21750,1010000,01A00693,Y,-82.08470648,26.97187841,10,1.45536284741271,On-System / Off-System,On Corridor,"446830-1, 454317-1",2,58,0.01,100,0,0.8,Verified Parallel Fallback,"446830-1, 454317-1",2
20564,38545,11230000,2.046,2.379,2153,URBAN PRIN ART OTHER,DIVIDED,US   27,SR   25,5,LAKE,28500,6,45,1,PPFYA,Change Left-Turn Phasing from Protected-Permissive to Protected-Only,,PPFYA-03106,Potential Location,0.906000018,1,13357.2024403125,0.02806817764388,0.0118412624435119,0.0469703410259304,0.0849720221640898,0.276318051945728,70311.9206188442,,475884.206298834,4.22908495343648,42.6955167247122,570292.660185729,13357.2024403125,556935.457745417,CIS,5,11,11230000 = 2.142|11A00416 = .264,MAIN ST|US-27,14750,11230000,11A00416,Y,-81.94757781,28.94257775,10,1.25970901180724,On-System / Off-System,Off Corridor,,0,0,0,0,,,Unmatched,,0
113563,268811,93210000,5.008,5.046,MIAMI,URBAN PRIN ART OTHER,DIVIDED,US  441,SR    7,4,PALM BEACH,43500,6,45,1,PPFYA,Change Left-Turn Phasing from Protected-Permissive to Protected-Only,,PPFYA-05398,Potential Location,0.906000018,1,13357.2024403125,0.0278726950508343,0.0135075368323274,0.0602479023791111,0.07997319426124,0.258144037240035,51251.1392910392,,479221.776579251,4.14659940217796,31.1212359938674,415692.649362826,13357.2024403125,402335.446922514,CIS,4,93,93210000 = 5.013|93A19472 = .115,185TH ST S|SR-7,19750,93210000,93A19472,Y,-80.20386293,26.40084,10,1.43697227860399,On-System / Off-System,On Corridor,447670-1,2,201,0.04,100,0,0.7,Verified Match,447670-1,2
64323,122204,60020000,5.197,5.277,1460,URBAN PRIN ART OTHER,DIVIDED,US   98,SR   30,3,WALTON,47500,6,45,1,PPFYA,Change Left-Turn Phasing from Protected-Permissive to Protected-Only,,PPFYA-02207,Potential Location,0.906000018,1,13357.2024403125,0.0277033179178363,0.0116873372465872,0.0463597710781291,0.0838674663528247,0.272726178970824,69397.9322431083,,482151.722040222,4.17411085440149,42.1405154441475,562879.395726593,13357.2024403125,549522.193286281,CIS,3,60,60020000 = 5.263,EMERALD COAST PKWY|SANDESTIN LN,21250,60020000,60A02026,Y,-86.31004998,30.37739004,10,1.24333398772217,On-System / Off-System,On Corridor,409797-2,5,422,0.08,100,0,1.4,Verified Match,409797-2,5
102957,237536,87240000,11.003,11.027,MIAMI,URBAN PRIN ART OTHER,DIVIDED,,SR    9,6,MIAMI-DADE,55500,6,45,1,PPFYA,Change Left-Turn Phasing from Protected-Permissive to Protected-Only,,PPFYA-06117,Potential Location,0.906000018,1,13357.2024403125,0.027649263476057,0.0116645330289615,0.0462693143482141,0.0837038249763444,0.272194038329527,51490.5111437146,,483094.330953127,4.16596637030653,31.266589795177,417634.169512388,13357.2024403125,404276.967072075,CIS,6,87,87240000 = 11.019|87A11916 = .01,NW 27TH AVE|SUPERIOR ST,24250,87240000,87A11916,Y,-80.24365406,25.8996,10,1.24090800665914,On-System / Off-System,On Corridor,438076-1,4,127,0.02,100,0,0.3,Verified Match,438076-1,4
58492,116055,55005000,0.337,0.536590514299415,TALLAHASSEE,URBAN MINOR ART,DIVIDED,,SR  265,3,LEON,33000,6,40,1,PPFYA,Change Left-Turn Phasing from Protected-Permissive to Protected-Only,,PPFYA-00278,Potential Location,0.906000018,1,13357.2024403125,0.0275745924180647,0.0116330311763711,0.0461443569996052,0.0834777700156256,0.271458936765651,69075.4696580272,,484402.533963182,4.15471554199059,41.9447064465657,560263.935306259,13357.2024403125,546906.732865947,SI,3,55,55005000 = .477|55A04993 = 0,E CALL ST|N MAGNOLIA DR,15000,55005000,55A04993,Y,-84.26172977,30.44378,10,1.23755674510353,On-System / Off-System,Off Corridor,,0,0,0,0,,,Unmatched,,0
112163,243897,89010000,21.788,21.84,PORT SAINT LUCIE,URBAN PRIN ART OTHER,DIVIDED,US    1,SR    5,4,MARTIN,52500,6,45,1,PPFYA,Change Left-Turn Phasing from Protected-Permissive to Protected-Only,,PPFYA-06368,Potential Location,0.906000018,1,13357.2024403125,0.0275510605663578,0.0116231036764322,0.0461049779165143,0.0834065310114347,0.271227276716152,69016.5214174173,,484816.27079804,4.15116995377169,41.9089112987345,559785.812270296,13357.2024403125,546428.609829983,CIS,4,89,89010000 = 21.831,NW FEDERAL HWY|NW WINDEMERE DR,23250,89010000,89A03944,Y,-80.26607418,27.22897026,10,1.23650062788652,On-System / Off-System,Off Corridor,,0,0,0,0,,,Unmatched,,0
56710,116139,55003000,8.78631975802185,8.97065023721004,TALLAHASSEE,URBAN PRIN ART OTHER,DIVIDED,US  319,SR  261,3,LEON,49000,6,45,1,PPFYA,Change Left-Turn Phasing from Protected-Permissive to Protected-Only,,PPFYA-03543,Potential Location,0.906000018,1,13357.2024403125,0.0275347221018242,0.0116162108867071,0.0460776365172715,0.0833570688629444,0.271066432191474,68975.5929027167,,485103.94951208,4.14870820668579,41.8840582714165,559453.845353155,13357.2024403125,546096.642912843,CIS,3,55,55003000 = 8.806|55A03779 = .01,CAPITAL CIR NE|CAPITAL MEDICAL BLVD,24000,55003000,55A03779,Y,-84.23267724,30.47252753,10,1.23576735224344,On-System / Off-System,On Corridor,445251-2,1,973,0.18,100,0,0.4,Verified Match,445251-2,1
102284,230173,87090000,11.902,11.914,MIAMI,URBAN PRIN ART OTHER,DIVIDED,US   27,SR   25,6,MIAMI-DADE,59000,6,40,1,PPFYA,Change Left-Turn Phasing from Protected-Permissive to Protected-Only,,PPFYA-05101,Potential Location,0.906000018,1,13357.2024403125,0.0275135376130301,0.0116072736804971,0.0460421855993051,0.0832929361331967,0.270857880829526,68922.5249011764,,485477.463064824,4.14551630003828,41.8518337819221,559023.416323443,13357.2024403125,545666.213883131,CIS,6,87,87090000 = 11.908|87A14427 = .01,W 19TH ST|W OKEECHOBEE RD,26500,87090000,87A14427,Y,-80.3017714,25.83858168,10,1.23481658544329,On-System / Off-System,On Corridor,452565-1,2,63,0.01,100,0.7,0.1,Verified Parallel Fallback,452565-1,2
57917,115734,55003000,5.846,5.925,TALLAHASSEE,URBAN PRIN ART OTHER,DIVIDED,US  319,SR  261,3,LEON,41000,6,45,1,PPFYA,Change Left-Turn Phasing from Protected-Permissive to Protected-Only,,PPFYA-01506,Potential Location,0.906000018,1,13357.2024403125,0.0272828599479772,0.0115099565405529,0.0456561609441932,0.0825945955456342,0.268586967347235,68344.6680171447,,489582.194307412,4.11075966372413,41.5009416708901,554336.47936168,13357.2024403125,540979.276921367,CIS,3,55,55003000 = 5.862|55A00080 = .014,CAPITAL CIR SE|DICK WILSON BLVD,21250,55003000,55A00080,Y,-84.22661672,30.4311058,10,1.22446369623272,On-System / Off-System,On Corridor,445251-2,1,418,0.08,100,0.1,0.4,Verified Match,445251-2,1
13275,28442,10310000,4.339,4.783,TAMPA-ST PETERSBURG,URBAN PRIN ART OTHER,DIVIDED,,SR  580,7,HILLSBOROUGH,55500,6,45,1,PPFYA,Change Left-Turn Phasing from Protected-Permissive to Protected-Only,,PPFYA-00756,Potential Location,0.906000018,1,13357.2024403125,0.0272308343315624,0.0132264052467589,0.0563183164584585,0.108852607886427,0.395775421705321,71303.1713809736,,490517.56099998,5.76895834730122,43.2974340542402,578332.591808567,13357.2024403125,564975.389368254,SI,7,10,10310000 = 4.601|10A01156 = .263,E BUSCH BLVD|N 26TH ST,23750,10310000,10A01156,Y,-82.43050948,28.03258,10,1.40706465739098,On-System / Off-System,On Corridor,438702-1,5,2340,0.44,100,0,0.6,Verified Match,438702-1,5
91775,199486,86018000,0.285,0.35,MIAMI,URBAN PRIN ART OTHER,DIVIDED,,SR  824,4,BROWARD,47500,6,45,1,PPFYA,Change Left-Turn Phasing from Protected-Permissive to Protected-Only,,PPFYA-03341,Potential Location,0.906000018,1,13357.2024403125,0.0272265957588549,0.0132243465114438,0.0563095503194499,0.108835664604877,0.395713817904266,71292.0727979302,,490593.923625885,5.76806038915922,43.2906946602117,578242.572358203,13357.2024403125,564885.369917891,CIS,4,86,86018000 = .286|86A06818 = .708,OLEANDER DR|PEMBROKE RD|S AIRPORT RD,20750,86018000,86A06818,Y,-80.24311,25.99471175,10,1.40684564295383,On-System / Off-System,On Corridor,446372-1,1,226,0.04,66,0,187.1,Verified Match,446372-1,1
96583,205708,86120000,1.575,1.584,MIAMI,URBAN PRIN ART OTHER,DIVIDED,,SR  810,4,BROWARD,40000,6,45,1,PPFYA,Change Left-Turn Phasing from Protected-Permissive to Protected-Only,,PPFYA-06372,Potential Location,0.906000018,1,13357.2024403125,0.0271510616550766,0.0131876585181801,0.056153332059363,0.108533724382241,0.394615998373216,95632.569138183,,491958.753215641,5.75205819498508,58.0709774264392,775665.801391766,13357.2024403125,762308.598951454,CIS,4,86,86120000 = 1.576|86A00408 = .288,NW 39TH AVE|VILLAGE DR|W HILLSBORO BLVD,36000,86120000,86A00408,Y,-80.17718499,26.31754979,10,1.40294266419967,On-System / Off-System,On Corridor,439891-5,1,47,0.01,100,0,0.4,Verified Parallel Fallback,439891-5,1
67819,156828,75010000,10.145,10.835,ORLANDO,URBAN PRIN ART OTHER,DIVIDED,US   17,SR  500,5,ORANGE,51500,6,40,1,PPFYA,Change Left-Turn Phasing from Protected-Permissive to Protected-Only,,PPFYA-04101,Potential Location,0.906000018,1,13357.2024403125,0.0271044262411441,0.0131650070314129,0.0560568815441844,0.108347303857457,0.393938195027538,70972.1753628095,,492805.209063473,5.74217830084706,43.0964432989749,575647.917601856,13357.2024403125,562290.715161544,CIS,5,75,75010000 = 10.773|75A12067 = .254,39TH ST|S ORANGE BLOSSOM TRL,21500,75010000,75A12067,Y,-81.39689053,28.50359,10,1.40053293110342,On-System / Off-System,Off Corridor,,0,0,0,0,,,Unmatched,,0
18602,64114,15040000,1.913,2.605,TAMPA-ST PETERSBURG,URBAN PRIN ART OTHER,DIVIDED,,SR   60,7,PINELLAS,49500,6,40,1,PPFYA,Change Left-Turn Phasing from Protected-Permissive to Protected-Only,,PPFYA-03713,Potential Location,0.906000018,1,13357.2024403125,0.026962410024928,0.0130960277263936,0.0557631661879192,0.107779607865881,0.391874118430487,94968.0927249799,,495400.909190356,5.71209161213174,57.6674873274149,770276.302456436,13357.2024403125,756919.100016124,CIS,7,15,15040000 = 2.174|15A08528 = .863,GULF TO BAY BLVD|S DUNCAN AVE,25000,15040000,15A08528,Y,-82.76692,27.96066488,10,1.39319470576001,On-System / Off-System,On Corridor,"454711-1, 438702-1",8,3648,0.69,100,0,0.7,Verified Match,"454711-1, 438702-1",8
94299,200621,86020000,11.236,11.254,MIAMI,URBAN PRIN ART OTHER,DIVIDED,US    1,SR    5,4,BROWARD,46000,6,45,1,PPFYA,Change Left-Turn Phasing from Protected-Permissive to Protected-Only,,PPFYA-06459,Potential Location,0.906000018,1,13357.2024403125,0.0268494383036522,0.0130411557474882,0.0555295201280079,0.10732801441382,0.390232177163308,70304.496642955,,497485.358511042,5.6881581128299,42.6910086628651,570232.445091023,13357.2024403125,556875.242650711,CIS,4,86,86020000 = 11.244|86A12059 = .083,N FEDERAL HWY|NE 29TH ST,22500,86020000,86A12059,Y,-80.09856476,26.26737,10,1.38735726007779,On-System / Off-System,On Corridor,448401-1,2,95,0.02,100,0,0.6,Verified Match,448401-1,2
95831,212319,86230000,3.175,3.495,MIAMI,URBAN MINOR ART,DIVIDED,,SR  822,4,BROWARD,43500,6,40,1,PPFYA,Change Left-Turn Phasing from Protected-Permissive to Protected-Only,,PPFYA-05203,Potential Location,0.906000018,1,13357.2024403125,0.0266867541165272,0.0129621377137418,0.0551930596500904,0.10667770022165,0.387867710398163,69878.512689092,,500518.061581732,5.65369283395298,42.4323383710207,566777.333637563,13357.2024403125,553420.131197251,CIS,4,86,86230000 = 3.425|86A19781 = .76,N 23RD AVE|SHERIDAN ST,21750,86230000,86A19781,Y,-80.15342,26.03341,10,1.37895108466529,On-System / Off-System,On Corridor,439170-1,2,1686,0.32,100,0,0.4,Verified Match,439170-1,2
81393,169837,77080000,5.555,5.75375283747347,ORLANDO,URBAN PRIN ART OTHER,DIVIDED,,SR  436,5,SEMINOLE,47000,7,40,1,PPFYA,Change Left-Turn Phasing from Protected-Permissive to Protected-Only,,PPFYA-04344,Potential Location,0.906000018,1,13357.2024403125,0.0265122613508945,0.0128773840847202,0.0548321768848046,0.105980182387082,0.385331616679478,93382.5608316472,,503812.264956487,5.61672586171175,56.7047045891034,757416.218514771,13357.2024403125,744059.016074459,CIS,5,77,77080000 = 5.572|77A05600 = .205,BOSTON AVE|E ALTAMONTE DR,24250,77080000,77A05600,Y,-81.37114,28.66381694,10,1.36993473942582,On-System / Off-System,On Corridor,"441140-4, 441140-2, 441140-5",4,395,0.07,38,0.3,109.9,Verified Match,"441140-4, 441140-2, 441140-5",4
59038,127146,70020000,19.459,19.5775913063586,PALM BAY-MELBOURNE,URBAN PRIN ART OTHER,DIVIDED,US    1,SR    5,5,BREVARD,30000,6,45,1,PPFYA,Change Left-Turn Phasing from Protected-Permissive to Protected-Only,,PPFYA-01570,Potential Location,0.906000018,1,13357.2024403125,0.0264008012490044,0.0111378380269237,0.0441800908401308,0.0799243006561657,0.259903512920863,66135.0752886741,,505939.282460839,3.97785822568983,40.1592103902922,536414.703026233,13357.2024403125,523057.500585921,CIS,5,70,70020000 = 19.469|70A07920 = .011,LONGWOOD AVE|ROCKLEDGE BLVD,20750,70020000,70A07920,Y,-80.72521305,28.33447599,10,1.18487661273422,On-System / Off-System,On Corridor,453453-2,4,628,0.12,100,0,0.9,Verified Match,453453-2,4
112095,243652,89010000,17.702,17.772,PORT SAINT LUCIE,URBAN PRIN ART OTHER,DIVIDED,US    1,SR    5,4,MARTIN,42000,6,45,1,PPFYA,Change Left-Turn Phasing from Protected-Permissive to Protected-Only,,PPFYA-06157,Potential Location,0.906000018,1,13357.2024403125,0.0263972887053273,0.0111363561725599,0.0441742128178211,0.0799136669790181,0.259868933574866,66126.2762246475,,506006.605050194,3.97732898414798,40.1538673334961,536343.334734958,13357.2024403125,522986.132294646,CIC,4,89,89010000 = 17.765|89A00340 = 1.041,SE CENTRAL PKWY|SE FEDERAL HWY,16000,89010000,89A00340,Y,-80.23955548,27.18069908,10,1.18471896862278,On-System / Off-System,On Corridor,447649-1,1,370,0.07,100,0,0.4,Verified Match,447649-1,1
70275,159843,75060000,11.996,12,ORLANDO,URBAN PRIN ART OTHER,DIVIDED,,SR   50,5,ORANGE,48500,6,45,1,PPFYA,Change Left-Turn Phasing from Protected-Permissive to Protected-Only,,PPFYA-00268,Potential Location,0.906000018,1,13357.2024403125,0.0263436922495281,0.0127955076640565,0.0544835453342512,0.105306343823438,0.382881618035755,92788.8199147805,,507036.079597073,5.58101384082453,56.344167214742,752600.447818127,13357.2024403125,739243.245377815,CIS,5,75,75060000 = 11.998|75A07221 = .569,E COLONIAL DR|NEWPORT AVE|SOPHIE BLVD,22500,75060000,75A07221,Y,-81.20339944,28.56630297,10,1.36122448024048,On-System / Off-System,Off Corridor,,0,0,0,0,,,Unmatched,,0
9818,27115,10160000,3.787,3.823,TAMPA-ST PETERSBURG,URBAN PRIN ART OTHER,DIVIDED,,SR  597,7,HILLSBOROUGH,69500,7,45,1,PPFYA,Change Left-Turn Phasing from Protected-Permissive to Protected-Only,,PPFYA-00034,Potential Location,0.906000018,1,13357.2024403125,0.0263401296082833,0.0127937772383091,0.0544761771444042,0.105292102512073,0.382829838284027,92776.2714354805,,507104.658897046,5.58025908139642,56.3365474000206,752498.668410335,13357.2024403125,739141.465970023,CIS,7,10,10160000 = 3.818|10A08552 = .531,DALE MABRY HWY|HUDSON LN,29500,10160000,10A08552,Y,-82.50421993,28.05114,10,1.36104039235976,On-System / Off-System,On Corridor,438702-1,5,191,0.04,100,0.1,1,Verified Match,438702-1,5
14449,42442,12010000,21.047,21.711,CAPE CORAL,URBAN PRIN ART OTHER,DIVIDED,US   41,SR   45,1,LEE,45500,6,40,1,PPFYA,Change Left-Turn Phasing from Protected-Permissive to Protected-Only,,PPFYA-02554,Potential Location,0.906000018,1,13357.2024403125,0.0261009142904701,0.0110113232162921,0.0436782487579586,0.0790164397465404,0.256951266386105,48607.0603399035,,511752.281612197,3.93267369535943,29.5156715876318,394246.800557778,13357.2024403125,380889.598117466,SI,1,12,12010000 = 21.545|12A01927 = 0,CARRELL RD|CLEVELAND AVE,22000,12010000,12A01927,Y,-81.87197229,26.61165063,10,1.17141758774933,On-System / Off-System,On Corridor,456031-1,1,3521,0.67,100,0,1.3,Verified Match,456031-1,1
953,2133,03010000,11.012,11.036,BONITA SPRINGS,URBAN PRIN ART OTHER,DIVIDED,US   41,SR   45,1,COLLIER,36000,6,40,1,PPFYA,Change Left-Turn Phasing from Protected-Permissive to Protected-Only,,PPFYA-00224,Potential Location,0.906000018,1,13357.2024403125,0.0258451167167346,0.0125533424052711,0.0534524004823375,0.103313336693648,0.375635275917086,67674.7089044797,,516817.2613306,5.47538867170016,41.0941223115566,548902.510822424,13357.2024403125,535545.308382112,CIS,1,3,03010000 = 11.036|03A09983 = .768,7TH AVE N|9TH ST N,16500,3010000,03A09983,Y,-81.79694596,26.15663977,10,1.33546221373437,On-System / Off-System,On Corridor,"452524-1, 437908-1, 413627-1, 412666-1",7,127,0.02,100,0,1.2,Verified Match,"452524-1, 437908-1, 413627-1, 412666-1",7
22374,62939,15030000,1.777,2.302,TAMPA-ST PETERSBURG,URBAN MINOR ART,DIVIDED,,SR  686,7,PINELLAS,62500,6,40,1,PPFYA,Change Left-Turn Phasing from Protected-Permissive to Protected-Only,,PPFYA-02250,Potential Location,0.906000018,1,13357.2024403125,0.0258036732930205,0.0125332127423243,0.0533666879469288,0.103147670644048,0.375032933429241,90886.7432722459,,517647.324418939,5.46660872091845,55.1891689671012,737172.902406183,13357.2024403125,723815.699965871,CIS,7,15,15030000 = 2.057|15A03813 = .661,E BAY DR|FULTON DR SE|FULTON ST NE,29250,15030000,15A03813,Y,-82.75418,27.91652517,10,1.33332075981932,On-System / Off-System,On Corridor,"456979-5, 449205-1",4,2767,0.52,100,0,0.7,Verified Match,"456979-5, 449205-1",4
69808,141320,72100000,7.196,7.615,JACKSONVILLE,URBAN PRIN ART OTHER,DIVIDED,USA  90,SR   10,2,DUVAL,58000,6,45,1,PPFYA,Change Left-Turn Phasing from Protected-Permissive to Protected-Only,,PPFYA-04423,Potential Location,0.906000018,1,13357.2024403125,0.0257607325467354,0.010867809043154,0.0431089758711775,0.077986592670781,0.253602336579229,64531.6772927105,,518510.194385184,3.88141787419015,39.1855788161508,523409.708988147,13357.2024403125,510052.506547834,SI,2,72,72100000 = 7.539|72A06880 = 0,ATLANTIC BLVD|BROOKVIEW DR N,24500,72100000,72A06880,Y,-81.53011483,30.32379944,10,1.15615011959832,On-System / Off-System,On Corridor,"208819-2, 447211-5",2,2211,0.42,100,0,0.9,Verified Match,"208819-2, 447211-5",2
87209,194962,86014000,2.812,2.815,MIAMI,URBAN PRIN ART OTHER,DIVIDED,,SR  870,4,BROWARD,55000,6,45,1,PPFYA,Change Left-Turn Phasing from Protected-Permissive to Protected-Only,,PPFYA-05338,Potential Location,0.906000018,1,13357.2024403125,0.0257449172174636,0.0125046740770537,0.0532451696997542,0.102912798955004,0.374178967285635,67412.3393427608,,518828.719761891,5.45416101739193,40.9348036083861,546774.458651648,13357.2024403125,533417.256211335,CIC,4,86,86014000 = 2.813|86A05009 = .576,NW 47TH TER|W COMMERCIAL BLVD,25250,86014000,86A05009,Y,-80.20898843,26.18931736,10,1.33028473101769,On-System / Off-System,On Corridor,"441944-1, 452076-1",4,16,0,100,0.2,0.2,Verified Parallel Fallback,"441944-1, 452076-1",4
30428,64996,15090000,2.438,2.77,TAMPA-ST PETERSBURG,URBAN MINOR ART,DIVIDED,US   92,SR  687,7,PINELLAS,33500,6,40,1,PPFYA,Change Left-Turn Phasing from Protected-Permissive to Protected-Only,,PPFYA-04558,Potential Location,0.906000018,1,13357.2024403125,0.0256596386849951,0.012463253075569,0.0530687981894216,0.102571906327811,0.372939521342144,67189.0399116203,,520553.021197581,5.43609442803446,40.7992094657006,544963.300238077,13357.2024403125,531606.097797765,CIS,7,15,15090000 = 2.662|15A01682 = 1.429,34TH AVE N|4TH ST N,15750,15090000,15A01682,Y,-82.63857483,27.80304,10,1.32587824065424,On-System / Off-System,On Corridor,454084-1,2,1756,0.33,100,0,1.1,Verified Match,454084-1,2
68980,143501,72160000,2.27139999999781,2.47650000000431,JACKSONVILLE,URBAN MINOR ART,DIVIDED,,SR   13,2,DUVAL,57500,6,45,1,PPFYA,Change Left-Turn Phasing from Protected-Permissive to Protected-Only,,PPFYA-00116,Potential Location,0.906000018,1,13357.2024403125,0.0256294625235053,0.0108124295021038,0.0428893036916784,0.0775891931863929,0.252310044733352,64202.840573416,,521165.920981072,3.86163917365877,38.9858992522195,520742.548629523,13357.2024403125,507385.346189211,CIS,2,72,72160000 = 2.31|72A13280 = .577,MANDARIN RD|SAN JOSE BLVD,26000,72160000,72A13280,Y,-81.6317118,30.16722802,10,1.15025867793292,On-System / Off-System,On Corridor,209697-6,1,1084,0.21,100,0,1.1,Verified Match,209697-6,1
69572,153561,75003000,5.095,5.573,ORLANDO,URBAN PRIN ART OTHER,DIVIDED,,SR  436,5,ORANGE,54000,6,45,1,PPFYA,Change Left-Turn Phasing from Protected-Permissive to Protected-Only,,PPFYA-04723,Potential Location,0.906000018,1,13357.2024403125,0.0256095700443462,0.0124389340215396,0.0529652471371705,0.102371761813633,0.372211819167258,67057.9365887646,,521570.741608814,5.42548719144036,40.7195995778696,543899.934850068,13357.2024403125,530542.732409755,CIS,5,75,75003000 = 5.284|75A10397 = .403,LA COSTA DR|S SEMORAN BLVD,22000,75003000,75A10397,Y,-81.3104347,28.52757,10,1.32329110675144,On-System / Off-System,Off Corridor,,0,0,0,0,,,Unmatched,,0
84712,193310,86015000,8.116,8.215,MIAMI,URBAN PRIN ART OTHER,DIVIDED,,SR  818,4,BROWARD,34000,6,45,1,PPFYA,Change Left-Turn Phasing from Protected-Permissive to Protected-Only,,PPFYA-05033,Potential Location,0.906000018,1,13357.2024403125,0.0254210899142539,0.0107245223075759,0.0425406051533843,0.0769583776701046,0.250258714069932,47341.040915927,,525437.834702082,3.83024328192422,28.7469064477459,383978.248955266,13357.2024403125,370621.046514954,CIS,4,86,86015000 = 8.119|86A19109 = .949,GRIFFIN RD|SW 31ST AVE,15000,86015000,86A19109,Y,-80.18438,26.06229132,10,1.14090684693704,On-System / Off-System,Off Corridor,,0,0,0,0,,,Unmatched,,0
92336,203018,86040000,12.964,13.082,MIAMI,URBAN PRIN ART OTHER,DIVIDED,,SR  820,4,BROWARD,51000,6,40,1,PPFYA,Change Left-Turn Phasing from Protected-Permissive to Protected-Only,,PPFYA-04990,Potential Location,0.906000018,1,13357.2024403125,0.0253631215971904,0.0123192304900639,0.0524555469396439,0.101386608150847,0.368629915031893,66412.6182834143,,526638.741573203,5.37327612772167,40.3277428591746,538665.825330861,13357.2024403125,525308.622890549,CIS,4,86,86040000 = 13.014|86A20914 = .229,HOLLYWOOD BLVD|NW 68TH AVE|SW 68TH AVE,21750,86040000,86A20914,Y,-80.22322501,26.00976016,10,1.31055668607085,On-System / Off-System,Off Corridor,,0,0,0,0,,,Unmatched,,0
81691,158314,75120000,0.31,1.201,ORLANDO,URBAN PRIN ART OTHER,DIVIDED,,SR  436,5,ORANGE,34500,8,45,1,PPFYA,Change Left-Turn Phasing from Protected-Permissive to Protected-Only,,PPFYA-00555,Potential Location,0.906000018,1,13357.2024403125,0.0251400405444319,0.0106059546046822,0.0420702865985728,0.0761075446169325,0.247491914765927,62976.8187141298,,531311.889362521,3.78789704640558,38.2414218387553,510798.413105642,13357.2024403125,497441.21066533,CIS,5,75,75120000 = 1.037|75A03061 = .016,E SEMORAN BLVD|SEMORAN COMMERCE PL,15750,75120000,75A03061,Y,-81.47895,28.67304875,10,1.12829325910745,On-System / Off-System,Off Corridor,,0,0,0,0,,,Unmatched,,0
25246,65731,15080000,0.315,0.765,TAMPA-ST PETERSBURG,URBAN MINOR ART,DIVIDED,,SR  584,7,PINELLAS,49500,6,45,1,PPFYA,Change Left-Turn Phasing from Protected-Permissive to Protected-Only,,PPFYA-03487,Potential Location,0.906000018,1,13357.2024403125,0.0249141624274939,0.010510662274099,0.0416922936872593,0.0754237339113585,0.24526825058504,62410.9848923127,,536128.897737787,3.75386356700506,37.8978304933594,506208.993948449,13357.2024403125,492851.791508137,CIS,7,15,15080000 = .613|15A02963 = .297,SHADY OAKS DR|TAMPA RD,27750,15080000,15A02963,Y,-82.68472025,28.04580579,10,1.1181557751893,On-System / Off-System,Off Corridor,,0,0,0,0,,,Unmatched,,0
69050,153012,75003000,5.573,6.075,ORLANDO,URBAN PRIN ART OTHER,DIVIDED,,SR  436,5,ORANGE,54000,6,45,1,PPFYA,Change Left-Turn Phasing from Protected-Permissive to Protected-Only,,PPFYA-01822,Potential Location,0.906000018,1,13357.2024403125,0.0248044589935638,0.0104643811379097,0.041508711847042,0.0750916239062967,0.244188271701483,46192.705036353,,538500.051292325,3.73733434492087,28.0496023018711,374664.216316347,13357.2024403125,361307.013876035,CIS,5,75,75003000 = 5.669|75A10002 = .009,ROBERTO CLEMENTE RD|S SEMORAN BLVD,26000,75003000,75A10002,Y,-81.31044566,28.53316,10,1.11323224911998,On-System / Off-System,Off Corridor,,0,0,0,0,89.3,214,No Match - Angle Mismatch,,0
80886,169428,77080000,1.46,1.49900907485008,ORLANDO,URBAN PRIN ART OTHER,DIVIDED,,SR  436,5,SEMINOLE,55500,6,45,1,PPFYA,Change Left-Turn Phasing from Protected-Permissive to Protected-Only,,PPFYA-02709,Potential Location,0.906000018,1,13357.2024403125,0.0246601704376124,0.00924756391410465,0.051786357918986,0.0810703103136508,0.315650181601439,76515.3283826066,,541650.856554491,4.60220430791941,46.4624128299075,620607.854034448,13357.2024403125,607250.651594135,CIS,5,77,77080000 = 1.476,CAMPUS LOOP|E SEMORAN BLVD|EDUCATION LOOP|POST LAKE PL,25250,77080000,77A10608,Y,-81.43636036,28.6689745,10,0.983783583501606,On-System / Off-System,Off Corridor,,0,0,0,0,,,Unmatched,,0
103311,236910,87240000,1.809,1.868,MIAMI,URBAN PRIN ART OTHER,DIVIDED,,SR    9,6,MIAMI-DADE,41500,6,40,1,PPFYA,Change Left-Turn Phasing from Protected-Permissive to Protected-Only,,PPFYA-04516,Potential Location,0.906000018,1,13357.2024403125,0.0243588815201876,0.0118314567383768,0.050378595871297,0.0973722562586199,0.354034198458181,63783.0439763508,,548350.400622567,5.16052395478493,38.7309861098501,517337.6221822,13357.2024403125,503980.419741887,CIS,6,87,87240000 = 1.863|87A28106 = .978,SW 27TH AVE|SW 6TH ST,20500,87240000,87A28106,Y,-80.23890544,25.76694497,10,1.25866585148674,On-System / Off-System,Off Corridor,,0,0,0,0,,,Unmatched,,0
74455,157576,75190000,8.03310434720184,8.1233115331126,ORLANDO,URBAN PRIN ART OTHER,DIVIDED,,SR  423,5,ORANGE,38500,6,45,1,PPFYA,Change Left-Turn Phasing from Protected-Permissive to Protected-Only,,PPFYA-03378,Potential Location,0.906000018,1,13357.2024403125,0.0243468963354565,0.0102713468915207,0.0407430093363654,0.0737064244530421,0.239683781814912,60989.9603805274,,548620.335679515,3.66839252129386,37.0349415937935,494683.21223345,13357.2024403125,481326.009793138,CIS,5,75,75190000 = 8.049|75A04533 = .72,ADANSON ST|LEE RD,19500,75190000,75A04533,Y,-81.39350422,28.60698436,10,1.09269668706114,On-System / Off-System,On Corridor,449214-1,1,477,0.09,100,1.7,48.5,Verified Match,449214-1,1
27534,64539,15150000,8.073,8.24,TAMPA-ST PETERSBURG,URBAN PRIN ART OTHER,DIVIDED,US   19,SR   55,7,PINELLAS,53500,6,45,1,PPFYA,Change Left-Turn Phasing from Protected-Permissive to Protected-Only,,PPFYA-03304,Potential Location,0.906000018,1,13357.2024403125,0.0241205815426712,0.0117157110350117,0.0498857481905246,0.0964196753095352,0.350570724921324,84958.4893341136,,553767.84414101,5.11003917610663,51.5893545553181,689089.452560441,13357.2024403125,675732.250120129,CIS,7,15,15150000 = 8.137|15A01600 = 2.52,34TH ST N|58TH AVE N,25750,15150000,15A01600,Y,-82.67956967,27.82471,10,1.24635247643045,On-System / Off-System,On Corridor,"454084-1, 438702-1",7,885,0.17,100,0,1.1,Verified Match,"454084-1, 438702-1",7
49729,105518,48020000,10.494,10.545,PENSACOLA,URBAN PRIN ART OTHER,DIVIDED,US   90,SR   10A,3,ESCAMBIA,37500,6,40,1,PPFYA,Change Left-Turn Phasing from Protected-Permissive to Protected-Only,,PPFYA-00898,Potential Location,0.906000018,1,13357.2024403125,0.0240342908710835,0.0101394664612384,0.0402198836295789,0.0727600602542568,0.236606327551972,60206.8710444515,,555756.045059062,3.62129166984154,36.5594261541483,488331.656242614,13357.2024403125,474974.453802301,SI,3,48,48020000 = 10.543|48A02057 = 0,EDISON DR|MOBILE HWY,17500,48020000,48A02057,Y,-87.28269669,30.44077786,10,1.07866685136582,On-System / Off-System,On Corridor,"457655-2, 456593-1",4,270,0.05,100,0.7,0.7,Verified Match,"457655-2, 456593-1",4
46487,101120,36100000,15.913,16.019,OCALA,URBAN PRIN ART OTHER,DIVIDED,,SR  200,5,MARION,37000,6,45,1,PPFYA,Change Left-Turn Phasing from Protected-Permissive to Protected-Only,,PPFYA-01003,Potential Location,0.906000018,1,13357.2024403125,0.0239810641868979,0.0101170114538476,0.0401308121002619,0.0725989247845542,0.236082335796172,60073.5360470481,,556989.562106682,3.61327190553526,36.4784611262907,487250.189974934,13357.2024403125,473892.987534622,SI,5,36,36100000 = 15.957|36A05873 = .535,SR-200|SW 26TH ST,18750,36100000,36A05873,Y,-82.17329191,29.16180154,10,1.07627802033489,On-System / Off-System,Off Corridor,,0,0,0,0,,,Unmatched,,0
9985,23790,10030002,0.444,0.655,TAMPA-ST PETERSBURG,URBAN MINOR ART,DIVIDED,,SR  553,7,HILLSBOROUGH,26500,6,45,1,PPFYA,Change Left-Turn Phasing from Protected-Permissive to Protected-Only,,PPFYA-04279,Potential Location,0.906000018,1,13357.2024403125,0.0239454870675079,0.0116306651470753,0.0495236209805277,0.0957197521997264,0.34802588590162,62700.5822659067,,557817.111953306,5.072944729357,38.0736827442849,508557.888063645,13357.2024403125,495200.685623333,CIS,7,10,10030002 = .484|10A10453 = 1.35,E CHERRY ST|PARK RD,12000,10030002,10A10453,Y,-82.10495535,28.02576004,10,1.2373050398111,On-System / Off-System,On Corridor,445362-2,1,1118,0.21,100,0,2,Verified Match,445362-2,1
77923,158360,75060000,3.353,3.661,ORLANDO,URBAN PRIN ART OTHER,DIVIDED,,SR   50,5,ORANGE,62000,6,40,1,PPFYA,Change Left-Turn Phasing from Protected-Permissive to Protected-Only,,PPFYA-01337,Potential Location,0.906000018,1,13357.2024403125,0.0239139438269937,0.0116153441445398,0.0494583838240096,0.0955936611681643,0.347567433576419,84230.6616019189,,558552.890185981,5.06626217095832,51.1473956266026,683186.117679285,13357.2024403125,669828.915238973,CIS,5,75,75060000 = 3.356,E COLONIAL DR|FASHION SQ|HERNDON PLZ,53500,75060000,75A20376,Y,-81.34051499,28.55337979,10,1.23567514561224,On-System / Off-System,Off Corridor,,0,0,0,0,,,Unmatched,,0
91433,198869,86020000,9.144,9.162,MIAMI,URBAN PRIN ART OTHER,DIVIDED,US    1,SR    5,4,BROWARD,43500,6,45,1,PPFYA,Change Left-Turn Phasing from Protected-Permissive to Protected-Only,,PPFYA-03643,Potential Location,0.906000018,1,13357.2024403125,0.0238390599753513,0.0115789719880278,0.0493035104035674,0.0952943202651054,0.346479064869026,62421.9059279281,,560307.430499498,5.05039773523261,37.90446207524,506297.573330128,13357.2024403125,492940.370889816,CIS,4,86,86020000 = 9.153|86A08142 = .326,N FEDERAL HWY|NE 6TH ST,21000,86020000,86A08142,Y,-80.10281018,26.23725,10,1.23180576651895,On-System / Off-System,On Corridor,"448401-1, 457345-1",3,95,0.02,100,1,0.6,Verified Match,"448401-1, 457345-1",3
100251,224364,87044000,1.722,2.138,MIAMI,URBAN PRIN ART OTHER,DIVIDED,,SR  976,6,MIAMI-DADE,47500,6,40,1,PPFYA,Change Left-Turn Phasing from Protected-Permissive to Protected-Only,,PPFYA-05825,Potential Location,0.906000018,1,13357.2024403125,0.0237979208276624,0.0115589901162932,0.0492184271663018,0.095129870529279,0.345881144756593,62314.1842304432,,561276.026466407,5.04168224651233,37.8390502148314,505423.853868653,13357.2024403125,492066.65142834,CIS,6,87,87044000 = 1.895|87A18783 = .454,BIRD RD|SW 40TH ST|SW 99TH AVE,22500,87044000,87A18783,Y,-80.35574,25.73261502,10,1.2296800350763,On-System / Off-System,Off Corridor,,0,0,0,0,,,Unmatched,,0
105037,241686,88060000,27.472,27.543,VERO BEACH-SEBASTIAN,URBAN PRIN ART OTHER,DIVIDED,,SR   60,4,INDIAN RIVER,32500,6,45,1,PPFYA,Change Left-Turn Phasing from Protected-Permissive to Protected-Only,,PPFYA-05023,Potential Location,0.906000018,1,13357.2024403125,0.0237591915689081,0.0100234089431331,0.0397595221410947,0.0719272401011867,0.233898103874853,59517.7361621563,,562190.94835668,3.57984194217158,36.1409626897221,482742.155034399,13357.2024403125,469384.952594087,CIS,4,88,88060000 = 27.495|88A00583 = .009,20TH ST|53RD AVE,14000,88060000,88A00583,Y,-80.44092826,27.63877738,10,1.0663203045223,On-System / Off-System,Off Corridor,,0,0,0,0,,,Unmatched,,0
77116,158194,75037000,2.409,2.5,ORLANDO,URBAN PRIN ART OTHER,DIVIDED,,SR  434,5,ORANGE,31500,6,45,1,PPFYA,Change Left-Turn Phasing from Protected-Permissive to Protected-Only,,PPFYA-03995,Potential Location,0.906000018,1,13357.2024403125,0.0237570849344909,0.0100225202067384,0.0397559968200621,0.0719208625946502,0.2338773650465,59512.458957708,,562240.800045308,3.579524531614,36.1377582121769,482699.352179113,13357.2024403125,469342.1497388,CIC,5,75,75037000 = 2.465|75A00332 = .012,ALAFAYA TRL N|CENTAURUS BLVD W,14000,75037000,75A00332,Y,-81.20757,28.60230962,10,1.06622575807922,On-System / Off-System,Off Corridor,,0,0,0,0,,,Unmatched,,0
91984,198513,86065000,7.945,8.253,MIAMI,URBAN PRIN ART OTHER,DIVIDED,,SR  845,4,BROWARD,33000,6,45,1,PPFYA,Change Left-Turn Phasing from Protected-Permissive to Protected-Only,,PPFYA-04457,Potential Location,0.906000018,1,13357.2024403125,0.0237506399669139,0.0115360251267868,0.0491206417497538,0.0949408698937157,0.345193960428215,83655.4661311853,,562393.369564773,5.03166561195162,50.7981196059146,678520.767163408,13357.2024403125,665163.564723096,CIS,4,86,86065000 = 8.116|86A07840 = .166,N POWERLINE RD|NW 18TH ST,16000,86065000,86A07840,Y,-80.15173491,26.25283501,10,1.22723695061843,On-System / Off-System,On Corridor,"451576-3, 448406-1",4,1633,0.31,100,0,0.6,Verified Match,"451576-3, 448406-1",4
63047,129214,70020000,4.69652916816479,4.857,PALM BAY-MELBOURNE,URBAN PRIN ART OTHER,DIVIDED,US    1,SR    5,5,BREVARD,43000,6,45,1,PPFYA,Change Left-Turn Phasing from Protected-Permissive to Protected-Only,,PPFYA-00532,Potential Location,0.906000018,1,13357.2024403125,0.0235547349666719,0.0114408712695264,0.0487154745901624,0.0941577587369042,0.342346659345153,61677.4089149129,,567070.801654608,4.99016237438413,37.4523810569586,500259.035649522,13357.2024403125,486901.833209209,CIS,5,70,70020000 = 4.852|70A02888 = .29,MASTERSON ST|N HARBOR CITY BLVD,23750,70020000,70A02888,Y,-80.6341668,28.13968426,10,1.21711419790765,On-System / Off-System,On Corridor,453453-2,4,850,0.16,100,0,1.3,Verified Match,453453-2,4
72634,159618,75030000,6.959,7.008,ORLANDO,URBAN PRIN ART OTHER,DIVIDED,US   17,SR   15,5,ORANGE,39500,6,40,1,PPFYA,Change Left-Turn Phasing from Protected-Permissive to Protected-Only,,PPFYA-00490,Potential Location,0.906000018,1,13357.2024403125,0.0234142854999365,0.00987790169528571,0.0391823433913,0.0708830908689484,0.230502665300547,43603.8207491712,,570472.348615922,3.52787429806074,26.4775537586246,353666.045678206,13357.2024403125,340308.843237893,CIS,5,75,75030000 = 6.973|75A04088 = .011,MAGNOLIA RD|ORLANDO AVE S,17250,75030000,75A04088,Y,-81.36544278,28.61591238,10,1.05084080710629,On-System / Off-System,On Corridor,452910-1,1,260,0.05,100,0,1.2,Verified Match,452910-1,1
35148,83411,17180000,2.699,2.774,215,URBAN PRIN ART OTHER,DIVIDED,US   41,SR   45A,1,SARASOTA,33500,6,45,1,PPFYA,Change Left-Turn Phasing from Protected-Permissive to Protected-Only,,PPFYA-01155,Potential Location,0.906000018,1,13357.2024403125,0.0234121105329356,0.00987698413108219,0.0391787037199594,0.0708765064961917,0.230481253769938,58648.2841243632,,570525.345056864,3.52754659170465,35.6130052154531,475690.120170712,13357.2024403125,462332.917730399,CIC,1,17,17180000 = 2.772,BIRD BAY DR W|VENICE BYP N,14500,17180000,17A02358,Y,-82.440196,27.1077934,10,1.05074319387446,On-System / Off-System,On Corridor,"456052-1, 452533-1",2,396,0.08,100,0.1,0.4,Verified Match,"456052-1, 452533-1",2
79140,182335,79060000,18.367,18.374,DAYTONA BEACH-PORT ORANGE,URBAN PRIN ART OTHER,DIVIDED,US   92,SR  600,5,VOLUSIA,37000,8,45,1,PPFYA,Change Left-Turn Phasing from Protected-Permissive to Protected-Only,,PPFYA-05182,Potential Location,0.906000018,1,13357.2024403125,0.0234045736326034,0.0113679357644074,0.048404913649248,0.0935575034300693,0.34016420086477,82436.5372707679,,570709.069517311,4.95835011071756,50.0579492750783,668634.162214115,13357.2024403125,655276.959773803,CIS,5,79,79060000 = 18.373|79A01956 = .105,HAGEN TER|W INTERNATIONAL SPEEDWAY BLVD,19750,79060000,79A01956,Y,-81.05854026,29.19598052,10,1.20935510013261,On-System / Off-System,Off Corridor,,0,0,0,0,,,Unmatched,,0
91126,198723,86020000,13.556,13.572,MIAMI,URBAN PRIN ART OTHER,DIVIDED,US    1,SR    5,4,BROWARD,43500,6,45,1,PPFYA,Change Left-Turn Phasing from Protected-Permissive to Protected-Only,,PPFYA-06196,Potential Location,0.906000018,1,13357.2024403125,0.0233744809027057,0.0113533192955999,0.0483426764124141,0.0934372106734133,0.339726830392734,61205.4187342741,,571443.810705816,4.95197484864432,37.1657743980308,496430.772485481,13357.2024403125,483073.570045169,CIS,4,86,86020000 = 13.566|86A11105 = .232,S FEDERAL HWY|SE 13TH CT,18250,86020000,86A11105,Y,-80.09359473,26.30078993,10,1.2078001563447,On-System / Off-System,On Corridor,439891-5,1,85,0.02,100,0,0.7,Verified Match,439891-5,1
78248,201033,86016000,1.531,1.55,MIAMI,URBAN MINOR ART,DIVIDED,,SR  848,4,BROWARD,47000,6,45,1,PPFYA,Change Left-Turn Phasing from Protected-Permissive to Protected-Only,,PPFYA-06052,Potential Location,0.906000018,1,13357.2024403125,0.0233563788797161,0.0113445268844335,0.0483052381375947,0.0933648495996963,0.339463733944965,61158.0190978232,,571886.699950419,4.94813986454661,37.1369919106087,496046.318974248,13357.2024403125,482689.116533936,CIS,4,86,86016000 = 1.539|86A00934 = 0,CARRIAGE DR|STIRLING RD|SW 61ST AVE,24500,86016000,86A00934,Y,-80.22691,26.04618163,10,1.20686479327555,On-System / Off-System,Off Corridor,,0,0,0,0,,,Unmatched,,0
87521,196556,86014000,1.65,1.91,MIAMI,URBAN PRIN ART OTHER,DIVIDED,,SR  870,4,BROWARD,53500,6,45,1,PPFYA,Change Left-Turn Phasing from Protected-Permissive to Protected-Only,,PPFYA-03051,Potential Location,0.906000018,1,13357.2024403125,0.0233350296465331,0.0113341572568875,0.0482610840416934,0.0932795081195179,0.339153442249043,61102.1167331006,,572409.91944902,4.94361694631795,37.1030463103896,495592.900720164,13357.2024403125,482235.698279852,CIC,4,86,86014000 = 1.741|86A04998 = .057,W COMMERCIAL BLVD|WOODLANDS BLVD,26000,86014000,86A04998,Y,-80.2241,26.19383518,10,1.20576164119771,On-System / Off-System,On Corridor,"441944-1, 454777-1",3,1371,0.26,100,0,0.3,Verified Match,"441944-1, 454777-1",3
92405,222039,87002000,7.769,8.4,MIAMI,URBAN PRIN ART OTHER,DIVIDED,,SR  823,6,MIAMI-DADE,47000,6,45,1,PPFYA,Change Left-Turn Phasing from Protected-Permissive to Protected-Only,,PPFYA-06245,Potential Location,0.906000018,1,13357.2024403125,0.0233172590812747,0.00983696867491275,0.0390199757438206,0.0705893585468276,0.229547485689955,58410.6774003222,,572846.164883901,3.51325514563643,35.4687232534343,473762.916795541,13357.2024403125,460405.714355229,CIC,6,87,87002000 = 8.393|87A09890 = .009,NW 195TH DR|NW 57TH AVE,24500,87002000,87A09890,Y,-80.29436,25.95163003,10,1.04648622963702,On-System / Off-System,On Corridor,452567-1,2,3346,0.63,100,0,0.4,Verified Match,452567-1,2
90807,201933,86040000,10.844,10.863,MIAMI,URBAN PRIN ART OTHER,DIVIDED,,SR  820,4,BROWARD,58500,6,45,1,PPFYA,Change Left-Turn Phasing from Protected-Permissive to Protected-Only,,PPFYA-04995,Potential Location,0.906000018,1,13357.2024403125,0.0232134453125656,0.0112751020089604,0.0480096255328062,0.0927934865871129,0.337386324486039,81763.3373601168,,575408.012919226,4.91785883146175,49.6491620055612,663173.907900152,13357.2024403125,649816.70545984,CIS,4,86,86040000 = 10.85|86A05392 = .014,NW 86TH AVE|PINES BLVD,22750,86040000,86A05392,Y,-80.25799,26.00892214,10,1.19947916681095,On-System / Off-System,Off Corridor,,0,0,0,0,,,Unmatched,,0
59,3134,03010000,6.798,6.975,BONITA SPRINGS,URBAN PRIN ART OTHER,DIVIDED,US   41,SR   45,1,COLLIER,49000,6,45,1,PPFYA,Change Left-Turn Phasing from Protected-Permissive to Protected-Only,,PPFYA-02998,Potential Location,0.906000018,1,13357.2024403125,0.0232036155649146,0.00978902531644833,0.0388298004219117,0.0702453205578468,0.228428718541788,58125.9957938945,,575651.773015473,3.49613226394486,35.2958560044462,471453.893955507,13357.2024403125,458096.691515194,CIC,1,3,03010000 = 6.802|03A03297 = .011,PELICAN BAY BLVD|TAMIAMI TRL N,22000,3010000,03A03297,Y,-81.80065,26.21788558,10,1.0413858713769,On-System / Off-System,On Corridor,"452524-1, 413627-1, 412666-1, 454326-1",6,938,0.18,100,0,1.2,Verified Match,"452524-1, 413627-1, 412666-1, 454326-1",6
94773,203234,86110000,6.536,6.75,MIAMI,URBAN PRIN ART OTHER,DIVIDED,,SR  838,4,BROWARD,58500,6,40,1,PPFYA,Change Left-Turn Phasing from Protected-Permissive to Protected-Only,,PPFYA-05677,Potential Location,0.906000018,1,13357.2024403125,0.0229779506332136,0.00969382292338697,0.0384521642627683,0.0695621552372676,0.226207153069628,42791.2455665865,,581305.210961907,3.46213090556372,25.9841336245594,347075.333059371,13357.2024403125,333718.130619059,CIS,4,86,86110000 = 6.748|86A16255 = .127,NW 13TH AVE|W SUNRISE BLVD,29000,86110000,86A16255,Y,-80.15878024,26.13648776,10,1.03125795528205,On-System / Off-System,On Corridor,447678-1,2,1128,0.21,100,0,0.4,Verified Match,447678-1,2
115651,254878,92090000,9.844,9.909,KISSIMMEE,URBAN PRIN ART OTHER,DIVIDED,US  192,SR  530,5,OSCEOLA,63000,6,45,1,PPFYA,Change Left-Turn Phasing from Protected-Permissive to Protected-Only,,PPFYA-06151,Potential Location,0.906000018,1,13357.2024403125,0.0227798257007985,0.00961023896752435,0.0381206145711799,0.0689623629614016,0.224256705981064,57064.3850380106,,586361.046645072,3.43227905051249,34.651213966737,462843.27975629,13357.2024403125,449486.077315978,CIS,5,92,92090000 = 9.908,TARGET BLVD|W IRLO BRONSON MEMORIAL HWY,20500,92090000,92A06560,Y,-81.47311012,28.33000492,10,1.02236604338119,On-System / Off-System,On Corridor,448783-1,2,344,0.07,100,0.1,0.8,Verified Match,448783-1,2
60761,134846,71070000,2.75,2.881,47,URBAN PRIN ART OTHER,DIVIDED,,SR   21,2,CLAY,43500,6,45,1,PPFYA,Change Left-Turn Phasing from Protected-Permissive to Protected-Only,,PPFYA-01462,Potential Location,0.906000018,1,13357.2024403125,0.0225066479460544,0.00949499210224171,0.0376634686722254,0.0681353599929382,0.221567399037681,56380.0637097756,,593478.090221521,3.39111884599692,34.2356734373704,457292.820783386,13357.2024403125,443935.618343074,CIS,2,71,71070000 = 2.877|71A01574 = .393,BLANDING BLVD|PALMETTO ST,18250,71070000,71A01574,Y,-81.86430747,30.07384499,10,1.01010573621617,On-System / Off-System,Off Corridor,,0,0,0,0,,,Unmatched,,0
79353,146911,72160000,4.836,4.93892400213848,JACKSONVILLE,URBAN MINOR ART,DIVIDED,,SR   13,2,DUVAL,39500,6,45,1,PPFYA,Change Left-Turn Phasing from Protected-Permissive to Protected-Only,,PPFYA-04450,Potential Location,0.906000018,1,13357.2024403125,0.0221607999744652,0.0107638171304545,0.045832563583553,0.0885856393784466,0.322087081447057,78055.6673119715,,602740.0840991,4.69485181536958,47.3977530388166,633101.38255541,13357.2024403125,619744.180115097,CIS,2,72,72160000 = 4.845|72A12603 = .195,KORI RD|SAN JOSE BLVD,13000,72160000,72A12603,Y,-81.61866648,30.20093087,10,1.14508714804376,On-System / Off-System,On Corridor,445426-3,2,544,0.1,100,0,1.1,Verified Match,445426-3,2
21471,52010,14120000,0.154,0.876,TAMPA-ST PETERSBURG,URBAN PRIN ART OTHER,DIVIDED,,SR   52,7,PASCO,28500,6,45,1,PPFYA,Change Left-Turn Phasing from Protected-Permissive to Protected-Only,,PPFYA-03272,Potential Location,0.906000018,1,13357.2024403125,0.0221236157511847,0.00933340039503106,0.0370224882336232,0.0669757898717507,0.21779662662553,55420.5525643838,,603753.138299612,3.33340666701054,33.6530293594523,449510.325883984,13357.2024403125,436153.123443671,CIC,7,14,14120000 = .766|14A00337 = .012,MAJESTIC BLVD|SR-52,14000,14120000,14A00337,Y,-82.68669035,28.33141,10,0.992915125774285,On-System / Off-System,On Corridor,"454085-1, 438702-1",9,3805,0.72,100,0,0,Verified Match,"454085-1, 438702-1",9
95154,206234,86220000,3.828,3.984,MIAMI,URBAN PRIN ART OTHER,DIVIDED,,SR  817,4,BROWARD,44000,6,45,1,PPFYA,Change Left-Turn Phasing from Protected-Permissive to Protected-Only,,PPFYA-04784,Potential Location,0.906000018,1,13357.2024403125,0.0220433210087,0.0107067559185114,0.0455895957225387,0.0881160286555567,0.32037963147872,57719.8141104101,,605952.362397694,4.66996343876196,35.0492102478256,468159.396653282,13357.2024403125,454802.19421297,CIS,4,86,86220000 = 3.889|86A20384 = .973,N UNIVERSITY DR|PASADENA BLVD,20500,86220000,86A20384,Y,-80.24892469,26.02820412,10,1.13901680518529,On-System / Off-System,On Corridor,"446998-1, 455315-1",2,827,0.16,100,0,0.5,Verified Match,"446998-1, 455315-1",2
66928,118597,57030030,24.11,24.48,1460,URBAN PRIN ART OTHER,DIVIDED,US   98,SR   30,3,OKALOOSA,53500,6,45,1,PPFYA,Change Left-Turn Phasing from Protected-Permissive to Protected-Only,,PPFYA-01776,Potential Location,0.906000018,1,13357.2024403125,0.0220105145501112,0.0106908213529111,0.0455217460013663,0.0879848880327821,0.319902819427184,77526.3259028738,,606855.528520347,4.66301326269255,47.0763209859541,628807.949554521,13357.2024403125,615450.747114209,CIC,3,57,57030030 = 24.229|57A00262 = .16,EMERALD COAST PKWY|TEQUESTA DR|TRISTA TERRACE CT|US-98,25250,57030030,57A00262,Y,-86.40212984,30.38632841,10,1.13732163830746,On-System / Off-System,Off Corridor,,0,0,0,0,5.9,278.8,No Match - Low Overlap,,0
17824,60907,15030000,2.741,2.888,TAMPA-ST PETERSBURG,URBAN MINOR ART,DIVIDED,,SR  686,7,PINELLAS,62500,6,40,1,PPFYA,Change Left-Turn Phasing from Protected-Permissive to Protected-Only,,PPFYA-03992,Potential Location,0.906000018,1,13357.2024403125,0.0219694462154908,0.00926836012216018,0.0367644951512354,0.0665090656914272,0.216278899813593,55034.3516398674,,607989.947006231,3.31017765399965,33.418516521705,446377.890435341,13357.2024403125,433020.687995029,CIS,7,15,15030000 = 2.883|15A03772 = .011,BEDFORD CIR W|E BAY DR|ROYAL PINES DR,56250,15030000,15A03772,Y,-82.74068,27.91635681,10,0.985995946484349,On-System / Off-System,On Corridor,"456979-5, 447917-1",2,775,0.15,100,0,0.7,Verified Match,"456979-5, 447917-1",2
90857,200227,86040000,12.234,12.243,MIAMI,URBAN PRIN ART OTHER,DIVIDED,,SR  820,4,BROWARD,49500,6,40,1,PPFYA,Change Left-Turn Phasing from Protected-Permissive to Protected-Only,,PPFYA-04916,Potential Location,0.906000018,1,13357.2024403125,0.0217682739570283,0.0105731616362709,0.0450207484111266,0.0870165548567961,0.316382072625445,56999.6111660423,,613608.707180015,4.61169364925341,34.6118813200164,462317.90563153,13357.2024403125,448960.703191218,CIS,4,86,86040000 = 12.237|86A20913 = .011,MCARTHUR PKWY|PINES BLVD,22750,86040000,86A20913,Y,-80.23572,26.0095124,10,1.12480464477864,On-System / Off-System,Off Corridor,,0,0,0,0,,,Unmatched,,0
97134,205812,86090000,4.834,4.872,MIAMI,URBAN PRIN ART OTHER,DIVIDED,,SR  816,4,BROWARD,56500,6,45,1,PPFYA,Change Left-Turn Phasing from Protected-Permissive to Protected-Only,,PPFYA-06222,Potential Location,0.906000018,1,13357.2024403125,0.0215051239880253,0.0104453459370409,0.0444765064297796,0.0859646384871973,0.312557427053232,56310.5603969674,,621117.202009631,4.55594430306052,34.1934689316721,456729.086656879,13357.2024403125,443371.884216567,CIC,4,86,86090000 = 4.838|86A14740 = .159,NW 27TH AVE|W OAKLAND PARK BLVD,52000,86090000,86A14740,Y,-80.17897998,26.16542998,10,1.11120722736318,On-System / Off-System,Off Corridor,,0,0,0,0,,,Unmatched,,0
112862,281343,94010000,5.661,5.772,PORT SAINT LUCIE,URBAN PRIN ART OTHER,DIVIDED,US    1,SR    5,4,ST. LUCIE,35000,6,45,1,PPFYA,Change Left-Turn Phasing from Protected-Permissive to Protected-Only,,PPFYA-06408,Potential Location,0.906000018,1,13357.2024403125,0.0214472186570527,0.0104172204905685,0.0443567476770863,0.0857331675667639,0.311715825708755,75542.2622915675,,622794.155918214,4.54367683308878,45.8715377805766,612715.416383605,13357.2024403125,599358.213943293,CIS,4,94,94010000 = 5.713,BRAZILIAN CIR|LAKE VISTA TRL|S US HWY 1,17250,94010000,94A01594,Y,-80.32589429,27.33756496,10,1.10821515801657,On-System / Off-System,Off Corridor,,0,0,0,0,,,Unmatched,,0
106743,232349,87133000,0.219,0.453,MIAMI,URBAN PRIN ART OTHER,DIVIDED,,SR  825,6,MIAMI-DADE,39000,6,40,1,PPFYA,Change Left-Turn Phasing from Protected-Permissive to Protected-Only,,PPFYA-06468,Potential Location,0.906000018,1,13357.2024403125,0.0213190714324933,0.0089939832605831,0.035676133600313,0.0645401576569621,0.209876264938162,53405.1364947014,,626537.721523567,3.2121844659927,32.4292079966873,433163.496190753,13357.2024403125,419806.29375044,CIS,6,87,87133000 = .271|87A05839 = .011,LINDGREN RD|SW 124TH ST|SW 137TH AVE,17500,87133000,87A05839,Y,-80.41564781,25.65225,10,0.956806913067611,On-System / Off-System,Off Corridor,,0,0,0,0,,,Unmatched,,0
91455,202241,86065000,11.941,11.966,MIAMI,URBAN PRIN ART OTHER,DIVIDED,,SR  845,4,BROWARD,45000,6,45,1,PPFYA,Change Left-Turn Phasing from Protected-Permissive to Protected-Only,,PPFYA-05147,Potential Location,0.906000018,1,13357.2024403125,0.021266049975315,0.0103292242737244,0.0439820579034925,0.0850089634078177,0.309082703618499,74904.1426223607,,628099.833105684,4.50529554201065,45.4840522906456,607539.694251913,13357.2024403125,594182.4918116,CIC,4,86,86065000 = 11.944|86A10903 = .066,S POWERLINE RD|WEST DR,17250,86065000,86A10903,Y,-80.15264173,26.30853,10,1.09885385655972,On-System / Off-System,On Corridor,"439891-5, 446378-1",3,133,0.03,100,0,0.6,Verified Match,"439891-5, 446378-1",3
87353,195944,86014000,5.748,5.759,MIAMI,URBAN PRIN ART OTHER,DIVIDED,,SR  870,4,BROWARD,52000,6,45,1,PPFYA,Change Left-Turn Phasing from Protected-Permissive to Protected-Only,,PPFYA-06056,Potential Location,0.906000018,1,13357.2024403125,0.0212523747523973,0.010322582022593,0.0439537750560944,0.0849542980362064,0.308883946685411,74855.9751982735,,628503.99524438,4.50239839275545,45.454803579437,607149.013295181,13357.2024403125,593791.810854869,CIS,4,86,86014000 = 5.749|86A13940 = .45,NW 15TH AVE|W COMMERCIAL BLVD,27750,86014000,86A13940,Y,-80.16325997,26.18834474,10,1.09814723396362,On-System / Off-System,On Corridor,"448408-1, 441944-1",3,58,0.01,100,0,0.4,Verified Parallel Fallback,"448408-1, 441944-1",3
25784,66758,15230000,1.775,1.83,TAMPA-ST PETERSBURG,URBAN PRIN ART OTHER,DIVIDED,,SR  693,7,PINELLAS,39000,6,45,1,PPFYA,Change Left-Turn Phasing from Protected-Permissive to Protected-Only,,PPFYA-03869,Potential Location,0.906000018,1,13357.2024403125,0.0212041344317776,0.0102991510097206,0.0438540053020855,0.0847614620532617,0.308182817480041,74686.0611869719,,629933.868948439,4.49217849288286,45.3516266722008,605770.858458062,13357.2024403125,592413.656017749,CIS,7,15,15230000 = 1.826|15A13901 = .01,18TH AVE N|66TH ST N,18250,15230000,15A13901,Y,-82.72838608,27.78733,10,1.09565457254242,On-System / Off-System,Off Corridor,,0,0,0,0,,,Unmatched,,0
93295,203114,86220000,15.719,15.743,MIAMI,URBAN PRIN ART OTHER,DIVIDED,,SR  817,4,BROWARD,56000,6,45,1,PPFYA,Change Left-Turn Phasing from Protected-Permissive to Protected-Only,,PPFYA-03345,Potential Location,0.906000018,1,13357.2024403125,0.0210293888213317,0.00887177340899931,0.0351913678556973,0.0636631888145784,0.207024475420001,52679.4698333642,,635168.361467704,3.16853744381409,31.9885613353104,427277.689530095,13357.2024403125,413920.487089782,CIS,4,86,86220000 = 15.735|86A05027 = .011,N UNIVERSITY DR|NW 58TH ST,26500,86220000,86A05027,Y,-80.25208816,26.1969,10,0.943805862537219,On-System / Off-System,On Corridor,"446998-1, 449243-3",2,127,0.02,100,0,0.6,Verified Match,"446998-1, 449243-3",2
86788,193091,86014000,3.122,3.12525226213528,MIAMI,URBAN PRIN ART OTHER,DIVIDED,,SR  870,4,BROWARD,55000,6,45,1,PPFYA,Change Left-Turn Phasing from Protected-Permissive to Protected-Only,,PPFYA-05001,Potential Location,0.906000018,1,13357.2024403125,0.0209539822052919,0.00883996124285751,0.0350651795966681,0.0634349070668015,0.20628213263194,39022.0612994297,,637454.127308516,3.15717578758796,23.6953713705841,316503.872295277,13357.2024403125,303146.669854965,CIC,4,86,86014000 = 3.124|86A05008 = .084,MAINLAND DR|W COMMERCIAL BLVD,25250,86014000,86A05008,Y,-80.20521565,26.18654,10,0.940421588895358,On-System / Off-System,On Corridor,441944-1,1,17,0,100,2.2,0.3,Verified Parallel Fallback,441944-1,1
21273,60794,15009000,4.589,5.001,TAMPA-ST PETERSBURG,URBAN MINOR ART,DIVIDED,,SR  586,7,PINELLAS,19900,6,45,1,PPFYA,Change Left-Turn Phasing from Protected-Permissive to Protected-Only,,PPFYA-02720,Potential Location,0.906000018,1,13357.2024403125,0.0207333306522908,0.0087468738689352,0.034695933013443,0.0627669189668961,0.20410992152306,51937.8321415884,,644238.143129051,3.12392980437563,31.538216583038,421262.343506059,13357.2024403125,407905.141065747,CIS,7,15,15009000 = 4.934,CURLEW RD|GULL AIRE BLVD,9450,15009000,15A04193,Y,-82.70040047,28.04889978,10,0.930518674879661,On-System / Off-System,On Corridor,"455380-1, 452125-1",3,2172,0.41,100,0,0.6,Verified Match,"455380-1, 452125-1",3
100140,226207,87027000,2.784,2.939,MIAMI,URBAN MINOR ART,DIVIDED,,SR  969,6,MIAMI-DADE,32000,6,45,1,PPFYA,Change Left-Turn Phasing from Protected-Permissive to Protected-Only,,PPFYA-04857,Potential Location,0.906000018,1,13357.2024403125,0.0207145919345524,0.00873896847238928,0.0346645749404775,0.0627101904268675,0.203925447630699,51890.8908954967,,644820.930217429,3.12110640663888,31.5097124440535,420881.607951256,13357.2024403125,407524.405510944,CIS,6,87,87027000 = 2.785|87A15608 = .471,NW 31ST ST|NW 72ND AVE,29750,87027000,87A15608,Y,-80.31313714,25.80259205,10,0.929677675086073,On-System / Off-System,Off Corridor,,0,0,0,0,,,Unmatched,,0
74353,157422,75250000,6.304,6.682,ORLANDO,URBAN MINOR ART,DIVIDED,,SR  438,5,ORANGE,33000,6,40,1,PPFYA,Change Left-Turn Phasing from Protected-Permissive to Protected-Only,,PPFYA-02634,Potential Location,0.906000018,1,13357.2024403125,0.0206861461330583,0.00872696789988395,0.0346169726695397,0.0626240752075006,0.203645412048959,51819.6330118546,,645707.632267304,3.11682042439189,31.4664425100789,420303.642683578,13357.2024403125,406946.440243266,CIS,5,75,75250000 = 6.527|75A06450 = .659,KINGSLAND AVE|SILVER STAR RD,17250,75250000,75A06450,Y,-81.44782,28.57792632,10,0.928401018192105,On-System / Off-System,On Corridor,"445696-1, 445696-2",4,1873,0.35,94,0,0.7,Verified Match,"445696-1, 445696-2",4
34258,75608,16140000,0.797,1.52162739257081,WINTER HAVEN,URBAN PRIN ART OTHER,DIVIDED,,SR  544,1,POLK,28000,6,45,1,PPFYA,Change Left-Turn Phasing from Protected-Permissive to Protected-Only,,PPFYA-01346,Potential Location,0.906000018,1,13357.2024403125,0.0205798811757164,0.00999594228534796,0.0425629360679589,0.0822660704660455,0.299109863906151,72487.2910825679,,649041.766872472,4.35992800843075,44.0164672150259,587936.863298479,13357.2024403125,574579.660858167,CIS,1,16,16140000 = .945|16A00594 = .431,HAVENDALE BLVD NW|JERSEY RD|LAKE DR NW,13000,16140000,16A00594,Y,-81.77001,28.05090038,10,1.06339831909201,On-System / Off-System,On Corridor,454941-1,2,3825,0.72,100,0,0,Verified Match,454941-1,2
118305,265756,93090000,4.869,4.949,MIAMI,URBAN PRIN ART OTHER,DIVIDED,,SR  811,4,PALM BEACH,41000,6,45,1,PPFYA,Change Left-Turn Phasing from Protected-Permissive to Protected-Only,,PPFYA-06546,Potential Location,0.906000018,1,13357.2024403125,0.0204698246008685,0.00863570725349142,0.034254972105516,0.0619691955690356,0.201515827965269,51277.7388214854,,652531.357779477,3.08422685353399,31.1373880302083,415908.395382055,13357.2024403125,402551.192941743,CIC,4,93,93090000 = 4.941|93A08766 = .01,ALTERNATE A1A S|FLORIDA BLVD,26500,93090000,93A08766,Y,-80.09602579,26.85694636,10,0.918692436929553,On-System / Off-System,On Corridor,448435-1,1,424,0.08,100,0,0.8,Verified Match,448435-1,1
102776,231349,87072000,6.4,6.417,MIAMI,URBAN MINOR ART,DIVIDED,,SR  985,6,MIAMI-DADE,34000,6,40,1,PPFYA,Change Left-Turn Phasing from Protected-Permissive to Protected-Only,,PPFYA-04594,Potential Location,0.906000018,1,13357.2024403125,0.0203826508672009,0.00990014470692615,0.0421550279298928,0.0814776615184992,0.296243300672159,53371.3962005949,,655322.142705514,4.31814399914197,32.4087198734979,432889.83218169,13357.2024403125,419532.629741378,CIS,6,87,87072000 = 6.417|87A16982 = .499,SW 107TH AVE|SW 4TH ST,19500,87072000,87A16982,Y,-80.3687056,25.76486,10,1.0532070853935,On-System / Off-System,On Corridor,437782-3,1,90,0.02,100,0,0.2,Verified Match,437782-3,1
24311,65183,15120000,5.023,5.045,TAMPA-ST PETERSBURG,URBAN PRIN ART OTHER,DIVIDED,,SR  688,7,PINELLAS,69500,6,45,1,PPFYA,Change Left-Turn Phasing from Protected-Permissive to Protected-Only,,PPFYA-01639,Potential Location,0.906000018,1,13357.2024403125,0.0203584314633557,0.00988838099648704,0.0421049377992129,0.0813808468106607,0.295891293654908,71707.2919356835,,656101.746559154,4.31301302407604,43.5428282313663,581610.371510114,13357.2024403125,568253.169069801,CIS,7,15,15120000 = 5.042|15A10085 = .293,101ST ST|101ST ST SE|ULMERTON RD,31250,15120000,15A10085,Y,-82.77904,27.89462464,10,1.05195562659651,On-System / Off-System,On Corridor,438702-1,5,116,0.02,100,0,0.7,Verified Match,438702-1,5
70075,159060,75060000,9.541,10.226,ORLANDO,URBAN PRIN ART OTHER,DIVIDED,,SR   50,5,ORANGE,40000,6,45,1,PPFYA,Change Left-Turn Phasing from Protected-Permissive to Protected-Only,,PPFYA-04003,Potential Location,0.906000018,1,13357.2024403125,0.0202381654921345,0.0098299660961796,0.0418562059041872,0.0809000953049219,0.294143337095909,71283.6862603734,,660000.652999095,4.28753420950411,43.2856021019177,578174.550026131,13357.2024403125,564817.347585818,CIS,5,75,75060000 = 10.226|75A06723 = .585,E COLONIAL DR|MURDOCK BLVD,23250,75060000,75A06723,Y,-81.23228498,28.56964466,10,1.04574127430999,On-System / Off-System,Off Corridor,,0,0,0,0,,,Unmatched,,0
77598,162229,75037000,2.323,2.409,ORLANDO,URBAN PRIN ART OTHER,DIVIDED,,SR  434,5,ORANGE,31500,6,45,1,PPFYA,Change Left-Turn Phasing from Protected-Permissive to Protected-Only,,PPFYA-02673,Potential Location,0.906000018,1,13357.2024403125,0.0202267946452692,0.00853317899097295,0.0338482766641927,0.0612334603518892,0.199123311972685,50668.938949869,,660371.683925539,3.04760907444267,30.7677064047908,410970.48307289,13357.2024403125,397613.280632577,CIS,5,75,75037000 = 2.335|75A00144 = .348,ALAFAYA TRL N|STRATEGY BLVD,14000,75037000,75A00144,Y,-81.20775853,28.60042,10,0.907785172870878,On-System / Off-System,Off Corridor,,0,0,0,0,,,Unmatched,,0
109449,204446,86100000,5.918,5.981,MIAMI,URBAN PRIN ART OTHER,DIVIDED,US  441,SR    7,4,BROWARD,62000,6,45,1,PPFYA,Change Left-Turn Phasing from Protected-Permissive to Protected-Only,,PPFYA-06084,Potential Location,0.906000018,1,13357.2024403125,0.0202181711639933,0.00982025456536815,0.0418148539982588,0.0808201699256769,0.293852737713038,71213.2614279073,,660653.346535144,4.28329833318742,43.2428380217172,577603.34154972,13357.2024403125,564246.139109407,CIS,4,86,86100000 = 5.919|86A19203 = .096,SR-7|SW 51ST ST,28500,86100000,86A19203,Y,-80.20772017,26.05849,10,1.04470813253647,On-System / Off-System,On Corridor,447676-1,1,334,0.06,100,0,0.5,Verified Match,447676-1,1
25980,63924,15009000,5.174,5.217,TAMPA-ST PETERSBURG,URBAN MINOR ART,DIVIDED,,SR  586,7,PINELLAS,19900,6,45,1,PPFYA,Change Left-Turn Phasing from Protected-Permissive to Protected-Only,,PPFYA-02774,Potential Location,0.906000018,1,13357.2024403125,0.0201422374341521,0.00849750641753294,0.033706775456214,0.0609774766072965,0.198290885865431,50457.1197148888,,663143.927479711,3.03486868089889,30.6390833831166,409252.439333903,13357.2024403125,395895.23689359,CIS,7,15,15009000 = 5.181|15A03011 = .593,BAYSIDE BLVD|CURLEW RD,9450,15009000,15A03011,Y,-82.69635756,28.04893151,10,0.903990217522907,On-System / Off-System,On Corridor,452125-1,1,227,0.04,100,0,0.6,Verified Match,452125-1,1
105933,237351,87281000,5.306,5.348,MIAMI,URBAN PRIN ART OTHER,DIVIDED,,SR  953,6,MIAMI-DADE,88000,8,40,1,PPFYA,Change Left-Turn Phasing from Protected-Permissive to Protected-Only,,PPFYA-05094,Potential Location,0.906000018,1,13357.2024403125,0.0199985773281989,0.00971359470226804,0.0413606940196841,0.079942364956099,0.290661140940527,52365.7104753281,,667907.632683362,4.23677652351398,31.7980371994219,424732.820077266,13357.2024403125,411375.617636954,CIC,6,87,87281000 = 5.307|87A04986 = .012,NW 31ST ST|NW 42ND AVE,29250,87281000,87A04986,Y,-80.26442453,25.80343565,10,1.03336133641686,On-System / Off-System,On Corridor,"431200-1, 438521-2",7,223,0.04,100,1.8,0.3,Verified Match,"431200-1, 438521-2",7
26779,69283,15230000,2.344,2.482,TAMPA-ST PETERSBURG,URBAN PRIN ART OTHER,DIVIDED,,SR  693,7,PINELLAS,43500,6,45,1,PPFYA,Change Left-Turn Phasing from Protected-Permissive to Protected-Only,,PPFYA-01083,Potential Location,0.906000018,1,13357.2024403125,0.0199507313025365,0.00969035520408914,0.0412617397393368,0.0797511051288406,0.289965742453911,70271.2739150069,,669509.414856102,4.22664015656431,42.6708348214415,569962.97900713,13357.2024403125,556605.776566818,CIS,7,15,15230000 = 2.383|15A01702 = .388,26TH AVE N|66TH ST N,20000,15230000,15A01702,Y,-82.72849481,27.79542,10,1.03088904890313,On-System / Off-System,On Corridor,451239-1,2,731,0.14,100,0,1.1,Verified Match,451239-1,2
65659,143568,72170000,5.909,6.165,JACKSONVILLE,URBAN PRIN ART OTHER,DIVIDED,,SR   21,2,DUVAL,36738,6,40,1,PPFYA,Change Left-Turn Phasing from Protected-Permissive to Protected-Only,,PPFYA-01142,Potential Location,0.906000018,1,13357.2024403125,0.0199124540032604,0.00967176337301218,0.0411825753249249,0.0795980953532928,0.289409416706478,52140.1989789406,,670796.398983543,4.21853096158033,31.6610998240682,422903.719833021,13357.2024403125,409546.517392708,CIS,2,72,72170000 = 6.097|72A08419 = 1.301,BLANDING BLVD|LAKE SHORE BLVD,17143,72170000,72A08419,Y,-81.73173565,30.27469082,10,1.0289111941545,On-System / Off-System,Off Corridor,,0,0,0,0,,,Unmatched,,0
104161,227009,87030000,1.188,1.22,MIAMI,URBAN PRIN ART OTHER,DIVIDED,US    1,SR    5,6,MIAMI-DADE,48000,6,45,1,PPFYA,Change Left-Turn Phasing from Protected-Permissive to Protected-Only,,PPFYA-06400,Potential Location,0.906000018,1,13357.2024403125,0.0198407353999728,0.00837031024686352,0.033202230645892,0.0600647263085114,0.195322739668013,36948.8904504259,,673221.136769498,2.98944080409277,22.4364795656417,299688.59960621,13357.2024403125,286331.397165898,CIS,6,87,87030000 = 1.219,S DIXIE HWY|SW 84TH ST,20250,87030000,87A42731,Y,-80.30393805,25.69250321,10,0.890458707413744,On-System / Off-System,On Corridor,441639-1,1,169,0.03,100,0,0.2,Verified Match,441639-1,1
112515,271035,93190000,14.537,14.595,MIAMI,URBAN PRIN ART OTHER,DIVIDED,,SR  706,4,PALM BEACH,43500,6,45,1,PPFYA,Change Left-Turn Phasing from Protected-Permissive to Protected-Only,,PPFYA-02846,Potential Location,0.906000018,1,13357.2024403125,0.0196040728169736,0.00952197822538717,0.0405447869623772,0.0783653715982398,0.284927376510332,51332.7115436038,,681348.338430348,4.15319920578033,31.1707691234276,416354.273401865,13357.2024403125,402997.070961552,CIS,4,93,93190000 = 14.539|93A06481 = .384,DELAWARD BLVD|S DELAWARE BLVD|W INDIANTOWN RD,20250,93190000,93A06481,Y,-80.11806499,26.93412976,10,1.01297660093032,On-System / Off-System,Off Corridor,,0,0,0,0,,,Unmatched,,0
106760,227786,87030000,3.443,3.69,MIAMI,URBAN PRIN ART OTHER,DIVIDED,US    1,SR    5,6,MIAMI-DADE,69000,6,45,1,PPFYA,Change Left-Turn Phasing from Protected-Permissive to Protected-Only,,PPFYA-06167,Potential Location,0.906000018,1,13357.2024403125,0.0196033303257812,0.00827015498118894,0.0328049480920495,0.0593460195409392,0.192985597996226,36506.7770961652,,681374.145021974,2.95367053642981,22.1680150158908,296102.664267141,13357.2024403125,282745.461826829,CIS,6,87,87030000 = 3.54|87A19845 = .107,MARIPOSA CT|S DIXIE HWY,36500,87030000,87A19845,Y,-80.27624296,25.71505774,10,0.879803889876164,On-System / Off-System,Off Corridor,,0,0,0,0,,,Unmatched,,0
41904,86440,26070000,15.5113051672745,15.6,GAINESVILLE,URBAN PRIN ART OTHER,DIVIDED,,SR   26,2,ALACHUA,52500,6,45,1,PPFYA,Change Left-Turn Phasing from Protected-Permissive to Protected-Only,,PPFYA-02566,Potential Location,0.906000018,1,13357.2024403125,0.019599147462406,0.0095195859103115,0.0405346004336124,0.0783456829730983,0.284855790959287,69032.9110720992,,681519.564355212,4.1521557502255,41.9188635908838,559918.74705128,13357.2024403125,546561.544610968,CIS,2,26,26070000 = 15.512|26A01096 = .206,NW 57TH ST|SR-26,23500,26070000,26A01096,Y,-82.40360501,29.6595849,10,1.01272209927779,On-System / Off-System,Off Corridor,,0,0,0,0,,,Unmatched,,0
104445,232155,87140000,12.747,12.915,MIAMI,URBAN PRIN ART OTHER,DIVIDED,US  441,SR    7,6,MIAMI-DADE,59000,6,45,1,PPFYA,Change Left-Turn Phasing from Protected-Permissive to Protected-Only,,PPFYA-04754,Potential Location,0.906000018,1,13357.2024403125,0.0195952883058663,0.00951771146284933,0.0405266189962234,0.0783302563707226,0.284799701627306,51309.7095491237,,681653.784921028,4.15133817287688,31.1568016193205,416167.70662192,13357.2024403125,402810.504181607,CIS,6,87,87140000 = 12.9|87A01071 = .72,NW 188TH ST|NW 2ND AVE,26750,87140000,87A01071,Y,-80.20534963,25.94688005,10,1.01252268993512,On-System / Off-System,Off Corridor,,0,0,0,0,,,Unmatched,,0
81117,147194,72190000,3.712,4.101,JACKSONVILLE,URBAN PRIN ART OTHER,DIVIDED,US   90,SR  212,2,DUVAL,57000,8,45,1,PPFYA,Change Left-Turn Phasing from Protected-Permissive to Protected-Only,,PPFYA-00567,Potential Location,0.906000018,1,13357.2024403125,0.0195829729392348,0.00826156670873966,0.0327708812780007,0.0592843907340115,0.192785189068201,49056.1395276288,,682082.464279525,2.95060325082876,29.7883660013456,397889.235046096,13357.2024403125,384532.032605783,CIS,2,72,72190000 = 3.919|72A02949 = .272,BEACH BLVD|FOSTER DR,26250,72190000,72A02949,Y,-81.57367069,30.28789792,10,0.878890243695968,On-System / Off-System,On Corridor,"209543-6, 447211-2",2,2045,0.39,100,0,0.6,Verified Match,"209543-6, 447211-2",2
91864,194512,86015000,3.083,3.168,MIAMI,URBAN PRIN ART OTHER,DIVIDED,,SR  818,4,BROWARD,29000,6,45,1,PPFYA,Change Left-Turn Phasing from Protected-Permissive to Protected-Only,,PPFYA-05756,Potential Location,0.906000018,1,13357.2024403125,0.019481015128267,0.00821855325723765,0.0326002612537094,0.0589757293922146,0.191781462211948,48800.7310860054,,685652.280046287,2.93524107627936,29.6332743000383,395817.643794921,13357.2024403125,382460.441354608,CIS,4,86,86015000 = 3.133|86A02061 = .934,GRIFFIN RD|SW 87TH AVE,12750,86015000,86A02061,Y,-80.2631,26.06440117,10,0.874314343723773,On-System / Off-System,On Corridor,448399-1,1,448,0.08,100,0,0.2,Verified Match,448399-1,1
100666,221916,87001000,9.976,10.046,MIAMI,URBAN PRIN ART OTHER,DIVIDED,,SR   94,6,MIAMI-DADE,39500,6,45,1,PPFYA,Change Left-Turn Phasing from Protected-Permissive to Protected-Only,,PPFYA-06337,Potential Location,0.906000018,1,13357.2024403125,0.0194473356598418,0.00944584874906602,0.0402206260237637,0.0777388300792118,0.282649344419746,50922.2997199829,,686839.712850472,4.11999382837772,30.9215546982605,413025.465873861,13357.2024403125,399668.263433549,CIS,6,87,87001000 = 10.023|87A20885 = 1.763,SW 77TH AVE|SW 88TH ST,18250,87001000,87A20885,Y,-80.31938237,25.68842796,10,1.00487771891978,On-System / Off-System,On Corridor,437784-1,1,369,0.07,100,0,0.1,Verified Match,437784-1,1
106827,228471,87220000,2.649,2.693,MIAMI,URBAN PRIN ART OTHER,DIVIDED,,SR  948,6,MIAMI-DADE,45500,6,40,1,PPFYA,Change Left-Turn Phasing from Protected-Permissive to Protected-Only,,PPFYA-05572,Potential Location,0.906000018,1,13357.2024403125,0.0191715025610854,0.00808797764295791,0.0320823113170664,0.0580387284564109,0.18873445607206,35702.5953735856,,696721.730482677,2.88860623744604,21.6796916436389,289580.030127635,13357.2024403125,276222.827687323,CIS,6,87,87220000 = 2.678|87A15455 = .008,NW 36TH ST|PALMETTO DR,26000,87220000,87A15455,Y,-80.28092,25.8079312,10,0.860423318268072,On-System / Off-System,Off Corridor,,0,0,0,0,,,Unmatched,,0
70272,156794,75002000,6.134,6.305,ORLANDO,URBAN PRIN ART OTHER,DIVIDED,,SR  482,5,ORANGE,38000,6,45,1,PPFYA,Change Left-Turn Phasing from Protected-Permissive to Protected-Only,,PPFYA-02155,Potential Location,0.906000018,1,13357.2024403125,0.0191568372708958,0.00930474953157797,0.0396198225375345,0.0765775910646978,0.278427214425861,67474.9881994142,,697255.097562766,4.05845061286761,40.97284588178,547282.596998659,13357.2024403125,533925.394558347,CIC,5,75,75002000 = 6.29|75A14510 = .242,LAKE GLORIA BLVD|SAND LAKE RD|SUNPORT DR,19500,75002000,75A14510,Y,-81.37315718,28.45090517,10,0.989867160993495,On-System / Off-System,Off Corridor,,0,0,0,0,,,Unmatched,,0
95909,202413,86040000,3.778,3.789,MIAMI,URBAN PRIN ART OTHER,DIVIDED,,SR  820,4,BROWARD,48500,6,45,1,PPFYA,Change Left-Turn Phasing from Protected-Permissive to Protected-Only,,PPFYA-03615,Potential Location,0.906000018,1,13357.2024403125,0.0191198106871418,0.00806617013363796,0.0319958081967639,0.057882239384902,0.188225573803652,35606.3309282908,,698605.37109268,2.8808177258767,21.6212369719715,288799.239244592,13357.2024403125,275442.03680428,CIS,4,86,86040000 = 3.782|86A04492 = .014,PINES BLVD|SW 168TH AVE,22000,86040000,86A04492,Y,-80.37158,26.00761202,10,0.858103370023832,On-System / Off-System,Off Corridor,,0,0,0,0,,,Unmatched,,0
68152,143933,72190000,4.505,4.573,JACKSONVILLE,URBAN PRIN ART OTHER,DIVIDED,US   90,SR  212,2,DUVAL,57000,6,45,1,PPFYA,Change Left-Turn Phasing from Protected-Permissive to Protected-Only,,PPFYA-02753,Potential Location,0.906000018,1,13357.2024403125,0.0190035525178716,0.00801712371847709,0.0318012574166258,0.0575302859427754,0.187081066623203,47604.6679291261,,702879.234172184,2.86330088952869,28.9069887133427,386116.500183946,13357.2024403125,372759.297743634,CIC,2,72,72190000 = 4.505|72A01582 = 0,BEACH BLVD,26250,72190000,72A01582,Y,-81.56391449,30.28701898,10,0.85288566528418,On-System / Off-System,On Corridor,"209543-6, 447211-2",2,357,0.07,100,0,0.7,Verified Match,"209543-6, 447211-2",2
84684,167997,77080000,2.856,2.94,ORLANDO,URBAN PRIN ART OTHER,DIVIDED,,SR  436,5,SEMINOLE,47000,8,45,1,PPFYA,Change Left-Turn Phasing from Protected-Permissive to Protected-Only,,PPFYA-02235,Potential Location,0.906000018,1,13357.2024403125,0.0189800966198986,0.00921890407252216,0.0392542907366084,0.0758710875273348,0.275858449736935,66852.4651194425,,703747.863238427,4.0210074173539,40.5948311107636,542233.377176765,13357.2024403125,528876.174736453,CIS,5,77,77080000 = 2.858|77A00717 = .477,LAUREL ST|SAN SEBASTIAN PRADO|SEMORAN BLVD,29750,77080000,77A00717,Y,-81.41443503,28.66505495,10,0.980734663600484,On-System / Off-System,On Corridor,452880-1,1,443,0.08,100,0.1,0.1,Verified Match,452880-1,1
117061,268032,93030000,5.754,6.587,MIAMI,URBAN PRIN ART OTHER,DIVIDED,,SR  806,4,PALM BEACH,41500,6,45,1,PPFYA,Change Left-Turn Phasing from Protected-Permissive to Protected-Only,,PPFYA-04938,Potential Location,0.906000018,1,13357.2024403125,0.018813950517284,0.00793713537447919,0.0314839703187674,0.056956295511309,0.185214523803356,47129.7072464756,,709962.664568587,2.8347332005964,28.618578276091,382264.143587677,13357.2024403125,368906.941147365,CIC,4,93,93030000 = 5.959,HAMLET DR|VIA D'ESTE|W ATLANTIC AVE,23250,93030000,93A06701,Y,-80.10953529,26.45784932,10,0.844376265357071,On-System / Off-System,On Corridor,449283-1,1,1477,0.28,34,0,0.5,Verified Match,449283-1,1
38097,82586,17050000,6.926,7.16767943099181,215,URBAN PRIN ART OTHER,DIVIDED,,SR  776,1,SARASOTA,38500,6,45,1,PPFYA,Change Left-Turn Phasing from Protected-Permissive to Protected-Only,,PPFYA-02638,Potential Location,0.906000018,1,13357.2024403125,0.0185997707539675,0.00784677828683002,0.0311255538710924,0.0563078997434562,0.183106024430269,46593.1782737883,,718138.014548556,2.80246233407044,28.292781718053,377912.413007606,13357.2024403125,364555.210567294,CIS,1,17,17050000 = 7.094|17A09491 = .228,ENGLEWOOD RD|RUTGERS RD,17000,17050000,17A09491,Y,-82.3979086,27.03588,10,0.834763807383497,On-System / Off-System,On Corridor,456052-1,1,1284,0.24,100,0,1.1,Verified Match,456052-1,1
18628,64230,15007000,0.521,1.017,TAMPA-ST PETERSBURG,URBAN PRIN ART OTHER,DIVIDED,USA  19,SR  595,7,PINELLAS,32000,6,40,1,PPFYA,Change Left-Turn Phasing from Protected-Permissive to Protected-Only,,PPFYA-02731,Potential Location,0.906000018,1,13357.2024403125,0.0183367618728199,0.00890642719536968,0.0379237575096958,0.0732994195383633,0.266508164037917,64586.4854144651,,728438.452380816,3.88471444468628,39.2188599590697,523854.25195156,13357.2024403125,510497.049511248,CIS,7,15,15007000 = 1.01|15A09171 = .501,JASPER ST|JASPER ST E|N MISSOURI AVE,15000,15007000,15A09171,Y,-82.78756972,27.93142,10,0.947492436261283,On-System / Off-System,On Corridor,451097-1,1,1538,0.29,59,0,1.1,Verified Match,451097-1,1
119054,264750,93004000,4.488,4.507,MIAMI,URBAN PRIN ART OTHER,DIVIDED,,SR  808,4,PALM BEACH,60500,6,45,1,PPFYA,Change Left-Turn Phasing from Protected-Permissive to Protected-Only,,PPFYA-05084,Potential Location,0.906000018,1,13357.2024403125,0.0183298510546447,0.00687369414549176,0.0384926872147538,0.0602593853421444,0.234622093499452,42280.5083182924,,728713.092130002,3.42080845307306,25.6739985786874,342932.796467823,13357.2024403125,329575.594027511,CIC,4,93,93004000 = 4.5|93A04336 = 0,GLADES RD|PINEHURST LN,30750,93004000,93A04336,Y,-80.13097749,26.3684786,10,0.731244198056522,On-System / Off-System,On Corridor,448135-1,5,100,0.02,100,0.1,0.4,Verified Match,448135-1,5
19519,61419,15090000,4.988,5.061,TAMPA-ST PETERSBURG,URBAN MINOR ART,DIVIDED,US   92,SR  687,7,PINELLAS,32500,6,45,1,PPFYA,Change Left-Turn Phasing from Protected-Permissive to Protected-Only,,PPFYA-03842,Potential Location,0.906000018,1,13357.2024403125,0.0181451370242942,0.00765497968212412,0.0303647527390924,0.0549315671633907,0.178630368471196,33791.2212729541,,736131.252270444,2.73396181758233,20.5190476993057,274077.074002055,13357.2024403125,260719.871561743,CIS,7,15,15090000 = 5.046|15A11997 = .009,4TH ST N|72ND AVE N,15250,15090000,15A11997,Y,-82.63864604,27.8376,10,0.814359696592721,On-System / Off-System,On Corridor,"454084-1, 447746-1",4,386,0.07,100,0,1.1,Verified Match,"454084-1, 447746-1",4
109269,270803,93180000,4.879,4.958,MIAMI,URBAN PRIN ART OTHER,DIVIDED,,SR  802,4,PALM BEACH,44500,6,45,1,PPFYA,Change Left-Turn Phasing from Protected-Permissive to Protected-Only,,PPFYA-06147,Potential Location,0.906000018,1,13357.2024403125,0.0180031670681589,0.00874439543310573,0.0372338228000558,0.0719659067997311,0.261659666820172,47140.7850097842,,741936.25986711,3.81404108559881,28.6253050277492,382353.994171341,13357.2024403125,368996.791731029,CIS,4,93,93180000 = 4.929|93A14111 = .126,LAKE WORTH RD|SOUTHVIEW RD|SWAIN BLVD,21250,93180000,93A14111,Y,-80.12538492,26.61893542,10,0.930255011443058,On-System / Off-System,Off Corridor,,0,0,0,0,,,Unmatched,,0
101904,225515,87044000,0.773,0.96,MIAMI,URBAN PRIN ART OTHER,DIVIDED,,SR  976,6,MIAMI-DADE,45000,6,40,1,PPFYA,Change Left-Turn Phasing from Protected-Permissive to Protected-Only,,PPFYA-03043,Potential Location,0.906000018,1,13357.2024403125,0.0179127680309065,0.00755694901303867,0.0299758977517201,0.0542281063435645,0.17634280465426,33358.4864822481,,745680.534536379,2.69895034565674,20.256278095925,270567.207214538,13357.2024403125,257210.004774226,CIS,6,87,87044000 = .895|87A18298 = .01,SW 109TH AVE|SW 40TH ST,20250,87044000,87A18298,Y,-80.37173,25.7322931,10,0.803930900012158,On-System / Off-System,Off Corridor,,0,0,0,0,,,Unmatched,,0
80204,163444,76020000,20.806,21.484,PALATKA,URBAN MINOR ART,DIVIDED,,SR   19,2,PUTNAM,21500,6,45,1,PPFYA,Change Left-Turn Phasing from Protected-Permissive to Protected-Only,,PPFYA-01015,Potential Location,0.906000018,1,13357.2024403125,0.0179016286172376,0.00869507675694398,0.0370238228220141,0.0715600167322823,0.260183897743715,63053.8414362132,,746144.539466692,3.79252976916679,38.2881923563283,511423.136377103,13357.2024403125,498065.93393679,SI,2,76,76020000 = 21.477|76A03193 = 0,N SR-19|WEAVER RD,10250,76020000,76A03193,Y,-81.6720142,29.65241549,10,0.925008342761595,On-System / Off-System,Off Corridor,,0,0,0,0,,,Unmatched,,0
109505,204489,86090000,2.704,2.812,MIAMI,URBAN PRIN ART OTHER,DIVIDED,,SR  816,4,BROWARD,51500,6,45,1,PPFYA,Change Left-Turn Phasing from Protected-Permissive to Protected-Only,,PPFYA-05658,Potential Location,0.906000018,1,13357.2024403125,0.0178824761714767,0.00868577414043156,0.0369842120819178,0.0714834566958511,0.259905534355895,62986.3819159683,,746943.673360951,3.78847224891243,38.2472289030545,510875.979239071,13357.2024403125,497518.776798758,CIS,4,86,86090000 = 2.761|86A14870 = .01,NW 47TH TER|W OAKLAND PARK BLVD,28000,86090000,86A14870,Y,-80.21230612,26.16485283,10,0.924018702517576,On-System / Off-System,On Corridor,"452075-1, 447675-1",7,569,0.11,100,0,0.3,Verified Match,"452075-1, 447675-1",7
109363,204346,86090000,0.234,0.24,MIAMI,URBAN PRIN ART OTHER,DIVIDED,,SR  816,4,BROWARD,39000,6,45,1,PPFYA,Change Left-Turn Phasing from Protected-Permissive to Protected-Only,,PPFYA-04527,Potential Location,0.906000018,1,13357.2024403125,0.0178109978444852,0.00865105609589281,0.0368363819056398,0.0711977290458772,0.25886666185337,62734.6180573487,,749941.275437764,3.77332928685228,38.0943503023598,508833.948820799,13357.2024403125,495476.746380487,CIS,4,86,86090000 = .238,ATRIUM WEST|W OAKLAND PARK BLVD,19250,86090000,86A38712,Y,-80.25270456,26.16663235,10,0.920325292816844,On-System / Off-System,Off Corridor,,0,0,0,0,,,Unmatched,,0
88958,198193,86065000,9.142,9.18,MIAMI,URBAN PRIN ART OTHER,DIVIDED,,SR  845,4,BROWARD,42500,6,45,1,PPFYA,Change Left-Turn Phasing from Protected-Permissive to Protected-Only,,PPFYA-06000,Potential Location,0.906000018,1,13357.2024403125,0.0178055491564207,0.00751171605036499,0.0297964736664478,0.053903517954008,0.175287285093795,44603.6210382243,,750170.765471497,2.68279547680258,27.0846626185012,361775.321622884,13357.2024403125,348418.119182572,CIS,4,86,86065000 = 9.172|86A07530 = .301,N POWERLINE RD|NW 30TH PL,15250,86065000,86A07530,Y,-80.15204196,26.26818,10,0.799118881784997,On-System / Off-System,On Corridor,"451576-3, 448406-1",4,201,0.04,100,0,0.6,Verified Match,"451576-3, 448406-1",4
24010,64434,15010000,11.432,11.646,TAMPA-ST PETERSBURG,URBAN PRIN ART OTHER,DIVIDED,USA  19,SR  595,7,PINELLAS,41500,6,40,1,PPFYA,Change Left-Turn Phasing from Protected-Permissive to Protected-Only,,PPFYA-00358,Potential Location,0.906000018,1,13357.2024403125,0.0177848821439884,0.00863837132708008,0.0367823698887033,0.0710933340768783,0.258487093888195,62642.6322792204,,751042.50521151,3.76779657395256,38.0384937663138,508087.861761218,13357.2024403125,494730.659320905,CIS,7,15,15010000 = 11.501|15A02234 = .517,70TH AVE N|SEMINOLE BLVD,19000,15010000,15A02234,Y,-82.78704,27.83601,10,0.918975849067724,On-System / Off-System,Off Corridor,,0,0,0,0,,,Unmatched,,0
23475,61902,15010000,11.874,12.298,TAMPA-ST PETERSBURG,URBAN PRIN ART OTHER,DIVIDED,USA  19,SR  595,7,PINELLAS,41500,6,45,1,PPFYA,Change Left-Turn Phasing from Protected-Permissive to Protected-Only,,PPFYA-02089,Potential Location,0.906000018,1,13357.2024403125,0.0177774094010195,0.00863474170906664,0.0367669148975632,0.0710634625147249,0.258378484362546,62616.3114812458,,751358.20630572,3.76621344424002,38.0225109847279,507874.376512016,13357.2024403125,494517.174071703,CIS,7,15,15010000 = 11.914|15A11812 = .447,JOHNSON BLVD|SEMINOLE BLVD|VILLAGE DR,19000,15010000,15A11812,Y,-82.78712096,27.84200194,10,0.918589719417886,On-System / Off-System,Off Corridor,,0,0,0,0,,,Unmatched,,0
103978,231067,87134000,0.154,0.946,MIAMI,URBAN MINOR ART,DIVIDED,,SR  825,6,MIAMI-DADE,54500,6,40,1,PPFYA,Change Left-Turn Phasing from Protected-Permissive to Protected-Only,,PPFYA-06103,Potential Location,0.906000018,1,13357.2024403125,0.0176733346141035,0.00856476985145016,0.0382015925120237,0.050708875469697,0.163682268272159,43713.357976687,,755782.806808474,2.6292483956674,26.5440680635706,354554.490714546,13357.2024403125,341197.288274234,CIS,6,87,87134000 = .796|87A29934 = 1.923,NW 137TH AVE|NW 6TH ST,24250,87134000,87A29934,Y,-80.41736094,25.77257742,10,0.911145903352423,On-System / Off-System,Off Corridor,,0,0,0,0,,,Unmatched,,0
25103,64070,15010000,13.655,14.034,TAMPA-ST PETERSBURG,URBAN PRIN ART OTHER,DIVIDED,USA  19,SR  595,7,PINELLAS,32500,6,45,1,PPFYA,Change Left-Turn Phasing from Protected-Permissive to Protected-Only,,PPFYA-04430,Potential Location,0.906000018,1,13357.2024403125,0.0175726856806911,0.00853530447347855,0.0363435090214294,0.0702450993833341,0.255403011200045,46013.5816427043,,760111.612022367,3.72284192646356,27.9408331801915,373211.365138818,13357.2024403125,359854.162698506,CIS,7,15,15010000 = 14.03|15A10666 = .718,110TH AVE N|SEMINOLE BLVD,33500,15010000,15A10666,Y,-82.78705509,27.87274,10,0.908011288074347,On-System / Off-System,Off Corridor,,0,0,0,0,,,Unmatched,,0
24411,65312,15080000,1.173,1.95,TAMPA-ST PETERSBURG,URBAN MINOR ART,DIVIDED,,SR  584,7,PINELLAS,44000,6,45,1,PPFYA,Change Left-Turn Phasing from Protected-Permissive to Protected-Only,,PPFYA-00957,Potential Location,0.906000018,1,13357.2024403125,0.0174856816920749,0.0084930453932935,0.0361635689540639,0.0698973094132551,0.254138487320042,61588.7763281236,,763893.720332703,3.70440979249862,37.3985606797266,499540.145975419,13357.2024403125,486182.943535106,CIS,7,15,15080000 = 1.417|15A06677 = .52,PINE AVE N|PINE AVE S|TAMPA RD,20500,15080000,15A06677,Y,-82.67236469,28.04174657,10,0.903515640385282,On-System / Off-System,Off Corridor,,0,0,0,0,0,162.6,No Match - Low Target Ratio,,0
35690,82150,17020000,13.816,14.287,215,URBAN PRIN ART OTHER,DIVIDED,US   41,SR   45,1,SARASOTA,49000,6,45,1,PPFYA,Change Left-Turn Phasing from Protected-Permissive to Protected-Only,,PPFYA-03900,Potential Location,0.906000018,1,13357.2024403125,0.0171325927965099,0.0083215450725905,0.0354333169200545,0.0684858709450095,0.24900666121291,60345.1123180008,,779636.95273453,3.62960653430216,36.6433704207097,489452.916804778,13357.2024403125,476095.714364466,CIS,1,17,17020000 = 13.987|17A05997 = .714,LANDINGS BLVD|PHILLIPPI ST|S TAMIAMI TRL,19750,17020000,17A05997,Y,-82.53076503,27.2804,10,0.885270921923209,On-System / Off-System,On Corridor,"456052-1, 451009-1",2,2497,0.47,100,0,1,Verified Match,"456052-1, 451009-1",2
101361,225003,87027000,2.078,2.33,MIAMI,URBAN MINOR ART,DIVIDED,,SR  969,6,MIAMI-DADE,28000,6,45,1,PPFYA,Change Left-Turn Phasing from Protected-Permissive to Protected-Only,,PPFYA-06382,Potential Location,0.906000018,1,13357.2024403125,0.0171131996549382,0.00721963110442706,0.0286378700475607,0.0518075380178794,0.168471428790529,42869.2575249825,,780520.458455478,2.57847787925889,26.0315048362275,347708.079923465,13357.2024403125,334350.877483152,CIS,6,87,87027000 = 2.186|87A07675 = .011,MILAM DAIRY RD|NW 22ND ST|NW 72ND AVE,12500,87027000,87A07675,Y,-80.31280689,25.79388,10,0.768046009245731,On-System / Off-System,On Corridor,452568-1,3,1338,0.25,100,0,0.3,Verified Match,452568-1,3
96014,204855,86090000,4.164,4.195,MIAMI,URBAN PRIN ART OTHER,DIVIDED,,SR  816,4,BROWARD,60500,6,45,1,PPFYA,Change Left-Turn Phasing from Protected-Permissive to Protected-Only,,PPFYA-05441,Potential Location,0.906000018,1,13357.2024403125,0.0170388547312472,0.00718826683974493,0.0285134584643215,0.0515824703777993,0.167739537865974,31731.0202557531,,783926.070794945,2.56727619020964,19.2680315670199,257366.998267017,13357.2024403125,244009.795826704,CIS,4,86,86090000 = 4.173,SOMERSET DR|W OAKLAND PARK BLVD,28750,86090000,86A41230,Y,-80.18969463,26.16524305,10,0.764709384704449,On-System / Off-System,On Corridor,"447675-1, 447546-1",2,163,0.03,100,0.3,0.3,Verified Match,"447675-1, 447546-1",2
102950,236592,87240000,10.563,10.843,MIAMI,URBAN PRIN ART OTHER,DIVIDED,,SR    9,6,MIAMI-DADE,47500,6,45,1,PPFYA,Change Left-Turn Phasing from Protected-Permissive to Protected-Only,,PPFYA-04474,Potential Location,0.906000018,1,13357.2024403125,0.016873205435298,0.00711838354301636,0.0282362547206316,0.0510809930170156,0.166108798195462,42268.0622947678,,791622.107105374,2.54231750019655,25.6664409781998,342831.848068147,13357.2024403125,329474.645627835,CIS,6,87,87240000 = 10.671|87A12079 = .249,NW 132ND ST|NW 27TH AVE,21500,87240000,87A12079,Y,-80.24354822,25.89456768,10,0.757274990011845,On-System / Off-System,On Corridor,438076-1,4,1482,0.28,100,0,0.3,Verified Match,438076-1,4
101434,226415,87030000,23.155,23.331,MIAMI,URBAN PRIN ART OTHER,DIVIDED,US    1,SR    5,6,MIAMI-DADE,61000,8,45,1,PPFYA,Change Left-Turn Phasing from Protected-Permissive to Protected-Only,,PPFYA-04510,Potential Location,0.906000018,1,13357.2024403125,0.0167763994418924,0.00814853687177631,0.0346966443002775,0.0670620227040842,0.243829714615686,59090.5136564547,,796190.057740171,3.55414558436014,35.8815403118833,479276.997816059,13357.2024403125,465919.795375747,CIC,6,87,87030000 = 23.235,BISCAYNE BLVD|NE 182ND ST,26000,87030000,87A13082,Y,-80.14801779,25.94401934,10,0.866865790652631,On-System / Off-System,On Corridor,"458150-1, 449271-1",2,933,0.18,100,0,0.5,Verified Match,"458150-1, 449271-1",2
101712,225188,87044000,0.277,0.341,MIAMI,URBAN PRIN ART OTHER,DIVIDED,,SR  976,6,MIAMI-DADE,45000,6,40,1,PPFYA,Change Left-Turn Phasing from Protected-Permissive to Protected-Only,,PPFYA-05397,Potential Location,0.906000018,1,13357.2024403125,0.0165541584902699,0.00698378561308261,0.027702349598561,0.050115128242028,0.162967930574915,30828.3829316533,,806878.975344081,2.49424609877613,18.7199229870201,250045.801004687,13357.2024403125,236688.598564374,CIS,6,87,87044000 = .293,SW 40TH ST,20250,87044000,87A33768,Y,-80.38136,25.73207135,10,0.742956058553565,On-System / Off-System,Off Corridor,,0,0,0,0,,,Unmatched,,0
97561,205929,86200000,2.687,2.897,MIAMI,URBAN PRIN ART OTHER,DIVIDED,,SR  858,4,BROWARD,57390,6,40,1,PPFYA,Change Left-Turn Phasing from Protected-Permissive to Protected-Only,,PPFYA-05289,Potential Location,0.906000018,1,13357.2024403125,0.0165368508229401,0.00803218468542803,0.0342012142019897,0.0661044504324799,0.240348093210686,43301.2772936964,,807723.464602056,3.50339627612877,26.2938402567107,351212.147242124,13357.2024403125,337854.944801811,CIS,4,86,86200000 = 2.736|86A02140 = .275,NW 10TH TER|SW 10TH TER|W HALLANDALE BEACH BLVD,28288,86200000,86A02140,Y,-80.16266,25.98504984,10,0.854487896117685,On-System / Off-System,On Corridor,"446996-1, 444120-1, 449565-1, 436903-4",7,1108,0.21,100,0,0.3,Verified Match,"446996-1, 444120-1, 449565-1, 436903-4",7
78339,201517,86016000,4.383,4.545,MIAMI,URBAN MINOR ART,DIVIDED,,SR  848,4,BROWARD,40000,6,45,1,PPFYA,Change Left-Turn Phasing from Protected-Permissive to Protected-Only,,PPFYA-06233,Potential Location,0.906000018,1,13357.2024403125,0.0165204391711447,0.00696956027532669,0.0276459224254625,0.0500130482720202,0.162635979684058,30765.5883122351,,808525.869193763,2.48916554573982,18.6817922020836,249536.480391082,13357.2024403125,236179.277950769,CIC,4,86,86016000 = 4.5|86A19358 = .009,LAKESHORE DR|STIRLING RD,19500,86016000,86A19358,Y,-80.17932038,26.04759,10,0.741442724459956,On-System / Off-System,On Corridor,446370-1,1,854,0.16,100,0,0.3,Verified Match,446370-1,1
61469,119632,57040000,0.846,0.863,1460,URBAN PRIN ART OTHER,DIVIDED,,SR   85,3,OKALOOSA,40500,6,40,1,PPFYA,Change Left-Turn Phasing from Protected-Permissive to Protected-Only,,PPFYA-02447,Potential Location,0.906000018,1,13357.2024403125,0.0165134959121754,0.00696663108794899,0.027634303315531,0.0499920286403747,0.162567626554158,41366.975385723,,808865.821710366,2.4881193918923,25.119273856936,335523.226060744,13357.2024403125,322166.023620431,SI,3,57,57040000 = .863|57A01259 = 0,EGLIN PKWY NE|HOSPITAL DR,18750,57040000,57A01259,Y,-86.60520841,30.41363652,10,0.741131108721806,On-System / Off-System,On Corridor,450813-1,1,90,0.02,100,0.4,0.8,Verified Match,450813-1,1
118765,283172,94120000,8.852,9.056,PORT SAINT LUCIE,URBAN PRIN ART OTHER,DIVIDED,,SR  716,4,ST. LUCIE,38000,6,45,1,PPFYA,Change Left-Turn Phasing from Protected-Permissive to Protected-Only,,PPFYA-05087,Potential Location,0.906000018,1,13357.2024403125,0.0165042891351163,0.00801636900848507,0.0341338707112633,0.0659742882569974,0.239874838679702,58132.0757118703,,809317.040616567,3.49649795569959,35.2995479138313,471503.207536556,13357.2024403125,458146.005096243,CIS,4,94,94120000 = 8.903|94A00427 = .855,SE GOWIN DR|SE PORT ST LUCIE BLVD,17000,94120000,94A00427,Y,-80.29432502,27.2711197,10,0.852805376971781,On-System / Off-System,Off Corridor,,0,0,0,0,,,Unmatched,,0
92620,222804,87002000,5.632,6.234,MIAMI,URBAN PRIN ART OTHER,DIVIDED,,SR  823,6,MIAMI-DADE,49000,6,45,1,PPFYA,Change Left-Turn Phasing from Protected-Permissive to Protected-Only,,PPFYA-06112,Potential Location,0.906000018,1,13357.2024403125,0.0165024595450236,0.00696197512055683,0.0276158346448754,0.049958617763255,0.162458978692846,41339.3288394833,,809406.767753019,2.48645652176035,25.1024860410583,335298.987805534,13357.2024403125,321941.785365222,CIS,6,87,87002000 = 6.007|87A11420 = .252,NW 158TH ST|NW 57TH AVE,24500,87002000,87A11420,Y,-80.29292124,25.91697,10,0.740635792946942,On-System / Off-System,Off Corridor,,0,0,0,0,,,Unmatched,,0
30767,87789,29010000,8.586,8.63040274517692,LAKE CITY,URBAN MINOR ART,DIVIDED,US   90,SR   10,2,COLUMBIA,29000,6,45,1,PPFYA,Change Left-Turn Phasing from Protected-Permissive to Protected-Only,,PPFYA-02919,Potential Location,0.906000018,1,13357.2024403125,0.016490634618246,0.00695698647957254,0.0275960463689711,0.0499228196450807,0.162342567831655,41309.7069194763,,809987.168446111,2.48467483787104,25.0844987187103,335058.727499573,13357.2024403125,321701.525059261,SI,2,29,29010000 = 8.615|29A00977 = 0,NW RIDGEWOOD AVE|US-90,16250,29010000,29A00977,Y,-82.65798678,30.18223609,10,0.740105086357627,On-System / Off-System,Off Corridor,,0,0,0,0,,,Unmatched,,0
9493,31022,11010000,9.946,10.018,LEESBURG-EUSTIS-TAVARES,URBAN PRIN ART OTHER,DIVIDED,US  441,SR   44,5,LAKE,36967,6,45,1,PPFYA,Change Left-Turn Phasing from Protected-Permissive to Protected-Only,,PPFYA-00494,Potential Location,0.906000018,1,13357.2024403125,0.0164229778199135,0.00797687494110085,0.0339657041275484,0.0656492541944075,0.238693052632607,57845.6777038795,,813324.026055516,3.47927183677655,35.1256384140983,469180.263142328,13357.2024403125,455823.060702015,CIS,5,11,11010000 = 10.011|11A03412 = .262,COLLEGE DR|US-441,17832,11010000,11A03412,Y,-81.79974022,28.82693949,10,0.848603879637003,On-System / Off-System,On Corridor,448735-1,1,380,0.07,100,0,0.4,Verified Match,448735-1,1
115729,255347,92090000,14.259,14.395,KISSIMMEE,URBAN PRIN ART OTHER,DIVIDED,US  192,SR  530,5,OSCEOLA,43000,6,40,1,PPFYA,Change Left-Turn Phasing from Protected-Permissive to Protected-Only,,PPFYA-06282,Potential Location,0.906000018,1,13357.2024403125,0.0163736957053489,0.00690765287569407,0.0274003564069198,0.0495688053579898,0.161191359049298,41016.7702113937,,815771.996785613,2.46705543260437,24.906618723268,332682.748390368,13357.2024403125,319325.545950056,CIS,5,92,92090000 = 14.393|92A02434 = .5,N EMORY AVE|W VINE ST,38750,92090000,92A02434,Y,-81.41999,28.30445638,10,0.734856829620889,On-System / Off-System,On Corridor,"448783-1, 454331-2, 454331-1",4,717,0.14,100,0,0.9,Verified Match,"448783-1, 454331-2, 454331-1",4
96291,206834,86100000,19.66,19.824,MIAMI,URBAN PRIN ART OTHER,DIVIDED,US  441,SR    7,4,BROWARD,53500,6,45,1,PPFYA,Change Left-Turn Phasing from Protected-Permissive to Protected-Only,,PPFYA-03035,Potential Location,0.906000018,1,13357.2024403125,0.0163711885842831,0.00795172016950895,0.0338585945720401,0.0654422317693812,0.237940343173842,42867.4953959226,,815896.925965158,3.46830008543201,26.0304348183687,347693.787478309,13357.2024403125,334336.585037997,CIS,4,86,86100000 = 19.822|86A04681 = .983,SR-7|WINFIELD BLVD,26750,86100000,86A04681,Y,-80.20163823,26.25866,10,0.845927839593517,On-System / Off-System,On Corridor,457381-1,1,869,0.16,100,0,0.6,Verified Match,457381-1,1
66376,137246,72030000,5.567,5.588,JACKSONVILLE,URBAN PRIN ART OTHER,DIVIDED,US   17,SR   15,2,DUVAL,39500,6,45,1,PPFYA,Change Left-Turn Phasing from Protected-Permissive to Protected-Only,,PPFYA-01477,Potential Location,0.906000018,1,13357.2024403125,0.0163330057384346,0.00793317421581111,0.0337796255044898,0.0652895995622102,0.237385390221113,57528.7743940995,,817804.307071324,3.46021090077467,34.9332051759824,466609.893424569,13357.2024403125,453252.690984257,CIS,2,72,72030000 = 5.571|72A07647 = .376,ROOSEVELT BLVD|VERONA AVE,37750,72030000,72A07647,Y,-81.70795478,30.26607519,10,0.843954865418071,On-System / Off-System,Off Corridor,,0,0,0,0,,,Unmatched,,0
68307,140692,72030000,6.124,6.138,JACKSONVILLE,URBAN PRIN ART OTHER,DIVIDED,US   17,SR   15,2,DUVAL,39500,6,45,1,PPFYA,Change Left-Turn Phasing from Protected-Permissive to Protected-Only,,PPFYA-00533,Potential Location,0.906000018,1,13357.2024403125,0.0162356181741653,0.006849401417226,0.0271692922883298,0.0491507972069458,0.159832050478639,30235.1735063712,,822709.815975282,2.44625103208557,18.3597083503629,245234.341180893,13357.2024403125,231877.13874058,CIS,2,72,72030000 = 6.125|72A09784 = 1.908,ORTEGA FOREST DR|ROOSEVELT BLVD,19500,72030000,72A09784,Y,-81.71440645,30.27184889,10,0.728659864767421,On-System / Off-System,Off Corridor,,0,0,0,0,,,Unmatched,,0
69024,152986,75003000,7.075,7.1,ORLANDO,URBAN PRIN ART OTHER,DIVIDED,,SR  436,5,ORANGE,58000,6,45,1,PPFYA,Change Left-Turn Phasing from Protected-Permissive to Protected-Only,,PPFYA-03241,Potential Location,0.906000018,1,13357.2024403125,0.0162313298835676,0.00684759229463008,0.0271621161020327,0.0491378150772066,0.15978983426784,30227.1875332547,,822927.174552417,2.44560490730066,18.3548590268662,245169.567785249,13357.2024403125,231812.365344936,CIS,5,75,75003000 = 7.076|75A08499 = .009,N SEMORAN BLVD|OLEANDER DR,30250,75003000,75A08499,Y,-81.31068571,28.55359171,10,0.728467404879937,On-System / Off-System,Off Corridor,,0,0,0,0,,,Unmatched,,0
92773,207417,86220000,13.004,13.053,MIAMI,URBAN PRIN ART OTHER,DIVIDED,,SR  817,4,BROWARD,55000,6,45,1,PPFYA,Change Left-Turn Phasing from Protected-Permissive to Protected-Only,,PPFYA-06152,Potential Location,0.906000018,1,13357.2024403125,0.0161815264186581,0.00682658145787137,0.0270787731162231,0.0489870428689843,0.15929954250118,30134.4398234598,,825459.977923407,2.43810092586124,18.2985398229549,244417.300777328,13357.2024403125,231060.098337016,CIS,4,86,86220000 = 13.047|86A15153 = .659,N UNIVERSITY DR|NW 27TH PL,27750,86220000,86A15153,Y,-80.25734771,26.15905,10,0.726232209052057,On-System / Off-System,On Corridor,"446998-1, 449243-3",2,260,0.05,100,0,0.6,Verified Match,"446998-1, 449243-3",2
114752,267562,93030000,4.839,4.914,MIAMI,URBAN PRIN ART OTHER,DIVIDED,,SR  806,4,PALM BEACH,41500,6,45,1,PPFYA,Change Left-Turn Phasing from Protected-Permissive to Protected-Only,,PPFYA-02854,Potential Location,0.906000018,1,13357.2024403125,0.0161518357211064,0.00784517735025168,0.0334049329686519,0.0645653900643707,0.234752248719262,42293.126112721,,826977.358546186,3.42182932674647,25.6816604836434,343035.138083399,13357.2024403125,329677.935643087,CIS,4,93,93030000 = 4.913,MARKET PLACE OF DELRAY|PINE WEST PLZ|W ATLANTIC AVE,17750,93030000,93A35741,Y,-80.12651,26.45782573,10,0.834593494948932,On-System / Off-System,Off Corridor,,0,0,0,0,,,Unmatched,,0
40282,84321,17120000,3.181,3.529,215,URBAN PRIN ART OTHER,DIVIDED,US  301,SR  683,1,SARASOTA,50000,6,45,1,PPFYA,Change Left-Turn Phasing from Protected-Permissive to Protected-Only,,PPFYA-02034,Potential Location,0.906000018,1,13357.2024403125,0.0161211895228987,0.00783029205397936,0.0333415510587223,0.0644428848720548,0.234306834088493,56782.7067399442,,828549.433113468,3.4153368102554,34.4801704170767,460558.616437368,13357.2024403125,447201.413997055,CIS,1,17,17120000 = 3.209|17A03500 = .012,47TH ST|N WASHINGTON BLVD|SANFORD CIR,21500,17120000,17A03500,Y,-82.53082126,27.37483,10,0.833009952489072,On-System / Off-System,On Corridor,456052-1,1,1829,0.35,100,0,1.1,Verified Match,456052-1,1
94660,207559,86220000,2.047,2.048,MIAMI,URBAN PRIN ART OTHER,DIVIDED,,SR  817,4,BROWARD,52500,6,45,0,PPFYA,Change Left-Turn Phasing from Protected-Permissive to Protected-Only,,PPFYA-06517,Potential Location,0.906000018,1,13357.2024403125,0.0160933170320935,0.00781675398701687,0.0332839056800117,0.0643314673049142,0.233901732773269,56684.5331238315,,829984.422333529,3.40943191448421,34.4205564393646,459762.340468796,13357.2024403125,446405.138028483,CIS,4,86,86220000 = 2.047,S UNIVERSITY DR|W AIRPORT RD,25000,86220000,86A36882,Y,-80.24788592,26.00148,10,0.831569732323658,On-System / Off-System,On Corridor,"443597-1, 446998-1",3,5,0,100,0,0.4,Verified Parallel Fallback,"443597-1, 446998-1",3
95606,199385,86020000,7.86,7.874,MIAMI,URBAN PRIN ART OTHER,DIVIDED,US    1,SR    5,4,BROWARD,42500,6,45,1,PPFYA,Change Left-Turn Phasing from Protected-Permissive to Protected-Only,,PPFYA-04820,Potential Location,0.906000018,1,13357.2024403125,0.0160846634155626,0.00781255080184468,0.0332660084276408,0.0642968753157163,0.233775960323915,42117.2373259168,,830430.957441662,3.40759861210673,25.5748555126997,341608.522464872,13357.2024403125,328251.32002456,CIS,4,86,86020000 = 7.874|86A13230 = .012,S FEDERAL HWY|SE 9TH ST,22750,86020000,86A13230,Y,-80.10482681,26.21899262,10,0.83112258487929,On-System / Off-System,On Corridor,"457344-1, 457345-1",2,74,0.01,100,0.1,0.7,Verified Parallel Fallback,"457344-1, 457345-1",2
52812,124462,60020001,2.53,2.671,1460,URBAN PRIN ART OTHER,DIVIDED,US   98,SR   30,3,WALTON,53500,6,45,1,PPFYA,Change Left-Turn Phasing from Protected-Permissive to Protected-Only,,PPFYA-03409,Potential Location,0.906000018,1,13357.2024403125,0.0160112324601621,0.00777688433779303,0.0331141398607899,0.0640033422238689,0.232708708142584,56395.4115196698,,834239.492403026,3.39204197811052,34.2449930899736,457417.30526988,13357.2024403125,444060.102829567,CIC,3,60,60020001 = 2.59|60A00498 = .032,EMERALD COAST PKWY|SOUTH SHORE DR|US-98,25250,60020001,60A00498,Y,-86.35520378,30.38015795,10,0.827328279466376,On-System / Off-System,On Corridor,"455245-1, 409797-2",6,745,0.14,100,0,1.1,Verified Match,"455245-1, 409797-2",6
13908,22547,10120000,0.124,0.23,TAMPA-ST PETERSBURG,URBAN PRIN ART OTHER,DIVIDED,,SR  674,7,HILLSBOROUGH,20300,6,45,1,PPFYA,Change Left-Turn Phasing from Protected-Permissive to Protected-Only,,PPFYA-03545,Potential Location,0.906000018,1,13357.2024403125,0.0159326260783373,0.00672157662679853,0.0266622539529675,0.0482335359793413,0.156849235322756,39911.8729503281,,838355.358033135,2.40059864489697,24.2356918153736,323721.04185897,13357.2024403125,310363.839418658,SI,7,10,10120000 = .13|10A02550 = 0,2ND ST SE|COLLEGE AVE E,8550,10120000,10A02550,Y,-82.43203912,27.71317353,10,0.715061480203106,On-System / Off-System,On Corridor,438702-1,5,558,0.11,100,0,0.4,Verified Match,438702-1,5
18449,65830,15007000,0.228,0.26,TAMPA-ST PETERSBURG,URBAN PRIN ART OTHER,DIVIDED,USA  19,SR  595,7,PINELLAS,32000,6,40,1,PPFYA,Change Left-Turn Phasing from Protected-Permissive to Protected-Only,,PPFYA-01110,Potential Location,0.906000018,1,13357.2024403125,0.015909693666968,0.00671190201575214,0.0266238779958168,0.0481641116871103,0.156623476482394,39854.4263320171,,839563.772874203,2.3971433754777,24.2008084978467,323255.098324974,13357.2024403125,309897.895884661,CIS,7,15,15007000 = .247|15A09501 = .129,4TH AVE NW|N MISSOURI AVE,15000,15007000,15A09501,Y,-82.78776406,27.92033827,10,0.714032266064917,On-System / Off-System,Off Corridor,,0,0,0,0,,,Unmatched,,0
84022,171865,77080000,6.532,6.905,ORLANDO,URBAN PRIN ART OTHER,DIVIDED,,SR  436,5,SEMINOLE,42500,6,40,1,PPFYA,Change Left-Turn Phasing from Protected-Permissive to Protected-Only,,PPFYA-00405,Potential Location,0.906000018,1,13357.2024403125,0.0157048013333976,0.00662546306252713,0.0262810034813576,0.047543832161653,0.154606407501675,39341.1627466076,,850517.122550747,2.36627186340552,23.8891393839587,319092.070876378,13357.2024403125,305734.868436066,CIS,5,77,77080000 = 6.673,E ALTAMONTE DR|PLAZA ENTRANCE,28750,77080000,77A12496,Y,-81.35313,28.66310514,10,0.704836630982241,On-System / Off-System,Off Corridor,,0,0,0,0,,,Unmatched,,0
5078,1315,03010000,11.036,11.59,BONITA SPRINGS,URBAN PRIN ART OTHER,DIVIDED,US   41,SR   45,1,COLLIER,36000,6,40,1,PPFYA,Change Left-Turn Phasing from Protected-Permissive to Protected-Only,,PPFYA-00960,Potential Location,0.906000018,1,13357.2024403125,0.0156971271541202,0.0076243189034298,0.0324645129778394,0.0627477368576388,0.228143473069542,41102.4845596403,,850932.932451051,3.32549754523862,24.9586670581293,333377.968535792,13357.2024403125,320020.766095479,CIS,1,3,03010000 = 11.376|03A05814 = .751,4TH AVE N|9TH ST N,16500,3010000,03A05814,Y,-81.79617978,26.15175003,10,0.811097911000642,On-System / Off-System,On Corridor,"452524-1, 437908-1, 413627-1, 412666-1",7,2936,0.56,100,0,1.2,Verified Match,"452524-1, 437908-1, 413627-1, 412666-1",7
18149,62474,15090000,5.986,6.05,TAMPA-ST PETERSBURG,URBAN MINOR ART,DIVIDED,US   92,SR  687,7,PINELLAS,32500,6,45,1,PPFYA,Change Left-Turn Phasing from Protected-Permissive to Protected-Only,,PPFYA-03374,Potential Location,0.906000018,1,13357.2024403125,0.0153964113701748,0.00747825695122776,0.0318425780610433,0.0615456548018157,0.223772842527882,40315.0687640557,,867552.971868979,3.26178973478986,24.4805244619125,326991.321082787,13357.2024403125,313634.118642474,CIS,7,15,15090000 = 6.014|15A11358 = .556,4TH ST N|87TH AVE N,15250,15090000,15A11358,Y,-82.63876036,27.85162502,10,0.795559402471775,On-System / Off-System,On Corridor,454084-1,2,338,0.06,100,0,1.1,Verified Match,454084-1,2
105597,243355,89010000,16.801,16.807,PORT SAINT LUCIE,URBAN PRIN ART OTHER,DIVIDED,US    1,SR    5,4,MARTIN,36000,6,45,1,PPFYA,Change Left-Turn Phasing from Protected-Permissive to Protected-Only,,PPFYA-04769,Potential Location,0.906000018,1,13357.2024403125,0.0151500777210846,0.0073586091788125,0.0313331152867885,0.0605609600331147,0.220192606878036,53362.2174158912,,881659.004410459,3.2096029914886,32.4031462388655,432815.384015577,13357.2024403125,419458.181575265,CIS,4,89,89010000 = 16.805|89A10002 = .198,SE FEDERAL HWY|SE LUCKHARDT ST,11000,89010000,89A10002,Y,-80.22964323,27.16995828,10,0.78283091360725,On-System / Off-System,On Corridor,447649-1,1,32,0.01,100,0,0.6,Verified Parallel Fallback,447649-1,1
111878,204546,86190000,6.324,6.338,MIAMI,URBAN PRIN ART OTHER,DIVIDED,,SR  823,4,BROWARD,40500,6,45,1,PPFYA,Change Left-Turn Phasing from Protected-Permissive to Protected-Only,,PPFYA-04836,Potential Location,0.906000018,1,13357.2024403125,0.0150108507344623,0.00729098464245313,0.0310451685644562,0.0600044137151624,0.21816906919747,52871.8264841037,,889836.470736909,3.18010721192988,32.1053660894186,428837.874276708,13357.2024403125,415480.671836396,CIS,4,86,86190000 = 6.332|86A02068 = .013,S FLAMINGO RD|SW 55TH ST,19750,86190000,86A02068,Y,-80.31308338,26.04874068,10,0.775636812616957,On-System / Off-System,Off Corridor,,0,0,0,0,,,Unmatched,,0
32683,88817,26250000,0.712,1.238,GAINESVILLE,URBAN MINOR ART,DIVIDED,,SR  121,2,ALACHUA,26806,6,45,1,PPFYA,Change Left-Turn Phasing from Protected-Permissive to Protected-Only,,PPFYA-03061,Potential Location,0.906000018,1,13357.2024403125,0.0149086781148678,0.00724135794150723,0.0308338570102948,0.0595959886202119,0.216684083055863,52511.9499447797,,895934.725895779,3.15846154439364,31.8868382115239,425918.953172817,13357.2024403125,412561.750732504,CIS,2,26,26250000 = .983|26A00706 = .573,SR-121|SW 39TH BLVD,14305,26250000,26A00706,Y,-82.37250116,29.61799228,10,0.77035737533516,On-System / Off-System,On Corridor,207712-6,2,2780,0.53,100,0,0.5,Verified Match,207712-6,2
81377,171457,77080000,3.386,3.405,ORLANDO,URBAN PRIN ART OTHER,DIVIDED,,SR  436,5,SEMINOLE,47000,7,45,1,PPFYA,Change Left-Turn Phasing from Protected-Permissive to Protected-Only,,PPFYA-02647,Potential Location,0.906000018,1,13357.2024403125,0.0148340886187781,0.00720512875769222,0.0306795923706547,0.0592978243748039,0.215599992538832,52249.227800342,,900439.709076833,3.1426594690386,31.727305409503,423788.041240353,13357.2024403125,410430.838800041,CIS,5,77,77080000 = 3.394|77A05406 = .753,N WEATHERSFIELD AVE|SEMORAN BLVD|WEATHERSFIELD AVE,29750,77080000,77A05406,Y,-81.40662,28.66189567,10,0.766503206106169,On-System / Off-System,On Corridor,452880-1,1,100,0.02,100,1.4,0.7,Verified Match,452880-1,1
85605,193115,86015000,7.603,7.606,MIAMI,URBAN PRIN ART OTHER,DIVIDED,,SR  818,4,BROWARD,34000,6,45,1,PPFYA,Change Left-Turn Phasing from Protected-Permissive to Protected-Only,,PPFYA-04529,Potential Location,0.906000018,1,13357.2024403125,0.0148135568811016,0.00719515619939219,0.0306371290040964,0.0592157507532866,0.21530158239692,38788.880729619,,901687.727500002,3.13830974041805,23.5537771027757,314612.568995772,13357.2024403125,301255.36655546,CIS,4,86,86015000 = 7.606|86A19094 = .28,GRIFFIN RD|SW 35TH AVE|SW 48TH ST,15000,86015000,86A19094,Y,-80.19263,26.06257526,10,0.765442295445566,On-System / Off-System,Off Corridor,,0,0,0,0,,,Unmatched,,0
7516,24663,10030000,1.484,2.108,TAMPA-ST PETERSBURG,URBAN PRIN ART OTHER,DIVIDED,US   41,SR  600,7,HILLSBOROUGH,46000,6,40,1,PPFYA,Change Left-Turn Phasing from Protected-Permissive to Protected-Only,,PPFYA-00592,Potential Location,0.906000018,1,13357.2024403125,0.0148080052574695,0.00719245969648521,0.0306256472370393,0.0591935586785601,0.215220894594359,38774.3439597772,,902025.776468088,3.1371336073219,23.5449499381294,314494.662770617,13357.2024403125,301137.460330305,SI,7,10,10030000 = 2.009|10A13452 = 1.591,E HILLSBOROUGH AVE|N 37TH ST,22500,10030000,10A13452,Y,-82.41829,27.99610046,10,0.765155433379254,On-System / Off-System,On Corridor,"445362-2, 438702-1",6,3287,0.62,100,0,0.7,Verified Match,"445362-2, 438702-1",6
114819,253634,92090000,7.099,7.129,KISSIMMEE,URBAN PRIN ART OTHER,DIVIDED,US  192,SR  530,5,OSCEOLA,39500,6,45,1,PPFYA,Change Left-Turn Phasing from Protected-Permissive to Protected-Only,,PPFYA-05633,Potential Location,0.906000018,1,13357.2024403125,0.0147020002939211,0.00714097157133312,0.0304064096987914,0.058769814161934,0.213680208817331,51783.9809521817,,908529.599597093,3.11467604278782,31.4447935052353,420014.472543251,13357.2024403125,406657.270102939,CIS,5,92,92090000 = 7.113|92A01291 = .526,HOLIDAY TRL|W IRLO BRONSON MEMORIAL HWY,15000,92090000,92A01291,Y,-81.51783,28.33278683,10,0.759677972207815,On-System / Off-System,Off Corridor,,0,0,0,0,,,Unmatched,,0
79726,178373,79060000,19.331,19.433,DAYTONA BEACH-PORT ORANGE,URBAN PRIN ART OTHER,DIVIDED,US   92,SR  600,5,VOLUSIA,36500,6,45,1,PPFYA,Change Left-Turn Phasing from Protected-Permissive to Protected-Only,,PPFYA-05884,Potential Location,0.906000018,1,13357.2024403125,0.0146639323491828,0.00712248142674594,0.0303276782676281,0.0586176412607594,0.213126925847782,51649.8964952502,,910888.165755679,3.10661120037834,31.3633733829707,418926.927487449,13357.2024403125,405569.725047136,CIC,5,79,79060000 = 19.332|79A01753 = .809,N SENECA ST|S SENECA BLVD|W INTERNATIONAL SPEEDWAY BLVD,18000,79060000,79A01753,Y,-81.04405247,29.2016944,10,0.757710935172938,On-System / Off-System,Off Corridor,,0,0,0,0,,,Unmatched,,0
109496,204477,86120000,2.213,2.354,MIAMI,URBAN PRIN ART OTHER,DIVIDED,,SR  810,4,BROWARD,40000,6,45,1,PPFYA,Change Left-Turn Phasing from Protected-Permissive to Protected-Only,,PPFYA-05345,Potential Location,0.906000018,1,13357.2024403125,0.0146045206506296,0.00616128214948436,0.024439752526288,0.0442129043134295,0.143774659936393,36584.9151196048,,914593.690532162,2.20049050990658,22.2154627780518,296736.433631665,13357.2024403125,283379.231191352,CIS,4,86,86120000 = 2.283|86A00444 = .012,NW 45TH AVE|W HILLSBORO BLVD,18500,86120000,86A00444,Y,-80.16579,26.31781741,10,0.655455673330274,On-System / Off-System,On Corridor,"451576-3, 439891-5",4,743,0.14,100,0,0.4,Verified Match,"451576-3, 439891-5",4
46711,104194,48020000,10.938,10.973,PENSACOLA,URBAN PRIN ART OTHER,DIVIDED,US   90,SR   10A,3,ESCAMBIA,37500,6,40,1,PPFYA,Change Left-Turn Phasing from Protected-Permissive to Protected-Only,,PPFYA-04189,Potential Location,0.906000018,1,13357.2024403125,0.0145862298257971,0.00615356570775814,0.0244091439741073,0.0441575316991903,0.143594595339741,36539.095863364,,915740.571747271,2.19773459703377,22.1876399451107,296364.798419608,13357.2024403125,283007.595979295,SI,3,48,48020000 = 10.953|48A03162 = .771,CHEROKEE TRL|MOBILE HWY,17500,48020000,48A03162,Y,-87.278177,30.43631011,10,0.654634775117099,On-System / Off-System,On Corridor,"457655-2, 456593-1",4,185,0.04,100,0,0.8,Verified Match,"457655-2, 456593-1",4
6676,25322,10040000,13.592,13.758,TAMPA-ST PETERSBURG,URBAN PRIN ART OTHER,DIVIDED,US   41,SR   45,7,HILLSBOROUGH,42500,6,45,1,PPFYA,Change Left-Turn Phasing from Protected-Permissive to Protected-Only,,PPFYA-03292,Potential Location,0.906000018,1,13357.2024403125,0.0144772317606265,0.00610758214901429,0.0242267425244233,0.043827557087834,0.14252156048098,36266.051300118,,922635.118451299,2.18131165418314,22.0218390593711,294150.162424,13357.2024403125,280792.959983688,CIS,7,10,10040000 = 13.755|10A00175 = .01,4TH AVE SE|US-41,18500,10040000,10A00175,Y,-82.46192062,28.14761,10,0.649742906228885,On-System / Off-System,On Corridor,"438702-1, 439461-1",7,879,0.17,100,0,0.9,Verified Match,"438702-1, 439461-1",7
110362,266981,93004000,1.482,1.558,MIAMI,URBAN PRIN ART OTHER,DIVIDED,,SR  808,4,PALM BEACH,46000,6,45,1,PPFYA,Change Left-Turn Phasing from Protected-Permissive to Protected-Only,,PPFYA-05585,Potential Location,0.906000018,1,13357.2024403125,0.0144486903212803,0.00701793529890758,0.0298825186190115,0.0577572322193517,0.20999857864679,37833.4879374133,,924457.659711881,3.06101133816189,22.9736338129997,306863.477629845,13357.2024403125,293506.275189532,CIS,4,93,93004000 = 1.553|93A20162 = .044,CONCORD GREEN DR|GLADES RD|GOLF COURSE RD,22750,93004000,93A20162,Y,-80.178435,26.36792494,10,0.746589004549764,On-System / Off-System,Off Corridor,,0,0,0,0,,,Unmatched,,0
60030,127630,70020000,1.128,1.792,PALM BAY-MELBOURNE,URBAN PRIN ART OTHER,DIVIDED,US    1,SR    5,5,BREVARD,31000,6,45,1,PPFYA,Change Left-Turn Phasing from Protected-Permissive to Protected-Only,,PPFYA-01395,Potential Location,0.906000018,1,13357.2024403125,0.0143956508852266,0.00607316521720498,0.0240902220282464,0.0435805837345728,0.141718435003704,36061.6879065302,,927863.737930752,2.1690197107225,21.8977434492376,292492.592237494,13357.2024403125,279135.389797182,SI,5,70,70020000 = 1.572|70A10076 = .459,CHERRY ST|S HARBOR CITY BLVD,19000,70020000,70A10076,Y,-80.61291207,28.09979,10,0.646081529803375,On-System / Off-System,On Corridor,453453-2,4,3515,0.67,100,0,1,Verified Match,453453-2,4
68773,144311,72160000,4.664,4.695,JACKSONVILLE,URBAN MINOR ART,DIVIDED,,SR   13,2,DUVAL,39500,6,45,1,PPFYA,Change Left-Turn Phasing from Protected-Permissive to Protected-Only,,PPFYA-01941,Potential Location,0.906000018,1,13357.2024403125,0.0142879528697356,0.00602773011691971,0.0239099961304482,0.0432545448204887,0.140658198524639,35791.9000203309,,934857.677799693,2.1527926487947,21.7339201159256,290304.370809999,13357.2024403125,276947.168369686,CIS,2,72,72160000 = 4.679|72A12632 = .107,PALL MALL DR|SAN JOSE BLVD,13000,72160000,72A12632,Y,-81.62022591,30.19892906,10,0.641248007570864,On-System / Off-System,On Corridor,445426-3,2,164,0.03,100,0,1.1,Verified Match,445426-3,2
81807,170259,77080000,3.847,3.864,ORLANDO,URBAN PRIN ART OTHER,DIVIDED,,SR  436,5,SEMINOLE,47000,7,45,1,PPFYA,Change Left-Turn Phasing from Protected-Permissive to Protected-Only,,PPFYA-03914,Potential Location,0.906000018,1,13357.2024403125,0.0140886264485292,0.00684304713214275,0.0291378410640035,0.0563179119591855,0.204765377587146,49623.5307487168,,948084.079673143,2.98473040387331,30.1329030465039,402491.286106461,13357.2024403125,389134.083666149,CIS,5,77,77080000 = 3.857|77A05284 = .372,FRANCES DR|LYNCHFIELD AVE|SEMORAN BLVD,29750,77080000,77A05284,Y,-81.39899998,28.6618748,10,0.727983876863162,On-System / Off-System,On Corridor,452880-1,1,90,0.02,100,0,0.7,Verified Match,452880-1,1
25733,64373,15010000,14.919,15.142,TAMPA-ST PETERSBURG,URBAN PRIN ART OTHER,DIVIDED,USA  19,SR  595,7,PINELLAS,36500,6,45,1,PPFYA,Change Left-Turn Phasing from Protected-Permissive to Protected-Only,,PPFYA-03652,Potential Location,0.906000018,1,13357.2024403125,0.0139917914140572,0.00679601297254206,0.0289375686063455,0.0559308233408675,0.203357968392945,36637.1110402225,,954645.623639935,2.96421552454105,22.2471577137338,297159.789303902,13357.2024403125,283802.58686359,CIC,7,15,15010000 = 15.042|15A01109 = .722,126TH AVE N|POINT WEST WAY|SEMINOLE BLVD,17000,15010000,15A01109,Y,-82.78715599,27.88741719,10,0.722980241904946,On-System / Off-System,Off Corridor,,0,0,0,0,,,Unmatched,,0
87997,197905,86065000,5.98,6.022,MIAMI,URBAN PRIN ART OTHER,DIVIDED,,SR  845,4,BROWARD,45500,6,45,1,PPFYA,Change Left-Turn Phasing from Protected-Permissive to Protected-Only,,PPFYA-06602,Potential Location,0.906000018,1,13357.2024403125,0.0139821311600632,0.00679132084917358,0.0289175894446763,0.0558922074164606,0.203217565383192,49248.4287300005,,955305.18827232,2.96216896209509,29.9051297987727,399448.872726028,13357.2024403125,386091.670285716,CIS,4,86,86065000 = 6.022,ISLE OF CAPRI BLVD|PALM AIRE DR|S POWERLINE RD,21000,86065000,86A10462,Y,-80.15649012,26.22399,10,0.722481079748885,On-System / Off-System,On Corridor,"446196-2, 451576-3",4,223,0.04,100,0,0.6,Verified Match,"446196-2, 451576-3",4
84676,167972,77120001,0.724,0.735,ORLANDO,URBAN PRIN ART OTHER,DIVIDED,,SR  434,5,SEMINOLE,48500,6,45,1,PPFYA,Change Left-Turn Phasing from Protected-Permissive to Protected-Only,,PPFYA-02220,Potential Location,0.906000018,1,13357.2024403125,0.0139084906550152,0.00675555260386451,0.0287652874910541,0.0555978366703074,0.202147267588232,48989.0491602494,,960363.189049281,2.94656793418959,29.7476267088145,397345.072068483,13357.2024403125,383987.86962817,CIC,5,77,77120001 = .735|77A06020 = .486,LOTUS LANDING BLVD|SR-434|TRAILWOOD DR,55000,77120001,77A06020,Y,-81.41579124,28.65104218,10,0.718675946540555,On-System / Off-System,On Corridor,450576-1,1,57,0.01,100,0.5,0.8,Verified Parallel Fallback,450576-1,1
78259,199273,86016000,3.672,3.683,MIAMI,URBAN MINOR ART,DIVIDED,,SR  848,4,BROWARD,40000,6,45,1,PPFYA,Change Left-Turn Phasing from Protected-Permissive to Protected-Only,,PPFYA-05351,Potential Location,0.906000018,1,13357.2024403125,0.0135814201340818,0.00572966161906575,0.0227276577556275,0.0411156273590366,0.133702714929347,25292.3288668062,,983490.850621238,2.04633803676485,15.3582641554273,205143.443455838,13357.2024403125,191786.241015525,CIS,4,86,86016000 = 3.673|86A19210 = .009,STIRLING RD|SW 35TH AVE,32000,86016000,86A19210,Y,-80.19262,26.04715652,10,0.609538586833532,On-System / Off-System,On Corridor,446370-1,1,58,0.01,100,0,0.3,Verified Parallel Fallback,446370-1,1
98845,223400,87060000,3.251,3.253,MIAMI,URBAN PRIN ART OTHER,DIVIDED,US   41,SR  A1A,6,MIAMI-DADE,35000,6,40,1,PPFYA,Change Left-Turn Phasing from Protected-Permissive to Protected-Only,,PPFYA-05436,Potential Location,0.906000018,1,13357.2024403125,0.0135028746396935,0.00655853911070826,0.0279263998230024,0.0539764261571123,0.196252007547363,35356.8962613062,,989211.763919311,2.86063660102155,21.4697727266169,286776.100656922,13357.2024403125,273418.898216609,CIS,6,87,87060000 = 3.252|87A16280 = .058,5TH ST|LENOX AVE,16500,87060000,87A16280,Y,-80.13948,25.77436062,10,0.697717060276485,On-System / Off-System,Off Corridor,,0,0,0,0,,,Unmatched,,0
87791,197552,86014000,3.99,4.004,MIAMI,URBAN PRIN ART OTHER,DIVIDED,,SR  870,4,BROWARD,55000,6,45,1,PPFYA,Change Left-Turn Phasing from Protected-Permissive to Protected-Only,,PPFYA-06572,Potential Location,0.906000018,1,13357.2024403125,0.0131550179129296,0.00638958012913724,0.0272069688653772,0.0525859027740225,0.191196226257238,34446.04323703,,1015369.38442206,2.78694179817068,20.9166753259278,279388.266706707,13357.2024403125,266031.064266395,CIC,4,86,86014000 = 3.99|86A06112 = .01,NW 33RD AVE|W COMMERCIAL BLVD,25250,86014000,86A06112,Y,-80.19130024,26.18642,10,0.679742697092989,On-System / Off-System,On Corridor,441944-1,1,74,0.01,100,0,0.4,Verified Parallel Fallback,441944-1,1
103777,233956,87240000,9.421,9.584,MIAMI,URBAN PRIN ART OTHER,DIVIDED,,SR    9,6,MIAMI-DADE,47500,6,45,1,PPFYA,Change Left-Turn Phasing from Protected-Permissive to Protected-Only,,PPFYA-06140,Potential Location,0.906000018,1,13357.2024403125,0.0130713783329026,0.00490176687483847,0.0274498944990954,0.0429721562694173,0.167313642661153,30151.0644406351,,1021866.40919806,2.43944598137795,18.3086347914098,244552.141314609,13357.2024403125,231194.938874296,CIC,6,87,87240000 = 9.478|87A05948 = .01,NW 113TH ST|NW 27TH AVE,21500,87240000,87A05948,Y,-80.24279313,25.87725965,10,0.521464661007964,On-System / Off-System,On Corridor,438076-1,4,863,0.16,100,0,0.3,Verified Match,438076-1,4
49631,105439,48040000,4.813,4.83725449049737,PENSACOLA,URBAN PRIN ART OTHER,DIVIDED,US   29,SR   95,3,ESCAMBIA,22000,6,45,1,PPFYA,Change Left-Turn Phasing from Protected-Permissive to Protected-Only,,PPFYA-03531,Potential Location,0.906000018,1,13357.2024403125,0.0129801006392339,0.00630462031048502,0.0268452081402337,0.0518866880098205,0.188653962699774,45719.0362414431,,1029052.30179332,2.74988489224236,27.7619763377806,370822.3380869,13357.2024403125,357465.135646588,CIC,3,48,48040000 = 4.822|48A01390 = .718,MARCUS POINTE BLVD|PENSACOLA BLVD|STUMPFIELD RD,9450,48040000,48A01390,Y,-87.2550054,30.48150501,10,0.67070441678223,On-System / Off-System,On Corridor,457655-1,2,128,0.02,100,0,0.9,Verified Match,457655-1,2
105589,226872,87038000,6.169,7.055,MIAMI,URBAN PRIN ART OTHER,DIVIDED,,SR  932,6,MIAMI-DADE,35000,6,40,1,PPFYA,Change Left-Turn Phasing from Protected-Permissive to Protected-Only,,PPFYA-05861,Potential Location,0.906000018,1,13357.2024403125,0.012958606146035,0.00629418012807415,0.0268007536202088,0.0518007658668777,0.188341559781577,33931.7445671618,,1030759.19506971,2.74533120011341,20.604377677569,275216.843795945,13357.2024403125,261859.641355633,CIS,6,87,87038000 = 6.921|87A13090 = .509,NW 103RD ST|NW 19TH AVE,15000,87038000,87A13090,Y,-80.23024502,25.86846019,10,0.669593758866268,On-System / Off-System,Off Corridor,,0,0,0,0,0,0,No Match - Angle Mismatch,,0
93248,206558,86190000,5.734,5.75,MIAMI,URBAN PRIN ART OTHER,DIVIDED,,SR  823,4,BROWARD,39000,6,45,1,PPFYA,Change Left-Turn Phasing from Protected-Permissive to Protected-Only,,PPFYA-06234,Potential Location,0.906000018,1,13357.2024403125,0.0129573626183868,0.00629357612893073,0.0267981817789363,0.0517957949862267,0.18832348623769,45638.9474633929,,1030858.11778998,2.74506775393622,27.7133440186431,370172.746355039,13357.2024403125,356815.543914726,CIS,4,86,86190000 = 5.743|86A19848 = .011,S FLAMINGO RD|SCHOTT CIR|W LAKE BLVD,21000,86190000,86A19848,Y,-80.3128127,26.04019763,10,0.66952950362594,On-System / Off-System,Off Corridor,,0,0,0,0,,,Unmatched,,0
4114,23975,10030000,1.002,1.262,TAMPA-ST PETERSBURG,URBAN PRIN ART OTHER,DIVIDED,US   41,SR  600,7,HILLSBOROUGH,46000,6,40,1,PPFYA,Change Left-Turn Phasing from Protected-Permissive to Protected-Only,,PPFYA-01529,Potential Location,0.906000018,1,13357.2024403125,0.0128887025518904,0.00543742138907877,0.0215684381766791,0.0390185331160745,0.12688323504404,24002.2987574632,,1036349.65478766,1.94196497981061,14.5749190039357,194680.143686727,13357.2024403125,181322.941246414,SI,7,10,10030000 = 1.205,E HILLSBOROUGH AVE,22500,10030000,10A09787,Y,-82.43143036,27.99609,10,0.578449194711416,On-System / Off-System,On Corridor,"445362-2, 438702-1",6,1370,0.26,100,0,0.6,Verified Match,"445362-2, 438702-1",6
110091,232598,87220000,3.363,3.432,MIAMI,URBAN PRIN ART OTHER,DIVIDED,,SR  948,6,MIAMI-DADE,45500,6,40,1,PPFYA,Change Left-Turn Phasing from Protected-Permissive to Protected-Only,,PPFYA-04837,Potential Location,0.906000018,1,13357.2024403125,0.0126910880455779,0.00535405276922818,0.0212377426512718,0.03842028607548,0.124937812861193,23634.2863527836,,1052486.7838236,1.91219003161731,14.3514507834603,191695.233426861,13357.2024403125,178338.030986548,CIS,6,87,87220000 = 3.381|87A15346 = .009,LEE DR|NW 36TH ST,26000,87220000,87A15346,Y,-80.26964,25.80828761,10,0.569580190901332,On-System / Off-System,On Corridor,438521-2,2,364,0.07,100,0,0.2,Verified Match,438521-2,2
99059,220020,87001000,4.394,4.609,MIAMI,URBAN PRIN ART OTHER,DIVIDED,,SR   94,6,MIAMI-DADE,68500,6,45,1,PPFYA,Change Left-Turn Phasing from Protected-Permissive to Protected-Only,,PPFYA-03634,Potential Location,0.906000018,1,13357.2024403125,0.0126609234753223,0.00614959140229941,0.026185091733053,0.050610808385769,0.184015012783378,44594.8175061734,,1054994.32694205,2.68226596652031,27.0793168485861,361703.91709193,13357.2024403125,348346.714651617,CIS,6,87,87001000 = 4.454|87A20511 = .152,SW 133RD AVE|SW 133RD AVE RD|SW 88TH ST,33000,87001000,87A20511,Y,-80.4087,25.6855949,10,0.654211976583082,On-System / Off-System,On Corridor,437784-1,1,1134,0.21,100,0,0.1,Verified Match,437784-1,1
364,3351,03010000,8.538,9.177,BONITA SPRINGS,URBAN PRIN ART OTHER,DIVIDED,US   41,SR   45,1,COLLIER,41500,6,45,1,PPFYA,Change Left-Turn Phasing from Protected-Permissive to Protected-Only,,PPFYA-03919,Potential Location,0.906000018,1,13357.2024403125,0.0126349027115889,0.00613695274562888,0.0261312760626043,0.0505067929172345,0.183636824637752,33084.1362573359,,1057167.0194232,2.67675336634379,20.0896843730815,268341.981133232,13357.2024403125,254984.77869292,CIS,1,3,03010000 = 8.837|03A05476 = .496,9TH ST N|ANCHOR RODE DR|OHIO DR,19500,3010000,03A05476,Y,-81.79994021,26.18835,10,0.652867438381944,On-System / Off-System,On Corridor,"452524-1, 456234-1, 413627-1, 412666-1, 454326-1",8,3386,0.64,100,0,1.2,Verified Match,"452524-1, 456234-1, 413627-1, 412666-1, 454326-1",8
101196,228810,87220000,2.745,2.753,MIAMI,URBAN PRIN ART OTHER,DIVIDED,,SR  948,6,MIAMI-DADE,45500,6,40,1,PPFYA,Change Left-Turn Phasing from Protected-Permissive to Protected-Only,,PPFYA-06212,Potential Location,0.906000018,1,13357.2024403125,0.0126303465026395,0.00532842743080106,0.0211360954755109,0.0382364005451002,0.124339840843563,23521.1689420337,,1057548.37664359,1.90303798945239,14.2827624833823,190777.749897438,13357.2024403125,177420.547457125,CIS,6,87,87220000 = 2.747|87A07819 = .01,NW 36TH ST|SOUTH DR,26000,87220000,87A07819,Y,-80.27981,25.80797223,10,0.56685409054664,On-System / Off-System,Off Corridor,,0,0,0,0,,,Unmatched,,0
103859,234836,87240000,10.929,11.003,MIAMI,URBAN PRIN ART OTHER,DIVIDED,,SR    9,6,MIAMI-DADE,55500,6,45,1,PPFYA,Change Left-Turn Phasing from Protected-Permissive to Protected-Only,,PPFYA-04618,Potential Location,0.906000018,1,13357.2024403125,0.0126121837285694,0.00532076501049022,0.0211057012082779,0.0381814155845363,0.124161036846643,23487.3448757446,,1059071.34940125,1.90030137022804,14.2622234911995,190503.406420933,13357.2024403125,177146.20398062,CIS,6,87,87240000 = 11.002|87A11929 = .763,NW 27TH AVE|SUPERIOR ST,24250,87240000,87A11929,Y,-80.24373526,25.89935217,10,0.56603893929365,On-System / Off-System,On Corridor,438076-1,4,392,0.07,100,0,0.3,Verified Match,438076-1,4
101587,224074,87030000,23.05,23.155,MIAMI,URBAN PRIN ART OTHER,DIVIDED,US    1,SR    5,6,MIAMI-DADE,61000,8,45,1,PPFYA,Change Left-Turn Phasing from Protected-Permissive to Protected-Only,,PPFYA-04319,Potential Location,0.906000018,1,13357.2024403125,0.0125781219838307,0.00530639521192856,0.0210487010073166,0.0380782989744874,0.123825714936133,31508.70447245,,1061939.33064756,1.89516922328249,19.133034724939,255563.818118539,13357.2024403125,242206.615678227,CIC,6,87,87030000 = 23.112,BISCAYNE BLVD|NE 180TH ST,26000,87030000,87A26245,Y,-80.14856394,25.94225472,10,0.564510237026275,On-System / Off-System,On Corridor,"458150-1, 449271-1",2,556,0.11,100,0,0.5,Verified Match,"458150-1, 449271-1",2
102434,203809,86120000,4.127,4.134,MIAMI,URBAN PRIN ART OTHER,DIVIDED,,SR  810,4,BROWARD,43000,6,45,1,PPFYA,Change Left-Turn Phasing from Protected-Permissive to Protected-Only,,PPFYA-05328,Potential Location,0.906000018,1,13357.2024403125,0.0125251575829408,0.00528405085530313,0.0209600683927024,0.0379179575264808,0.123304305236435,31376.0265053142,,1066429.89134963,1.88718897769215,19.0524686656565,254487.680954884,13357.2024403125,241130.478514572,CIC,4,86,86120000 = 4.13|86A10627 = .011,DEER CREEK BLVD|W HILLSBORO BLVD,21500,86120000,86A10627,Y,-80.13603978,26.31797,10,0.562133177355622,On-System / Off-System,On Corridor,"447000-1, 449823-1, 439891-5",3,37,0.01,100,0,0.5,Verified Parallel Fallback,"447000-1, 449823-1, 439891-5",3
96773,203176,86120000,3.303,3.409,MIAMI,URBAN PRIN ART OTHER,DIVIDED,,SR  810,4,BROWARD,43000,6,45,1,PPFYA,Change Left-Turn Phasing from Protected-Permissive to Protected-Only,,PPFYA-04676,Potential Location,0.906000018,1,13357.2024403125,0.0125200421970465,0.00528189280187901,0.0209515081141201,0.0379024714949651,0.123253946660143,31363.2122566838,,1066865.60876476,1.88641823290812,19.04468746779,254383.745919753,13357.2024403125,241026.54347944,CIC,4,86,86120000 = 3.406|86A05782 = 0,DEER CREEK COUNTRY CLUB BLVD|W HILLSBORO BLVD,21500,86120000,86A05782,Y,-80.14770019,26.31798,10,0.561903597160157,On-System / Off-System,On Corridor,"447000-1, 449823-1, 439891-5",3,558,0.11,100,0,0.4,Verified Match,"447000-1, 449823-1, 439891-5",3
96379,205318,86100000,17.257,17.265,MIAMI,URBAN PRIN ART OTHER,DIVIDED,US  441,SR    7,4,BROWARD,50000,6,45,1,PPFYA,Change Left-Turn Phasing from Protected-Permissive to Protected-Only,,PPFYA-06237,Potential Location,0.906000018,1,13357.2024403125,0.0125064785066234,0.00607457527464564,0.0258656714568802,0.0499934296667361,0.181770295567856,32747.8611001144,,1068022.65987493,2.6495461981678,19.885487965518,265614.488379822,13357.2024403125,252257.28593951,CIS,4,86,86100000 = 17.264|86A08395 = 2.079,SR-7|SW 7TH ST,23750,86100000,86A08395,Y,-80.20440039,26.22247,10,0.646231535942809,On-System / Off-System,On Corridor,457381-1,1,42,0.01,100,0,0.6,Verified Parallel Fallback,457381-1,1
78617,200548,86016000,3.734,4.073,MIAMI,URBAN MINOR ART,DIVIDED,,SR  848,4,BROWARD,40000,6,45,1,PPFYA,Change Left-Turn Phasing from Protected-Permissive to Protected-Only,,PPFYA-03322,Potential Location,0.906000018,1,13357.2024403125,0.0125062951087572,0.00527609324900694,0.0209285032210609,0.0378608543331516,0.123118613019882,23290.1512266929,,1068038.32183358,1.88434693333977,14.1424815659756,188903.989285124,13357.2024403125,175546.786844812,CIS,4,86,86016000 = 3.961|86A19524 = .009,STIRLING RD|SW 33RD AVE,19500,86016000,86A19524,Y,-80.18799,26.04730677,10,0.561286623332219,On-System / Off-System,On Corridor,446370-1,1,1787,0.34,100,0,0.3,Verified Match,446370-1,1
113857,267623,93012000,0.556,0.574,MIAMI,URBAN PRIN ART OTHER,DIVIDED,,SR  708,4,PALM BEACH,46000,6,40,1,PPFYA,Change Left-Turn Phasing from Protected-Permissive to Protected-Only,,PPFYA-04405,Potential Location,0.906000018,1,13357.2024403125,0.0124727955261018,0.00605821496982085,0.0257960089289832,0.0498587852329107,0.181280744066865,32659.6631659816,,1070906.87186846,2.6424103275119,19.8319315224753,264899.124128117,13357.2024403125,251541.921687804,CIC,4,93,93012000 = .57,42ND WAY N|W BLUE HERON BLVD,17500,93012000,93A10056,Y,-80.10388482,26.78339215,10,0.644491077649446,On-System / Off-System,Off Corridor,,0,0,0,0,,,Unmatched,,0
46509,102903,48040000,4.172,4.813,PENSACOLA,URBAN PRIN ART OTHER,DIVIDED,US   29,SR   95,3,ESCAMBIA,22000,6,45,1,PPFYA,Change Left-Turn Phasing from Protected-Permissive to Protected-Only,,PPFYA-00863,Potential Location,0.906000018,1,13357.2024403125,0.0124064532230039,0.00602599156545903,0.0256588009839399,0.0495935883381896,0.180316519002522,43698.5120759251,,1076633.44230773,2.62835545212411,26.5350531853153,354434.077160715,13357.2024403125,341076.874720403,CIS,3,48,48040000 = 4.488|48A01463 = .334,INDUSTRIAL BLVD|PENSACOLA BLVD,9450,48040000,48A01463,Y,-87.25154712,30.47778338,10,0.641063055252396,On-System / Off-System,On Corridor,457655-1,2,3389,0.64,100,0,0.9,Verified Match,457655-1,2
99845,207850,86120000,2.608,2.615,MIAMI,URBAN PRIN ART OTHER,DIVIDED,,SR  810,4,BROWARD,40000,6,45,1,PPFYA,Change Left-Turn Phasing from Protected-Permissive to Protected-Only,,PPFYA-06582,Potential Location,0.906000018,1,13357.2024403125,0.0122649437404769,0.00517427314051369,0.0205246167907043,0.0371302007768343,0.120742621932617,30724.1803018528,,1089055.33714198,1.84798207014717,18.6566480105403,249200.62433444,13357.2024403125,235843.421894128,CIS,4,86,86120000 = 2.615|86A00443 = .011,NW 41ST WAY|W HILLSBORO BLVD,18500,86120000,86A00443,Y,-80.16045,26.31786281,10,0.550454694822568,On-System / Off-System,On Corridor,"451576-3, 451576-2, 439891-5",5,37,0.01,100,0,0.4,Verified Parallel Fallback,"451576-3, 451576-2, 439891-5",5
90274,201255,86065000,11.177,11.198,MIAMI,URBAN PRIN ART OTHER,DIVIDED,,SR  845,4,BROWARD,38500,6,45,1,PPFYA,Change Left-Turn Phasing from Protected-Permissive to Protected-Only,,PPFYA-05185,Potential Location,0.906000018,1,13357.2024403125,0.0121411260745266,0.00512203756269091,0.0203174156653406,0.0367553621396802,0.119523695050867,30414.0120390619,,1100161.74433254,1.82932623026031,18.4683044958858,246684.88188088,13357.2024403125,233327.679440568,CIS,4,86,86065000 = 11.18|86A07186 = .011,S POWERLINE RD|SW 15TH ST,15500,86065000,86A07186,Y,-80.15242189,26.29735,10,0.544897717394341,On-System / Off-System,On Corridor,439891-5,1,111,0.02,100,0,0.6,Verified Match,439891-5,1
83007,136493,70100000,11.991,12.046,PALM BAY-MELBOURNE,URBAN PRIN ART OTHER,DIVIDED,,SR  520,5,BREVARD,24000,6,45,1,PPFYA,Change Left-Turn Phasing from Protected-Permissive to Protected-Only,,PPFYA-02616,Potential Location,0.906000018,1,13357.2024403125,0.0121182544620766,0.00587269254700634,0.0261940731064886,0.0347700685719582,0.112233679787232,29973.3811937567,,1102238.15501755,1.80282339458893,18.2007401702413,243110.97101744,13357.2024403125,229753.768577128,CIS,5,70,70100000 = 12.045|70A07519 = .012,KIWANIS ISLAND PARK RD|MERRITT ISLAND CSWY E,13000,70100000,70A07519,Y,-80.67817534,28.35731198,10,0.624754645911139,On-System / Off-System,Off Corridor,,0,0,0,0,,,Unmatched,,0
27718,72322,16140000,2.989,3.063,WINTER HAVEN,URBAN PRIN ART OTHER,DIVIDED,,SR  544,1,POLK,36500,6,45,1,PPFYA,Change Left-Turn Phasing from Protected-Permissive to Protected-Only,,PPFYA-02216,Potential Location,0.906000018,1,13357.2024403125,0.0120757456587197,0.00586536217709242,0.0249748376123521,0.0482716170617393,0.175509985198892,42533.6804974142,,1106118.23218283,2.55829376615948,25.8277323540244,344986.249626912,13357.2024403125,331629.0471866,CIS,1,16,16140000 = 2.994|16A01509 = .01,11TH ST NW|HAVENDALE BLVD NW|SPRING LAKE SQ NW,15250,16140000,16A01509,Y,-81.73817,28.04405878,10,0.623974819175223,On-System / Off-System,On Corridor,454941-1,2,390,0.07,100,0,1.1,Verified Match,454941-1,2
109189,252506,92030000,7.82639840735569,8.311,KISSIMMEE,URBAN PRIN ART OTHER,DIVIDED,US  192,SR  500,5,OSCEOLA,42500,6,40,1,PPFYA,Change Left-Turn Phasing from Protected-Permissive to Protected-Only,,PPFYA-05079,Potential Location,0.906000018,1,13357.2024403125,0.0119031977795708,0.0057815532072201,0.0246179772259305,0.0475818737214531,0.173002158637171,31168.1875378537,,1122152.44068591,2.52173882569732,18.9262625823472,252801.920750924,13357.2024403125,239444.718310611,CIS,5,92,92030000 = 8.03|92A03148 = .245,13TH ST|TENNESSEE AVE,21000,92030000,92A03148,Y,-81.29697,28.24597529,10,0.615058969609175,On-System / Off-System,Off Corridor,,0,0,0,0,,,Unmatched,,0
65528,134858,71020000,12.759,13.875,JACKSONVILLE,URBAN PRIN ART OTHER,DIVIDED,US   17,SR   15,2,CLAY,60000,6,40,1,PPFYA,Change Left-Turn Phasing from Protected-Permissive to Protected-Only,,PPFYA-00663,Potential Location,0.906000018,1,13357.2024403125,0.0118983010581433,0.00577917479966962,0.0246078499157055,0.0475622995545003,0.172930989242788,41908.6779377209,,1122614.26022421,2.52070143618478,25.4482119682134,339916.919003409,13357.2024403125,326559.716563097,CIS,2,71,71020000 = 12.772|71A05868 = .33,MCINTOSH AVE|PARK AVE,30750,71020000,71A05868,Y,-81.70113023,30.16745997,10,0.614805947480886,On-System / Off-System,Off Corridor,,0,0,0,0,,,Unmatched,,0
90535,198421,86020000,14.069,14.145,MIAMI,URBAN PRIN ART OTHER,DIVIDED,US    1,SR    5,4,BROWARD,40000,6,45,1,PPFYA,Change Left-Turn Phasing from Protected-Permissive to Protected-Only,,PPFYA-06014,Potential Location,0.906000018,1,13357.2024403125,0.0118695852506848,0.00576522712176119,0.0245484604048254,0.047447510911179,0.172513631086658,31080.1740793411,,1125330.17440874,2.51461788049492,18.8728181584593,252088.052761747,13357.2024403125,238730.850321435,CIS,4,86,86020000 = 14.092|86A00470 = .209,S FEDERAL HWY|SE 7TH CT|SE 7TH ST,17000,86020000,86A00470,Y,-80.09234443,26.30834497,10,0.613322151674581,On-System / Off-System,On Corridor,439891-5,1,403,0.08,100,0,0.7,Verified Match,439891-5,1
28351,80853,17008000,1.007,1.797,215,URBAN MINOR ART,DIVIDED,,SR  758,1,SARASOTA,38500,6,45,1,PPFYA,Change Left-Turn Phasing from Protected-Permissive to Protected-Only,,PPFYA-02461,Potential Location,0.906000018,1,13357.2024403125,0.0117443203854686,0.00495463516261955,0.0196533861450575,0.0355540949169458,0.115617329044757,21871.1453275052,,1137332.94068166,1.76953877307927,13.2808184288006,177394.580326522,13357.2024403125,164037.37788621,SI,1,17,17008000 = 1.385|17A05551 = .508,BEE RIDGE RD|MURDOCK AVE,16750,17008000,17A05551,Y,-82.50793065,27.29879643,10,0.527088948019112,On-System / Off-System,On Corridor,"456052-1, 457243-1",2,4184,0.79,100,0,0,Verified Match,"456052-1, 457243-1",2
35685,82068,17020000,14.299,14.562,215,URBAN PRIN ART OTHER,DIVIDED,US   41,SR   45,1,SARASOTA,51000,6,45,1,PPFYA,Change Left-Turn Phasing from Protected-Permissive to Protected-Only,,PPFYA-04451,Potential Location,0.906000018,1,13357.2024403125,0.0115526968040315,0.00487379396420078,0.0193327160579964,0.0349739844653297,0.113730884709063,28939.9729089911,,1156197.78367691,1.74066648876993,17.5732235227464,234729.104122185,13357.2024403125,221371.901681872,SI,1,17,17020000 = 14.498|17A02776 = .446,FIELD RD|S TAMIAMI TRL,23750,17020000,17A02776,Y,-82.53073904,27.28782882,10,0.518488818880921,On-System / Off-System,On Corridor,"456052-1, 451009-1",2,1394,0.26,100,0,1,Verified Match,"456052-1, 451009-1",2
91854,194470,86015000,1.55,1.567,MIAMI,URBAN PRIN ART OTHER,DIVIDED,,SR  818,4,BROWARD,32000,6,45,1,PPFYA,Change Left-Turn Phasing from Protected-Permissive to Protected-Only,,PPFYA-04973,Potential Location,0.906000018,1,13357.2024403125,0.011388722887656,0.00480461746822986,0.0190583159573118,0.0344775790544272,0.112116638365119,28529.2116141883,,1172844.62639706,1.71596023133854,17.3237968881478,231397.462069846,13357.2024403125,218040.259629534,CIS,4,86,86015000 = 1.567|86A05916 = 1.343,GRIFFIN RD|SW 106TH AVE,25000,86015000,86A05916,Y,-80.28828196,26.06393744,10,0.511129615772677,On-System / Off-System,Off Corridor,,0,0,0,0,,,Unmatched,,0
84699,193230,86015000,0.465,1.072,MIAMI,URBAN PRIN ART OTHER,DIVIDED,,SR  818,4,BROWARD,32000,6,45,1,PPFYA,Change Left-Turn Phasing from Protected-Permissive to Protected-Only,,PPFYA-06217,Potential Location,0.906000018,1,13357.2024403125,0.0113460475228736,0.00478661379871228,0.0189869014015587,0.0343483860555742,0.111696519402914,28422.3080987898,,1177255.99274853,1.70953025411046,17.2588818525542,230530.378798002,13357.2024403125,217173.17635769,CIS,4,86,86015000 = .476|86A19108 = 1.386,GRIFFIN RD|SW 118TH AVE,12250,86015000,86A19108,Y,-80.30583,26.06357712,10,0.509214331414689,On-System / Off-System,Off Corridor,,0,0,0,0,,,Unmatched,,0
103795,233994,87240000,9.584,9.652,MIAMI,URBAN PRIN ART OTHER,DIVIDED,,SR    9,6,MIAMI-DADE,47500,6,45,1,PPFYA,Change Left-Turn Phasing from Protected-Permissive to Protected-Only,,PPFYA-05788,Potential Location,0.906000018,1,13357.2024403125,0.0113213127454275,0.00549892333349334,0.0234145331780431,0.0452558449745788,0.164544988652292,39876.3863312743,,1179828.05887129,2.3984642141295,24.2141432710588,323433.213590263,13357.2024403125,310076.011149951,CIS,6,87,87240000 = 9.602|87A12721 = 0,NW 115TH ST|NW 27TH AVE,21500,87240000,87A12721,Y,-80.2428661,25.87908097,10,0.584991956008389,On-System / Off-System,On Corridor,438076-1,4,360,0.07,100,0,0.3,Verified Match,438076-1,4
15636,45989,13160000,0.643,0.771,215,URBAN PRIN ART OTHER,DIVIDED,,SR   70,1,MANATEE,37500,6,40,1,PPFYA,Change Left-Turn Phasing from Protected-Permissive to Protected-Only,,PPFYA-00867,Potential Location,0.906000018,1,13357.2024403125,0.0112671738165848,0.0054726272823412,0.023302564029755,0.0450394298798028,0.163758128538773,39685.6960031618,,1185497.14930742,2.3869946711233,24.0983503582567,321886.544212812,13357.2024403125,308529.341772499,CIS,1,13,13160000 = .644|13A05291 = .258,22ND ST CT E|53RD AVE E,17000,13160000,13A05291,Y,-82.53620507,27.44748038,10,0.58219450322248,On-System / Off-System,On Corridor,"456052-2, 456242-1, 455188-1",4,675,0.13,100,0,0.3,Verified Match,"456052-2, 456242-1, 455188-1",4
2807,11075,09030000,13.474,13.787,SEBRING-AVON PARK,URBAN PRIN ART OTHER,DIVIDED,US   27,SR   25,1,HIGHLANDS,39500,6,45,1,PPFYA,Change Left-Turn Phasing from Protected-Permissive to Protected-Only,,PPFYA-02506,Potential Location,0.906000018,1,13357.2024403125,0.0108285757729613,0.00525959394686691,0.0223954635304427,0.0432861769210063,0.157383504700199,38140.848208127,,1233514.24234987,2.29407596675811,23.160272230259,309356.444752318,13357.2024403125,295999.242312005,CIS,1,9,09030000 = 13.614|09A03635 = .007,US-27 S|W MORRILL ST,17500,9030000,09A03635,Y,-81.51441761,27.58685,10,0.559531378087595,On-System / Off-System,On Corridor,"451270-1, 457372-1",2,1659,0.31,100,0,1.6,Verified Match,"451270-1, 457372-1",2
95078,202504,86020000,5.059,5.233,MIAMI,URBAN PRIN ART OTHER,DIVIDED,US    1,SR    5,4,BROWARD,47500,6,45,1,PPFYA,Change Left-Turn Phasing from Protected-Permissive to Protected-Only,,PPFYA-05287,Potential Location,0.906000018,1,13357.2024403125,0.0106744697220399,0.00518474243641936,0.0220767441978552,0.0426701529927775,0.155143713346466,27950.7977876913,,1251322.3408872,2.26142799945722,16.97256658487,226706.007805791,13357.2024403125,213348.805365479,CIS,4,86,86020000 = 5.061|86A03348 = .651,N FEDERAL HWY|NE 43RD ST,23250,86020000,86A03348,Y,-80.11962479,26.18069,10,0.551568449919422,On-System / Off-System,On Corridor,"444120-1, 457344-1, 457345-1",5,922,0.17,100,0,0.6,Verified Match,"444120-1, 457344-1, 457345-1",5
78093,198416,86039000,0.316,0.374,MIAMI,URBAN PRIN ART OTHER,DIVIDED,,SR  814,4,BROWARD,50000,6,45,1,PPFYA,Change Left-Turn Phasing from Protected-Permissive to Protected-Only,,PPFYA-06464,Potential Location,0.906000018,1,13357.2024403125,0.010607002783163,0.00515197278039344,0.0219372103015416,0.0424004604760722,0.154163142723471,37360.4148484583,,1259281.50613056,2.24713486559794,22.6863695795138,303026.431109313,13357.2024403125,289669.228669001,CIC,4,86,86039000 = .363,LAKEWOOD CIR|W ATLANTIC BLVD,23250,86039000,86A05220,Y,-80.19894502,26.23526464,10,0.548082315632085,On-System / Off-System,On Corridor,444119-1,1,305,0.06,100,0.2,0.3,Verified Match,444119-1,1
69844,141424,72100000,1.136,1.323,JACKSONVILLE,URBAN PRIN ART OTHER,DIVIDED,USA  90,SR   10,2,DUVAL,30000,6,40,1,PPFYA,Change Left-Turn Phasing from Protected-Permissive to Protected-Only,,PPFYA-02770,Potential Location,0.906000018,1,13357.2024403125,0.0105969092522348,0.00514707020822835,0.0219163350443948,0.0423601125693231,0.154016442427368,27747.7078858705,,1260480.96877828,2.24499651174537,16.8492442773082,225058.766778283,13357.2024403125,211701.564337971,CIS,2,72,72100000 = 1.277|72A02669 = .172,ATLANTIC BLVD|LINDEN AVE,13500,72100000,72A02669,Y,-81.63055493,30.30585972,10,0.547560765301886,On-System / Off-System,On Corridor,437387-1,2,987,0.19,100,0,0.9,Verified Match,437387-1,2
82116,169753,77010000,3.858,4.135,ORLANDO,URBAN PRIN ART OTHER,DIVIDED,US   17,SR   15,5,SEMINOLE,47500,6,45,1,PPFYA,Change Left-Turn Phasing from Protected-Permissive to Protected-Only,,PPFYA-02100,Potential Location,0.906000018,1,13357.2024403125,0.0104671719863639,0.00441583818174729,0.0175161581209309,0.031687727693094,0.103044401718884,26220.6893210783,,1276104.22927163,1.57710842913293,15.9219925951154,212673.278346113,13357.2024403125,199316.0759058,CIS,5,77,77010000 = 3.86|77A04277 = 1.443,LAURA ST|US-17-92,27750,77010000,77A04277,Y,-81.32899099,28.68906263,10,0.469770109290796,On-System / Off-System,On Corridor,454205-1,2,1470,0.28,100,0,1.4,Verified Match,454205-1,2
35139,83383,17020000,13.571,13.666,215,URBAN PRIN ART OTHER,DIVIDED,US   41,SR   45,1,SARASOTA,49000,6,45,1,PPFYA,Change Left-Turn Phasing from Protected-Permissive to Protected-Only,,PPFYA-01044,Potential Location,0.906000018,1,13357.2024403125,0.010299981005446,0.00500284791693093,0.0213022334430816,0.0411731708243674,0.149700860295062,36279.0103068075,,1296818.16240729,2.18209110579987,22.0297081586927,294255.271576662,13357.2024403125,280898.06913635,CIS,1,17,17020000 = 13.588,PHILLIPPI CREEK IS|S TAMIAMI TRL,19750,17020000,17A11265,Y,-82.53058787,27.2746,10,0.532217965417369,On-System / Off-System,On Corridor,"456052-1, 451009-1",2,504,0.1,100,0,1,Verified Match,"456052-1, 451009-1",2
97994,205669,86100000,20.025,20.044,MIAMI,URBAN PRIN ART OTHER,DIVIDED,US  441,SR    7,4,BROWARD,53500,6,45,1,PPFYA,Change Left-Turn Phasing from Protected-Permissive to Protected-Only,,PPFYA-03335,Potential Location,0.906000018,1,13357.2024403125,0.0102672672986201,0.0049869584021869,0.0212345755494188,0.0410424009677307,0.149225396306081,26884.5497311566,,1300950.10208877,2.17516057955279,16.325108638482,218057.780944298,13357.2024403125,204700.578503986,CIC,4,86,86100000 = 20.036,CELEBRATION POINTE BLVD|COLONIAL DR|SR-7,26750,86100000,86A06585,Y,-80.20162247,26.26156709,10,0.530527591184741,On-System / Off-System,On Corridor,457381-1,1,101,0.02,100,0.2,0.6,Verified Match,457381-1,1
90834,168073,77120000,6.07,6.15680038783043,ORLANDO,URBAN PRIN ART OTHER,DIVIDED,,SR  434,5,SEMINOLE,41838,6,45,1,PPFYA,Change Left-Turn Phasing from Protected-Permissive to Protected-Only,,PPFYA-03118,Potential Location,0.906000018,1,13357.2024403125,0.0102543706103331,0.00432606260123428,0.0171600483182293,0.0310435047773756,0.100949471922506,25687.6132643103,,1302586.27739208,1.54504524680378,15.5982927516613,208349.554007199,13357.2024403125,194992.351566886,CIC,5,77,77120000 = 6.153|77A03491 = .008,SR-434|TOLLGATE TRL,20356,77120000,77A03491,Y,-81.37459081,28.69785,10,0.460219513790362,On-System / Off-System,Off Corridor,,0,0,0,0,,,Unmatched,,0
91165,198758,86030000,7.144,7.173,MIAMI,URBAN MINOR ART,DIVIDED,,SR  A1A,4,BROWARD,21100,6,40,1,PPFYA,Change Left-Turn Phasing from Protected-Permissive to Protected-Only,,PPFYA-06536,Potential Location,0.906000018,1,13357.2024403125,0.0102284936617639,0.00431514576355665,0.017116744862108,0.0309651663588556,0.100694725493662,25622.7904611793,,1305881.67544595,1.54114631844358,15.5589303924644,207823.783006878,13357.2024403125,194466.580566565,SI,4,86,86030000 = 7.151|86A09463 = 0,E DANIA BEACH BLVD|FRONTON BLVD,9350,86030000,86A09463,Y,-80.13855,26.05250458,10,0.459058147857586,On-System / Off-System,On Corridor,457756-1,1,153,0.03,100,0,0.4,Verified Match,457756-1,1
100113,226121,87027000,1.548,1.628,MIAMI,URBAN MINOR ART,DIVIDED,,SR  969,6,MIAMI-DADE,28000,6,45,1,PPFYA,Change Left-Turn Phasing from Protected-Permissive to Protected-Only,,PPFYA-06579,Potential Location,0.906000018,1,13357.2024403125,0.010099642734276,0.00489444224814913,0.021830766217935,0.0289782056914227,0.0935382296312946,24980.5318532101,,1322542.07319444,1.50251608062229,15.168931614209,202614.490374245,13357.2024403125,189257.287933933,CIC,6,87,87027000 = 1.612|87A15909 = .004,NW 72ND AVE|NW 75TH AVE,12500,87027000,87A15909,Y,-80.31801735,25.78849892,10,0.520685445253504,On-System / Off-System,On Corridor,452568-1,3,424,0.08,100,0.4,0.3,Verified Match,452568-1,3
96021,204862,86200000,3.054,3.546,MIAMI,URBAN PRIN ART OTHER,DIVIDED,,SR  858,4,BROWARD,57390,6,40,1,PPFYA,Change Left-Turn Phasing from Protected-Permissive to Protected-Only,,PPFYA-02879,Potential Location,0.906000018,1,13357.2024403125,0.0100954327137673,0.00490349588954411,0.0208791903852914,0.0403555089519165,0.146727936828504,26434.6057190212,,1323093.60272364,2.13875675326633,16.0518890773289,214408.331955323,13357.2024403125,201051.129515011,CIS,4,86,86200000 = 3.261|86A21529 = .309,NW 6TH AVE|SW 6TH AVE|W HALLANDALE BEACH BLVD,28288,86200000,86A21529,Y,-80.15422502,25.98539028,10,0.521648598777828,On-System / Off-System,On Corridor,"446996-1, 444120-1, 449565-1",6,2595,0.49,100,0,0.4,Verified Match,"446996-1, 444120-1, 449565-1",6
31151,82345,17040401,0.15,0.322195389139663,215,URBAN PRIN ART OTHER,DIVIDED,,SR  780,1,SARASOTA,35000,6,40,1,PPFYA,Change Left-Turn Phasing from Protected-Permissive to Protected-Only,,PPFYA-03122,Potential Location,0.906000018,1,13357.2024403125,0.0100904903784687,0.00490109532668481,0.0208689687372876,0.0403357524479568,0.146656104477972,26421.6643534896,,1323741.65568943,2.13770970027748,16.0440306902498,214303.365888254,13357.2024403125,200946.163447941,SI,1,17,17040401 = .17|17A04048 = .277,FRUITVILLE RD|N EAST AVE,14750,17040401,17A04048,Y,-82.52825329,27.33873066,10,0.521393219701341,On-System / Off-System,On Corridor,"453539-1, 454316-1",3,907,0.17,100,0,0.4,Verified Match,"453539-1, 454316-1",3
85583,193076,86010000,0.5,0.514,MIAMI,URBAN PRIN ART OTHER,DIVIDED,US    1,SR    5,4,BROWARD,51000,6,45,1,PPFYA,Change Left-Turn Phasing from Protected-Permissive to Protected-Only,,PPFYA-04954,Potential Location,0.906000018,1,13357.2024403125,0.0100429924228429,0.0048780248910951,0.0207707343290614,0.0401458839967666,0.145965764872909,26297.2922968349,,1330002.24215359,2.12764707332117,15.9685082300717,213294.597098864,13357.2024403125,199937.394658551,CIS,4,86,86010000 = .511|86A01397 = .042,S FEDERAL HWY|SE 3RD ST|SEABISCUIT TRL,29750,86010000,86A01397,Y,-80.14226193,25.98197,10,0.518938917572888,On-System / Off-System,Off Corridor,,0,0,0,0,,,Unmatched,,0
99521,207736,86090000,5.128,5.174,MIAMI,URBAN PRIN ART OTHER,DIVIDED,,SR  816,4,BROWARD,56500,6,45,1,PPFYA,Change Left-Turn Phasing from Protected-Permissive to Protected-Only,,PPFYA-05276,Potential Location,0.906000018,1,13357.2024403125,0.00991728315061891,0.00481696610172918,0.0205107446978709,0.039643373425461,0.144138694882291,25968.1261143955,,1346861.05432806,2.10101507422414,15.768628606192,210624.764499009,13357.2024403125,197267.562058697,CIS,4,86,86090000 = 5.135|86A08413 = .068,NW 23RD TER|W OAKLAND PARK BLVD,26500,86090000,86A08413,Y,-80.17414449,26.16547382,10,0.512443300439056,On-System / Off-System,Off Corridor,,0,0,0,0,,,Unmatched,,0
104547,238876,88060000,26.652,26.685,VERO BEACH-SEBASTIAN,URBAN PRIN ART OTHER,DIVIDED,,SR   60,4,INDIAN RIVER,33500,6,45,1,PPFYA,Change Left-Turn Phasing from Protected-Permissive to Protected-Only,,PPFYA-04311,Potential Location,0.906000018,1,13357.2024403125,0.00990326783666459,0.0048101586635228,0.0204817584803745,0.0395873485730566,0.143934995035159,34881.6911145236,,1348767.16055891,2.0980458753578,21.1812138433785,282921.761237556,13357.2024403125,269564.558797243,CIC,4,88,88060000 = 26.673,HEDDEN PL|SR-60,14500,88060000,88A03629,Y,-80.45434681,27.63901765,10,0.511719104746509,On-System / Off-System,Off Corridor,,0,0,0,0,,,Unmatched,,0
95975,199590,86020000,14.563,14.583,MIAMI,URBAN PRIN ART OTHER,DIVIDED,US    1,SR    5,4,BROWARD,40000,6,45,1,PPFYA,Change Left-Turn Phasing from Protected-Permissive to Protected-Only,,PPFYA-05732,Potential Location,0.906000018,1,13357.2024403125,0.00984861410407772,0.00415488407515779,0.0164810401647926,0.0298151403541415,0.0969549893167839,18340.82035188,,1356251.9862345,1.48390915321283,11.1370987335647,148760.482381972,13357.2024403125,135403.27994166,CIS,4,86,86020000 = 14.576|86A10740 = .176,S FEDERAL HWY|SE 2ND CT,17000,86020000,86A10740,Y,-80.0912258,26.31529,10,0.442009028805749,On-System / Off-System,On Corridor,439891-5,1,106,0.02,100,0,0.7,Verified Match,439891-5,1
82689,170846,77120000,5.496,5.937,ORLANDO,URBAN PRIN ART OTHER,DIVIDED,,SR  434,5,SEMINOLE,41838,6,45,1,PPFYA,Change Left-Turn Phasing from Protected-Permissive to Protected-Only,,PPFYA-01070,Potential Location,0.906000018,1,13357.2024403125,0.00980052145271627,0.00476025327703362,0.0202692602772086,0.0391766299109879,0.142441669750274,34519.7936391518,,1362907.32128447,2.07627865360776,20.9614587922239,279986.448532003,13357.2024403125,266629.246091691,CIC,5,77,77120000 = 5.81|77A00972 = .642,ROXBORO RD|SR-434|TARRYTOWN TRL,20356,77120000,77A00972,Y,-81.37968728,28.69586829,10,0.506410020060814,On-System / Off-System,Off Corridor,,0,0,0,0,,,Unmatched,,0
98165,206436,86090000,2.62,2.704,MIAMI,URBAN PRIN ART OTHER,DIVIDED,,SR  816,4,BROWARD,51500,6,45,1,PPFYA,Change Left-Turn Phasing from Protected-Permissive to Protected-Only,,PPFYA-04524,Potential Location,0.906000018,1,13357.2024403125,0.00975397713314102,0.00411495910304387,0.0163226711087407,0.0295286417116574,0.0960233326989922,24434.1073583368,,1369410.88316978,1.46965002335748,14.8371261969438,198182.498245042,13357.2024403125,184825.295804729,CIS,4,86,86090000 = 2.696,NW 48TH AVE|W OAKLAND PARK BLVD,28000,86090000,86A41231,Y,-80.21335,26.16481407,10,0.437761690533501,On-System / Off-System,On Corridor,"452075-1, 447675-1",7,443,0.08,100,0,0.3,Verified Match,"452075-1, 447675-1",7
39101,90706,26250000,0.368,0.712,GAINESVILLE,URBAN MINOR ART,DIVIDED,,SR  121,2,ALACHUA,20900,6,45,1,PPFYA,Change Left-Turn Phasing from Protected-Permissive to Protected-Only,,PPFYA-00561,Potential Location,0.906000018,1,13357.2024403125,0.00971869466394747,0.00472050883677449,0.0201000276004368,0.0388495352930264,0.141252391763509,34231.5800092872,,1374382.35299875,2.05894332960142,20.7864467921837,277648.777817982,13357.2024403125,264291.575377669,CIS,2,26,26250000 = .37|26A04382 = .367,SR-121|SW 34TH ST|SW 47TH AVE,10400,26250000,26A04382,Y,-82.37151019,29.60914499,10,0.502181887308711,On-System / Off-System,On Corridor,207712-6,2,1818,0.34,100,0,0.5,Verified Match,207712-6,2
115422,267163,93030000,6.632,6.686,MIAMI,URBAN PRIN ART OTHER,DIVIDED,,SR  806,4,PALM BEACH,41500,6,45,1,PPFYA,Change Left-Turn Phasing from Protected-Permissive to Protected-Only,,PPFYA-04949,Potential Location,0.906000018,1,13357.2024403125,0.00946628225802476,0.00399358782760419,0.0158412317161633,0.0286576904295671,0.0931911115104453,17628.813603605,,1411029.38579603,1.42630249709582,10.7047467829776,142985.469852516,13357.2024403125,129628.267412203,CIS,4,93,93030000 = 6.679|93A18411 = 0,NW 24TH AVE|W ATLANTIC AVE,23250,93030000,93A18411,Y,-80.0980452,26.45881877,10,0.42484985024829,On-System / Off-System,Off Corridor,,0,0,0,0,,,Unmatched,,0
57387,116759,57030030,21.6,21.75,1460,URBAN PRIN ART OTHER,DIVIDED,US   98,SR   30,3,OKALOOSA,55000,6,45,1,PPFYA,Change Left-Turn Phasing from Protected-Permissive to Protected-Only,,PPFYA-02299,Potential Location,0.906000018,1,13357.2024403125,0.00946548385414621,0.00399325100096793,0.0158398956371728,0.0286552733865755,0.0931832515985129,23711.4200221971,,1411148.40468103,1.42618220008644,14.398288671595,192320.856580553,13357.2024403125,178963.65414024,CIC,3,57,57030030 = 21.744|57A05287 = .013,EMERALD COAST PKWY,27500,57030030,57A05287,Y,-86.44305705,30.38701514,10,0.424814017620549,On-System / Off-System,Off Corridor,,0,0,0,0,,,Unmatched,,0
76010,158311,75270000,6.42220000000088,6.66509999999835,ORLANDO,URBAN PRIN ART OTHER,DIVIDED,,SR  435,5,ORANGE,42000,6,45,1,PPFYA,Change Left-Turn Phasing from Protected-Permissive to Protected-Only,,PPFYA-00934,Potential Location,0.906000018,1,13357.2024403125,0.00943636756647183,0.00458337853228632,0.0195161238306576,0.0377209602202601,0.137149024062698,33237.1560706611,,1415502.55924448,1.9991312340255,20.1826026142779,269583.10889129,13357.2024403125,256225.906450977,CIS,5,75,75270000 = 6.452|75A09246 = .32,N KIRKMAN RD|WASHINGTON ST W,15750,75270000,75A09246,Y,-81.45820996,28.54314,10,0.487593554250501,On-System / Off-System,Off Corridor,,0,0,0,0,,,Unmatched,,0
92099,221553,87020000,15.651,15.847,MIAMI,URBAN PRIN ART OTHER,DIVIDED,US    1,SR    5,6,MIAMI-DADE,64500,6,45,1,PPFYA,Change Left-Turn Phasing from Protected-Permissive to Protected-Only,,PPFYA-03048,Potential Location,0.906000018,1,13357.2024403125,0.00941197530552964,0.00397067708202032,0.0157503524253473,0.0284932846163495,0.0926564850195149,23577.3789429901,,1419171.00361122,1.41811996673785,14.3168948895918,191233.663356953,13357.2024403125,177876.46091664,CIS,6,87,87020000 = 15.667,S DIXIE HWY,30000,87020000,87A40420,Y,-80.34473488,25.62102497,10,0.422412536421583,On-System / Off-System,Off Corridor,,0,0,0,0,,,Unmatched,,0
93789,220445,87020000,16.32,16.917,MIAMI,URBAN PRIN ART OTHER,DIVIDED,US    1,SR    5,6,MIAMI-DADE,64500,6,45,1,PPFYA,Change Left-Turn Phasing from Protected-Permissive to Protected-Only,,PPFYA-05080,Potential Location,0.906000018,1,13357.2024403125,0.00927413341094446,0.0039125250327422,0.0155196826298774,0.0280759898182889,0.0912994961807119,23232.0794200574,,1440264.21105282,1.39735107002715,14.1072186152608,188432.974913784,13357.2024403125,175075.772473472,CIC,6,87,87020000 = 16.641,S DIXIE HWY,30000,87020000,87A14597,Y,-80.33866992,25.63403193,10,0.416226147015879,On-System / Off-System,Off Corridor,,0,0,0,0,,,Unmatched,,0
78635,145480,72190000,13.54,13.562,JACKSONVILLE,URBAN PRIN ART OTHER,DIVIDED,US   90,SR  212,2,DUVAL,41132,6,45,1,PPFYA,Change Left-Turn Phasing from Protected-Permissive to Protected-Only,,PPFYA-00210,Potential Location,0.906000018,1,13357.2024403125,0.00903128365692375,0.00381007279276471,0.0151132887446333,0.0273408001332653,0.0889087541882002,22623.7309606862,,1478992.6822941,1.36076044224556,13.7378111009599,183498.723962293,13357.2024403125,170141.521521981,CIS,2,72,72190000 = 13.559|72A09367 = .596,20TH ST N|BEACH BLVD,39487,72190000,72A09367,Y,-81.41292,30.28811845,10,0.405326970463112,On-System / Off-System,Off Corridor,,0,0,0,0,,,Unmatched,,0
65632,135070,71020000,12.436,12.65,JACKSONVILLE,URBAN PRIN ART OTHER,DIVIDED,US   17,SR   15,2,CLAY,48500,6,40,1,PPFYA,Change Left-Turn Phasing from Protected-Permissive to Protected-Only,,PPFYA-02582,Potential Location,0.906000018,1,13357.2024403125,0.00890256149521004,0.00432410129767345,0.018412115819639,0.035587122444489,0.129390638095155,31356.9627041973,,1500377.44164971,1.88604233806477,19.0408925512188,254333.056450867,13357.2024403125,240975.854010555,CIS,2,71,71020000 = 12.453|71A00525 = .709,MILWAUKEE AVE|PARK AVE,27500,71020000,71A00525,Y,-81.7009589,30.16283493,10,0.460010864435426,On-System / Off-System,Off Corridor,,0,0,0,0,,,Unmatched,,0
64571,138335,72100000,2.09,2.301,JACKSONVILLE,URBAN PRIN ART OTHER,DIVIDED,USA  90,SR   10,2,DUVAL,33000,6,40,1,PPFYA,Change Left-Turn Phasing from Protected-Permissive to Protected-Only,,PPFYA-01569,Potential Location,0.906000018,1,13357.2024403125,0.00873922216920032,0.00368685935263139,0.0146245420987712,0.02645662961379,0.0860335457453853,21892.1051173138,,1528420.05635094,1.31675499027498,13.2935458446988,177564.582997217,13357.2024403125,164207.380556904,CIS,2,72,72100000 = 2.299|72A08220 = .009,ATLANTIC BLVD|EMPIRE POINT DR,15250,72100000,72A08220,Y,-81.61410433,30.30954926,10,0.392219155172964,On-System / Off-System,On Corridor,437387-1,2,1114,0.21,100,0,1,Verified Match,437387-1,2
97949,207183,86090000,2.812,2.937,MIAMI,URBAN PRIN ART OTHER,DIVIDED,,SR  816,4,BROWARD,51500,6,45,1,PPFYA,Change Left-Turn Phasing from Protected-Permissive to Protected-Only,,PPFYA-05320,Potential Location,0.906000018,1,13357.2024403125,0.00860847013663686,0.00418125692350933,0.0178038814189535,0.0344115208838549,0.125116287554074,30321.1022086121,,1551634.86987838,1.82373793794056,18.4118868474281,245931.299929224,13357.2024403125,232574.097488912,CIC,4,86,86090000 = 2.916,NW 46TH AVE|W OAKLAND PARK BLVD,28000,86090000,86A40103,Y,-80.20985,26.16482,10,0.444814651508054,On-System / Off-System,On Corridor,"452075-1, 447675-1",7,659,0.12,100,0,0.3,Verified Match,"452075-1, 447675-1",7
84605,197172,86010000,0.12,0.135,MIAMI,URBAN PRIN ART OTHER,DIVIDED,US    1,SR    5,4,BROWARD,51000,6,45,1,PPFYA,Change Left-Turn Phasing from Protected-Permissive to Protected-Only,,PPFYA-06538,Potential Location,0.906000018,1,13357.2024403125,0.00859464340633339,0.00417454108307622,0.017775285226735,0.0343562498762262,0.124915328598868,22504.8312621784,,1554131.08011783,1.82080869125539,13.6656116215327,182534.3408995,13357.2024403125,169177.138459187,CIS,4,86,86010000 = .128|86A21913 = .311,S FEDERAL HWY|SE 9TH ST|VIA DA FORTUNA,29750,86010000,86A21913,Y,-80.14210793,25.97642,10,0.444100200261338,On-System / Off-System,Off Corridor,,0,0,0,0,,,Unmatched,,0
78234,199166,86028000,4.724,4.73,MIAMI,URBAN PRIN ART OTHER,DIVIDED,,SR  834,4,BROWARD,52500,6,45,1,PPFYA,Change Left-Turn Phasing from Protected-Permissive to Protected-Only,,PPFYA-05148,Potential Location,0.906000018,1,13357.2024403125,0.00847759424463493,0.0041176886331084,0.0175332062786768,0.033888357253229,0.12321412544191,29860.1258405645,,1575588.78791181,1.79601137031388,18.131968107356,242192.368651244,13357.2024403125,228835.166210932,CIS,4,86,86028000 = 4.724,TRADEWINDS PARK RD|W SAMPLE RD,22750,86028000,86A40939,Y,-80.17428,26.2740583,10,0.438052066127884,On-System / Off-System,On Corridor,439891-5,1,32,0.01,100,0,0.4,Verified Parallel Fallback,439891-5,1
78384,199990,86028000,4.676,4.724,MIAMI,URBAN PRIN ART OTHER,DIVIDED,,SR  834,4,BROWARD,52500,6,45,1,PPFYA,Change Left-Turn Phasing from Protected-Permissive to Protected-Only,,PPFYA-05148,Potential Location,0.906000018,1,13357.2024403125,0.00847759424463493,0.0041176886331084,0.0175332062786768,0.033888357253229,0.12321412544191,29860.1258405645,,1575588.78791181,1.79601137031388,18.131968107356,242192.368651244,13357.2024403125,228835.166210932,CIS,4,86,86028000 = 4.724,TRADEWINDS PARK RD|W SAMPLE RD,22750,86028000,86A40939,Y,-80.17428,26.2740583,10,0.438052066127884,On-System / Off-System,On Corridor,439891-5,1,253,0.05,100,0.1,0.4,Verified Match,439891-5,1
31456,73406,16210000,3.622,3.80735471950475,LAKELAND,URBAN PRIN ART OTHER,DIVIDED,US   98,SR   35,1,POLK,64000,8,45,1,PPFYA,Change Left-Turn Phasing from Protected-Permissive to Protected-Only,,PPFYA-00789,Potential Location,0.906000018,1,13357.2024403125,0.0083290411081015,0.00351381421748032,0.0139381297293386,0.0252148705421042,0.0819955054712399,20864.5849635918,,1603690.30083429,1.25495224070973,12.6696046477852,169230.474119191,13357.2024403125,155873.271678879,CIS,1,16,16210000 = 3.625,US-98,30000,16210000,16A04149,Y,-81.97388426,28.09180522,10,0.373810094716861,On-System / Off-System,On Corridor,451481-1,2,983,0.19,100,0,2.2,Verified Match,451481-1,2
104124,224858,87030000,21.337,21.485,MIAMI,URBAN PRIN ART OTHER,DIVIDED,US    1,SR    5,6,MIAMI-DADE,48500,8,45,1,PPFYA,Change Left-Turn Phasing from Protected-Permissive to Protected-Only,,PPFYA-03319,Potential Location,0.906000018,1,13357.2024403125,0.00816555057132379,0.00344484164727723,0.0136645385341997,0.024719928487406,0.0803860177728524,15206.4944894971,,1635799.36510601,1.23031881498868,9.23384163149372,123338.291973647,13357.2024403125,109981.089533335,CIS,6,87,87030000 = 21.466|87A11335 = .013,BISCAYNE BLVD|NE 156TH ST,50250,87030000,87A11335,Y,-80.15577332,25.91935266,10,0.366472585843391,On-System / Off-System,On Corridor,"451123-1, 449270-1",6,784,0.15,100,0,0.4,Verified Match,"451123-1, 449270-1",6
104848,226613,87030000,20.784,20.859,MIAMI,URBAN PRIN ART OTHER,DIVIDED,US    1,SR    5,6,MIAMI-DADE,48500,6,40,1,PPFYA,Change Left-Turn Phasing from Protected-Permissive to Protected-Only,,PPFYA-05526,Potential Location,0.906000018,1,13357.2024403125,0.00809359442500842,0.00341448514805043,0.0135441244206,0.0245020924975841,0.0796776432418212,15072.4924117593,,1650342.44847259,1.21947704750557,9.15247153235771,122251.415086899,13357.2024403125,108894.212646587,CIS,6,87,87030000 = 20.845|87A04326 = 1.111,BISCAYNE BLVD|NE 146TH ST,21750,87030000,87A04326,Y,-80.15743114,25.91046,10,0.363243170413631,On-System / Off-System,On Corridor,451123-1,5,398,0.08,100,0.1,0.4,Verified Match,451123-1,5
90133,201110,86065000,9.911,10.005,MIAMI,URBAN PRIN ART OTHER,DIVIDED,,SR  845,4,BROWARD,42000,6,45,1,PPFYA,Change Left-Turn Phasing from Protected-Permissive to Protected-Only,,PPFYA-03791,Potential Location,0.906000018,1,13357.2024403125,0.00799499722521125,0.003372889454386,0.0133791281690645,0.0242036048810106,0.0787070000272555,20027.7915217451,,1670695.06893538,1.20462122254238,12.1614784569907,162443.329723524,13357.2024403125,149086.127283212,CIS,4,86,86065000 = 9.98|86A01743 = .011,N POWERLINE RD|NW 40TH CT,16250,86065000,86A01743,Y,-80.15224721,26.27992,10,0.358818095772188,On-System / Off-System,On Corridor,"451576-3, 451576-2, 439891-5",5,498,0.09,100,0,0.6,Verified Match,"451576-3, 451576-2, 439891-5",5
118412,265118,93005000,0.825,0.837,MIAMI,URBAN PRIN ART OTHER,DIVIDED,,SR  794,4,PALM BEACH,35500,8,45,1,PPFYA,Change Left-Turn Phasing from Protected-Permissive to Protected-Only,,PPFYA-04999,Potential Location,0.906000018,1,13357.2024403125,0.00798443165439478,0.0033684321041978,0.0133614473466513,0.0241716192662342,0.0786029869351786,14869.2013960103,,1672905.85209787,1.20302928817701,9.02902710235916,120602.542845279,13357.2024403125,107245.340404967,CIS,4,93,93005000 = .837,T-REX AVE|W YAMATO RD,16750,93005000,93A10975,Y,-80.10787984,26.39391574,10,0.358343909491153,On-System / Off-System,Off Corridor,,0,0,0,0,,,Unmatched,,0
105267,224661,87060000,14.065,14.091,MIAMI,URBAN PRIN ART OTHER,DIVIDED,,SR  A1A,6,MIAMI-DADE,51500,6,40,1,PPFYA,Change Left-Turn Phasing from Protected-Permissive to Protected-Only,,PPFYA-06277,Potential Location,0.906000018,1,13357.2024403125,0.00796567349178096,0.00336051850434509,0.0133300567339022,0.0241148318598838,0.0784183216171343,14834.2685529731,,1676845.33568876,1.20020296064444,9.00781482752713,120319.206196128,13357.2024403125,106962.003755816,CIS,6,87,87060000 = 14.078,BAYVIEW DR|COLLINS AVE,16750,87060000,87A45643,Y,-80.12242014,25.92243499,10,0.357502037005187,On-System / Off-System,Off Corridor,,0,0,0,0,,,Unmatched,,0
35058,83253,17020000,14.562,14.973,215,URBAN PRIN ART OTHER,DIVIDED,US   41,SR   45,1,SARASOTA,51000,6,45,1,PPFYA,Change Left-Turn Phasing from Protected-Permissive to Protected-Only,,PPFYA-02035,Potential Location,0.906000018,1,13357.2024403125,0.00779894447400933,0.00329017969997269,0.013051046143225,0.0236100858099892,0.0767769525913996,19536.6714478124,,1712693.61960796,1.17508158691987,11.8632555504639,158459.905988708,13357.2024403125,145102.703548395,SI,1,17,17020000 = 14.751|17A05740 = 0,S TAMIAMI TRL|WORRINGTON ST,23750,17020000,17A05740,Y,-82.53065276,27.29152,10,0.350019184043321,On-System / Off-System,On Corridor,"456052-1, 451009-1",2,2179,0.41,100,0,1,Verified Match,"456052-1, 451009-1",2
118457,272282,93270000,1.51,1.556,MIAMI,URBAN PRIN ART OTHER,DIVIDED,,SR    7,4,PALM BEACH,43500,6,45,1,PPFYA,Change Left-Turn Phasing from Protected-Permissive to Protected-Only,,PPFYA-03033,Potential Location,0.906000018,1,13357.2024403125,0.00758834088452351,0.00368576557248285,0.0156940686475373,0.0303336535617706,0.110289636264836,26727.961635622,,1760226.99079777,1.60761958135079,16.2300236288144,216787.711221129,13357.2024403125,203430.508780817,CIC,4,93,93270000 = 1.544,SR-7,21250,93270000,93A10135,Y,-80.20118187,26.70266484,10,0.392102795560413,On-System / Off-System,On Corridor,451380-1,1,243,0.05,100,0,0.8,Verified Match,451380-1,1
11561,29229,10160000,4.846,4.97,TAMPA-ST PETERSBURG,URBAN PRIN ART OTHER,DIVIDED,,SR  597,7,HILLSBOROUGH,66000,7,45,1,PPFYA,Change Left-Turn Phasing from Protected-Permissive to Protected-Only,,PPFYA-03594,Potential Location,0.906000018,1,13357.2024403125,0.00745306361372669,0.00314426121204095,0.0124722361410958,0.0225629855493679,0.0733719176535703,18670.225898681,,1792176.09463467,1.12296706917448,11.3371237066969,151432.256441217,13357.2024403125,138075.054000904,CIS,7,10,10160000 = 4.93,DALE MABRY HWY,30000,10160000,10A05854,Y,-82.50531495,28.06706501,10,0.334495937673791,On-System / Off-System,On Corridor,438702-1,5,657,0.12,100,0,0.7,Verified Match,438702-1,5
7297,29424,10290000,1.87,1.883,TAMPA-ST PETERSBURG,URBAN PRIN ART OTHER,DIVIDED,,SR  582,7,HILLSBOROUGH,54121,8,45,1,PPFYA,Change Left-Turn Phasing from Protected-Permissive to Protected-Only,,PPFYA-01182,Potential Location,0.906000018,1,13357.2024403125,0.00734915809167022,0.00310042606992338,0.0122983567440294,0.0222484278165798,0.0723490164946379,18409.9383619771,,1817514.64231692,1.10731142934337,11.1790692718477,149321.091358346,13357.2024403125,135963.888918034,CIS,7,10,10290000 = 1.877,E FOWLER AVE,25761,10290000,10A22844,Y,-82.42873,28.05446,10,0.329832623789585,On-System / Off-System,On Corridor,"445652-1, 448505-1, 438702-1",8,68,0.01,100,0,0.6,Verified Parallel Fallback,"445652-1, 448505-1, 438702-1",8
118889,266180,93005000,2.14,2.261,MIAMI,URBAN PRIN ART OTHER,DIVIDED,,SR  794,4,PALM BEACH,43000,6,45,1,PPFYA,Change Left-Turn Phasing from Protected-Permissive to Protected-Only,,PPFYA-05532,Potential Location,0.906000018,1,13357.2024403125,0.00730985288398332,0.00308384418543046,0.0122325819355408,0.0221294374417464,0.0719620751492764,13612.9507286005,,1827287.45055589,1.10138924000392,8.26619384579684,110413.224609174,13357.2024403125,97056.0221688613,CIC,4,93,93005000 = 2.202|93A19638 = .62,NW 3RD AVE|W YAMATO RD,18500,93005000,93A19638,Y,-80.0858734,26.3945004,10,0.328068593186588,On-System / Off-System,On Corridor,447657-1,1,638,0.12,100,0,0.5,Verified Match,447657-1,1
112175,243908,89010000,22.595,22.698,PORT SAINT LUCIE,URBAN PRIN ART OTHER,DIVIDED,US    1,SR    5,4,MARTIN,57000,7,45,1,PPFYA,Change Left-Turn Phasing from Protected-Permissive to Protected-Only,,PPFYA-05942,Potential Location,0.906000018,1,13357.2024403125,0.00720980225014978,0.00304163532428194,0.012065153452985,0.0218265497807269,0.0709771235579198,18060.8463407181,,1852644.77122587,1.08631442340929,10.9670900782637,146489.64235651,13357.2024403125,133132.439916198,CIS,4,89,89010000 = 22.687,NW FEDERAL HWY,24250,89010000,89A02613,Y,-80.27052384,27.24076037,10,0.32357828794924,On-System / Off-System,Off Corridor,,0,0,0,0,,,Unmatched,,0
98817,219549,87001000,3.667,3.889,MIAMI,URBAN PRIN ART OTHER,DIVIDED,,SR   94,6,MIAMI-DADE,58500,6,45,1,PPFYA,Change Left-Turn Phasing from Protected-Permissive to Protected-Only,,PPFYA-04458,Potential Location,0.906000018,1,13357.2024403125,0.00704987424893568,0.00297416569876974,0.0117975239384533,0.0213423927458014,0.0694027073522176,17660.2202270898,,1894672.43934585,1.06221777160136,10.7238178310512,143240.205702383,13357.2024403125,129883.003262071,CIS,6,87,87001000 = 3.756,SW 88TH ST,19000,87001000,87A32487,Y,-80.41989499,25.68522987,10,0.316400666839462,On-System / Off-System,On Corridor,437784-1,1,1171,0.22,100,0,0,Verified Match,437784-1,1
88909,176027,78010000,14.231,14.652,ST. AUGUSTINE,URBAN PRIN ART OTHER,DIVIDED,US    1,SR    5,2,ST. JOHNS,42500,6,45,1,PPFYA,Change Left-Turn Phasing from Protected-Permissive to Protected-Only,,PPFYA-00614,Potential Location,0.906000018,1,13357.2024403125,0.00704188486662685,0.0029707951781082,0.0117841542064959,0.0213182061392024,0.0693240556284101,17640.2065011608,,1896822.04314578,1.06101399638879,10.7116648936459,143077.876457216,13357.2024403125,129720.674016904,CIS,2,78,78010000 = 14.365,US-1,19750,78010000,78A07307,Y,-81.32286383,29.85673,10,0.316042100742977,On-System / Off-System,On Corridor,210269-4,1,2232,0.42,100,0,0.9,Verified Match,210269-4,1
68365,140792,72030000,6.713,6.726,JACKSONVILLE,URBAN PRIN ART OTHER,DIVIDED,US   17,SR   15,2,DUVAL,39500,6,45,1,PPFYA,Change Left-Turn Phasing from Protected-Permissive to Protected-Only,,PPFYA-01325,Potential Location,0.906000018,1,13357.2024403125,0.00703127966171973,0.00296632110728801,0.0117664070589091,0.0212861005384093,0.0692196523572893,13094.1709926511,,1899682.9998148,1.05941609028068,7.95117515909733,106205.456238447,13357.2024403125,92848.2537981344,CIS,2,72,72030000 = 6.725,ROOSEVELT BLVD,19500,72030000,72A29317,Y,-81.72019756,30.27872,10,0.315566135670963,On-System / Off-System,Off Corridor,,0,0,0,0,,,Unmatched,,0
95897,202786,86020000,2.76,2.78,MIAMI,URBAN PRIN ART OTHER,DIVIDED,US    1,SR    5,4,BROWARD,39500,6,45,1,PPFYA,Change Left-Turn Phasing from Protected-Permissive to Protected-Only,,PPFYA-05583,Potential Location,0.906000018,1,13357.2024403125,0.00696754702067286,0.00293943389934636,0.0116597544674072,0.0210931599258651,0.0685922343808584,12975.4833369425,,1917059.53338835,1.04981337375544,7.8791044384468,105242.793032699,13357.2024403125,91885.5905923862,CIS,4,86,86020000 = 2.765|86A15515 = 0,N FEDERAL HWY|NE 16TH ST,18750,86020000,86A15515,Y,-80.11997853,26.1487295,10,0.31270579385285,On-System / Off-System,Off Corridor,,0,0,0,0,,,Unmatched,,0
77454,148753,74060000,3.693,3.719,FERNANDINA BEACH,URBAN MINOR ART,DIVIDED,,SR  A1A,2,NASSAU,43000,6,45,1,PPFYA,Change Left-Turn Phasing from Protected-Permissive to Protected-Only,,PPFYA-00990,Potential Location,0.906000018,1,13357.2024403125,0.00674767089953701,0.00284667366074218,0.011291805520944,0.0204275193247702,0.0664276570352077,16903.1886098875,,1979527.84585701,1.01668422631618,10.2641254234349,137100.001153579,13357.2024403125,123742.798713266,CIS,2,74,74060000 = 3.702|74A01803 = .013,NASSAU CENTER CT|SR-200,16250,74060000,74A01803,Y,-81.54002527,30.62418503,10,0.302837681473404,On-System / Off-System,Off Corridor,,0,0,0,0,,,Unmatched,,0
108444,250316,92030000,9.34,9.627,KISSIMMEE,URBAN PRIN ART OTHER,DIVIDED,US  192,SR  500,5,OSCEOLA,48000,6,40,1,PPFYA,Change Left-Turn Phasing from Protected-Permissive to Protected-Only,,PPFYA-06049,Potential Location,0.906000018,1,13357.2024403125,0.00663311837045745,0.00322180035136505,0.0137184948116279,0.0265152446029455,0.0964063454069895,17368.6333000387,,2013713.86643765,1.40525197009974,10.5467574633206,140875.174526449,13357.2024403125,127517.972086137,CIS,5,92,92030000 = 9.534|92A03185 = .242,13TH ST|DELAWARE AVE,17500,92030000,92A03185,Y,-81.27228,28.2459305,10,0.342744783862304,On-System / Off-System,Off Corridor,,0,0,0,0,,,Unmatched,,0
96539,207281,86100000,4.506,4.624,MIAMI,URBAN PRIN ART OTHER,DIVIDED,US  441,SR    7,4,BROWARD,43500,6,45,1,PPFYA,Change Left-Turn Phasing from Protected-Permissive to Protected-Only,,PPFYA-06004,Potential Location,0.906000018,1,13357.2024403125,0.00649178333480102,0.00254106947676497,0.00849496219239676,0.0131319502886832,0.041232098152179,10981.2176103001,,2057555.18190317,0.66049258443504,6.66812620124356,89067.5115675621,13357.2024403125,75710.3091272496,CIS,4,86,86100000 = 4.612,OSCEOLA DR|S 60TH AVE|SR-7|SUNSET DR,22750,86100000,86A19898,Y,-80.2085101,26.03969293,10,0.270326591846046,On-System / Off-System,Off Corridor,,0,0,0,0,,,Unmatched,,0
105179,226709,87030000,2.282,2.435,MIAMI,URBAN PRIN ART OTHER,DIVIDED,US    1,SR    5,6,MIAMI-DADE,72000,6,40,1,PPFYA,Change Left-Turn Phasing from Protected-Permissive to Protected-Only,,PPFYA-05226,Potential Location,0.906000018,1,13357.2024403125,0.00648526641412953,0.00273597176846089,0.0108526880148949,0.0196331307458999,0.0638444078784736,12077.3445866239,,2059622.77990785,0.977147250491422,7.33372752799067,97958.0832334639,13357.2024403125,84600.8807931514,CIS,6,87,87030000 = 2.325|87A20296 = .012,S DIXIE HWY|SW 73RD ST,39000,87030000,87A20296,Y,-80.29081272,25.70333435,10,0.291060882167072,On-System / Off-System,Off Corridor,,0,0,0,0,39.2,103.8,No Match - Angle Mismatch,,0
110917,270963,93200000,2.813,2.896,MIAMI,URBAN PRIN ART OTHER,DIVIDED,,SR  804,4,PALM BEACH,54000,6,45,1,PPFYA,Change Left-Turn Phasing from Protected-Permissive to Protected-Only,,PPFYA-06485,Potential Location,0.906000018,1,13357.2024403125,0.00645177463755504,0.00252540892955726,0.00844260795428631,0.0130510184096828,0.0409779857693853,8113.24445349901,,2070314.47790531,0.656421985266672,4.92660648731031,65805.6801947607,13357.2024403125,52448.4777544482,CIS,4,93,93200000 = 2.871,MIZNER FALLS WAY|PALM ISLES DR|W BOYNTON BEACH BLVD,27500,93200000,93A16662,Y,-80.15907,26.52819003,10,0.268660575866627,On-System / Off-System,On Corridor,448437-1,1,438,0.08,100,0,0.5,Verified Match,448437-1,1
117477,264446,93030000,4.09,4.192,MIAMI,URBAN PRIN ART OTHER,DIVIDED,,SR  806,4,PALM BEACH,41500,6,45,1,PPFYA,Change Left-Turn Phasing from Protected-Permissive to Protected-Only,,PPFYA-05114,Potential Location,0.906000018,1,13357.2024403125,0.00616391340714546,0.00241273181936836,0.00806592097277891,0.0124687162635971,0.0391496557259553,7751.25280589815,,2167000.33858819,0.627134161224142,4.70679425194085,62869.6036680731,13357.2024403125,49512.4012277606,CIC,4,93,93030000 = 4.093,LAKES OF DELRAY BLVD|W ATLANTIC AVE,17750,93030000,93A04202,Y,-80.13851172,26.4545547,10,0.256673646955418,On-System / Off-System,On Corridor,440575-5,5,440,0.08,81,7.5,90.1,Verified Match,440575-5,5
113427,268692,93012000,2.018,2.134,MIAMI,URBAN MINOR ART,DIVIDED,,SR  708,4,PALM BEACH,37500,6,40,1,PPFYA,Change Left-Turn Phasing from Protected-Permissive to Protected-Only,,PPFYA-05186,Potential Location,0.906000018,1,13357.2024403125,0.00597973577544972,0.00290444309093272,0.0123671808083165,0.0239034113205639,0.0869100233727294,21062.0675625344,,2233744.59037999,1.26683032170088,12.7895220320891,170832.234897451,13357.2024403125,157475.032457138,CIS,4,93,93012000 = 2.022|93A09887 = .381,AVENUE S|W BLUE HERON BLVD,18250,93012000,93A09887,Y,-80.08078499,26.78116516,10,0.308983366713062,On-System / Off-System,Off Corridor,,0,0,0,0,,,Unmatched,,0
30899,82097,17070000,0.0902529288404111,0.135,215,URBAN MINOR ART,DIVIDED,,SR   72,1,SARASOTA,29500,6,45,1,PPFYA,Change Left-Turn Phasing from Protected-Permissive to Protected-Only,,PPFYA-01816,Potential Location,0.906000018,1,13357.2024403125,0.00585019887695489,0.00246805265121534,0.0097899421831542,0.0177105630064064,0.0575924656628973,14654.9848821622,,2283204.84845895,0.881460433913688,8.89894838072546,118865.055027241,13357.2024403125,105507.852586929,SI,1,17,17070000 = .133,MALL DR|STICKNEY POINT RD,15750,17070000,17A11295,Y,-82.52117992,27.26181009,10,0.262558842959709,On-System / Off-System,On Corridor,"456052-1, 449122-1",2,236,0.04,100,3.8,0.8,Verified Match,"456052-1, 449122-1",2
23169,61360,15150000,1.997,2.386,TAMPA-ST PETERSBURG,URBAN PRIN ART OTHER,DIVIDED,US   19,SR   55,7,PINELLAS,28500,6,45,1,PPFYA,Change Left-Turn Phasing from Protected-Permissive to Protected-Only,,PPFYA-00855,Potential Location,0.906000018,1,13357.2024403125,0.00561057836018066,0.00236696274570122,0.00938895222461482,0.0169851493325782,0.0552335139973723,14054.7257927464,,2380717.56293631,0.845356361362846,8.53445297559719,113996.416112379,13357.2024403125,100639.213672066,CIS,7,15,15150000 = 2.116,34TH ST S,13000,15150000,15A15199,Y,-82.67928591,27.73726,10,0.251804595632924,On-System / Off-System,On Corridor,"438702-1, 440246-1",6,2061,0.39,100,0,1.1,Verified Match,"438702-1, 440246-1",6
18363,65617,15090000,6.599,6.682,TAMPA-ST PETERSBURG,URBAN MINOR ART,DIVIDED,US   92,SR  687,7,PINELLAS,32500,6,40,1,PPFYA,Change Left-Turn Phasing from Protected-Permissive to Protected-Only,,PPFYA-02950,Potential Location,0.906000018,1,13357.2024403125,0.00558447865899993,0.0023559519342656,0.0093452760059202,0.0169061365653318,0.0549765746734829,10399.8307539756,,2391844.11937649,0.841423870449005,6.3150905846759,84351.9433684275,13357.2024403125,70994.740928115,CIS,7,15,15090000 = 6.618|15A04398 = .267,4TH ST N|KOGER BLVD N,15250,15090000,15A04398,Y,-82.63882759,27.86039,10,0.250633232489938,On-System / Off-System,On Corridor,"454084-1, 452766-1",3,439,0.08,100,0,1.1,Verified Match,"454084-1, 452766-1",3
80988,169532,77080000,5.18259167702705,5.34,ORLANDO,URBAN PRIN ART OTHER,DIVIDED,,SR  436,5,SEMINOLE,63000,7,40,1,PPFYA,Change Left-Turn Phasing from Protected-Permissive to Protected-Only,,PPFYA-01697,Potential Location,0.906000018,1,13357.2024403125,0.00538421891642008,0.00261519204511832,0.0111355436680506,0.0215228906814818,0.0782547272056964,18964.5139597471,,2480805.97161038,1.14066775491989,11.5158242843876,153819.196233632,13357.2024403125,140461.99379332,CIC,5,77,77080000 = 5.271,E ALTAMONTE DR,30250,77080000,77A12746,Y,-81.37609,28.66380641,10,0.278211972968072,On-System / Off-System,On Corridor,"441140-4, 441140-2, 441140-5",4,830,0.16,100,0,0.7,Verified Match,"441140-4, 441140-2, 441140-5",4
98534,223657,87030000,22.843,22.968,MIAMI,URBAN PRIN ART OTHER,DIVIDED,US    1,SR    5,6,MIAMI-DADE,61000,8,45,1,PPFYA,Change Left-Turn Phasing from Protected-Permissive to Protected-Only,,PPFYA-05318,Potential Location,0.906000018,1,13357.2024403125,0.00506437888001074,0.00213653484000453,0.00847492153201798,0.0153316157500325,0.0498564361461058,12686.4739960312,,2637480.8751047,0.763059461561619,7.70360925868389,102898.668389306,13357.2024403125,89541.465948994,CIC,6,87,87030000 = 22.934,BISCAYNE BLVD|POINT EAST DR,26000,87030000,87A45760,Y,-80.1493225,25.93990075,10,0.227290983949819,On-System / Off-System,On Corridor,458150-1,1,576,0.11,87,0,12,Verified Match,458150-1,1
18975,34442,11010000,10.924,10.96,LEESBURG-EUSTIS-TAVARES,URBAN PRIN ART OTHER,DIVIDED,US  441,SR   44,5,LAKE,36967,6,45,1,PPFYA,Change Left-Turn Phasing from Protected-Permissive to Protected-Only,,PPFYA-01057,Potential Location,0.906000018,1,13357.2024403125,0.00482985147779744,0.0020375935921958,0.00808245458237666,0.0146216206847384,0.0475476238060356,12098.9733646547,,2765551.38428476,0.727722778131262,7.34686117369432,98133.511997907,13357.2024403125,84776.3095575945,CIS,5,11,11010000 = 10.959,US-441,17832,11010000,11A12998,Y,-81.78489456,28.82258651,10,0.216765317273762,On-System / Off-System,Off Corridor,,0,0,0,0,,,Unmatched,,0
81334,162513,75050000,14.946,15.075,ORLANDO,URBAN PRIN ART OTHER,DIVIDED,,SR   50,5,ORANGE,31000,6,45,1,PPFYA,Change Left-Turn Phasing from Protected-Permissive to Protected-Only,,PPFYA-02279,Potential Location,0.906000018,1,13357.2024403125,0.00481902136479283,0.00203302463827197,0.0080643310651455,0.014588834209822,0.0474410064201206,12071.8434933986,,2771766.59516361,0.726090984698394,7.33038709843423,97913.4644396409,13357.2024403125,84556.2619993284,CIS,5,75,75050000 = 15.058,W COLONIAL DR,16750,75050000,75A29769,Y,-81.41073,28.55284,10,0.216279258252621,On-System / Off-System,On Corridor,"445694-1, 445694-2",2,680,0.13,100,0,0.7,Verified Match,"445694-1, 445694-2",2
90443,194813,86015000,10.021,10.076,MIAMI,URBAN PRIN ART OTHER,DIVIDED,,SR  818,4,BROWARD,29500,6,45,1,PPFYA,Change Left-Turn Phasing from Protected-Permissive to Protected-Only,,PPFYA-05371,Potential Location,0.906000018,1,13357.2024403125,0.00435842760576616,0.00211695055137213,0.00901402073010728,0.0174223898318808,0.0633457830428967,11412.4197129468,,3064683.79161353,0.923349869168336,6.92996511025423,92564.9468819683,13357.2024403125,79207.7444416558,CIS,4,86,86015000 = 10.069|86A03706 = .017,GRIFFIN RD|NW 10TH ST,10450,86015000,86A03706,Y,-80.15305,26.06327301,10,0.22520754858997,On-System / Off-System,On Corridor,"457344-1, 457345-1",2,290,0.05,100,0.1,0.4,Verified Match,"457344-1, 457345-1",2
80699,168879,77080000,8.461,8.56,ORLANDO,URBAN PRIN ART OTHER,DIVIDED,,SR  436,5,SEMINOLE,72500,6,45,1,PPFYA,Change Left-Turn Phasing from Protected-Permissive to Protected-Only,,PPFYA-01102,Potential Location,0.906000018,1,13357.2024403125,0.0040851009709639,0.00198419190018246,0.00844873155358442,0.0163297932319829,0.0593732288848048,14388.7081103923,,3269736.17916739,0.86544455667651,8.73725710188624,116705.311882953,13357.2024403125,103348.10944264,CIC,5,77,77080000 = 8.464|77A05884 = .415,SEMORAN BLVD|WILSHIRE BLVD|WILSHIRE DR,33500,77080000,77A05884,Y,-81.32835194,28.65147256,10,0.211084285120657,On-System / Off-System,Off Corridor,,0,0,0,0,,,Unmatched,,0
103618,229038,87120000,6.417,6.558,MIAMI,URBAN PRIN ART OTHER,DIVIDED,US   41,SR   90,6,MIAMI-DADE,57000,6,45,1,PPFYA,Change Left-Turn Phasing from Protected-Permissive to Protected-Only,,PPFYA-06469,Potential Location,0.906000018,1,13357.2024403125,0.00404303047962365,0.00196375766153148,0.00836172212831254,0.0161616205406254,0.0587617725390755,10586.5612370521,,3303760.01557027,0.856531759175073,6.4284789602605,85866.4948554892,13357.2024403125,72509.2924151767,CIC,6,87,87120000 = 6.553,SW 112TH AVE|SW 8TH ST,25250,87120000,87A44342,Y,-80.37620723,25.76123936,10,0.208910429528751,On-System / Off-System,On Corridor,"437782-3, 452564-3",2,743,0.14,100,0,0.1,Verified Match,"437782-3, 452564-3",2
99214,220161,87001000,10.494,10.538,MIAMI,URBAN PRIN ART OTHER,DIVIDED,,SR   94,6,MIAMI-DADE,39500,6,45,1,PPFYA,Change Left-Turn Phasing from Protected-Permissive to Protected-Only,,PPFYA-05590,Potential Location,0.906000018,1,13357.2024403125,0.00401342128476093,0.00194937605259817,0.00830048492984647,0.0160432606681742,0.0583314298091958,10509.0303957256,,3328133.65270926,0.850258935882908,6.38139989737327,85237.6502818042,13357.2024403125,71880.4478414917,CIS,6,87,87001000 = 10.524,SW 88TH ST,18250,87001000,87A08839,Y,-80.31135503,25.68871055,10,0.207380470838619,On-System / Off-System,On Corridor,437784-1,1,232,0.04,100,0,0.2,Verified Match,437784-1,1
92447,222464,87002000,0.828,0.889,MIAMI,URBAN PRIN ART OTHER,DIVIDED,,SR  823,6,MIAMI-DADE,34500,6,45,1,PPFYA,Change Left-Turn Phasing from Protected-Permissive to Protected-Only,,PPFYA-04849,Potential Location,0.906000018,1,13357.2024403125,0.00400586026081237,0.00194570355525172,0.00828484735758921,0.0160130362114032,0.0582215371997616,10489.23206785,,3334415.47399452,0.848657103500869,6.3693777561561,85077.0681078003,13357.2024403125,71719.8656674878,CIS,6,87,87002000 = .887|87A14276 = .997,W 23RD ST|W 4TH AVE,15000,87002000,87A14276,Y,-80.29014498,25.84261,10,0.206989779556737,On-System / Off-System,Off Corridor,,0,0,0,0,,,Unmatched,,0
73006,159242,75050000,7.721,7.835,ORLANDO,URBAN PRIN ART OTHER,DIVIDED,,SR   50,5,ORANGE,51500,6,45,1,PPFYA,Change Left-Turn Phasing from Protected-Permissive to Protected-Only,,PPFYA-03783,Potential Location,0.906000018,1,13357.2024403125,0.00399130201667351,0.00193863240809856,0.00825473826175659,0.0159548410484689,0.0580099463559707,14058.3256341849,,3346577.7294009,0.845572882759622,8.53663890778325,114025.614051109,13357.2024403125,100668.411610797,CIC,5,75,75050000 = 7.825|75A08857 = 1.175,BLACKWOOD AVE|W COLONIAL DR,22000,75050000,75A08857,Y,-81.52971905,28.55172427,10,0.206237529715544,On-System / Off-System,Off Corridor,,0,0,0,0,,,Unmatched,,0
91773,199444,86018000,3.274,3.423,MIAMI,URBAN PRIN ART OTHER,DIVIDED,,SR  824,4,BROWARD,55000,6,40,1,PPFYA,Change Left-Turn Phasing from Protected-Permissive to Protected-Only,,PPFYA-05835,Potential Location,0.906000018,1,13357.2024403125,0.00397552880592956,0.00193097113430864,0.0082221163940816,0.0158917891748717,0.0577806970770899,10409.8100090395,,3359855.52925438,0.842231266609448,6.32115028902942,84432.8840662058,13357.2024403125,71075.6816258933,CIC,4,86,86018000 = 3.278|86A21041 = .511,PEMBROKE RD|S 52ND AVE|SW 52ND AVE,48000,86018000,86A21041,Y,-80.19515,25.99529034,10,0.205422500432888,On-System / Off-System,On Corridor,448400-1,2,784,0.15,100,0,0.3,Verified Match,448400-1,2
95718,206500,86220000,10.6,10.65,MIAMI,URBAN PRIN ART OTHER,DIVIDED,,SR  817,4,BROWARD,48500,6,45,1,PPFYA,Change Left-Turn Phasing from Protected-Permissive to Protected-Only,,PPFYA-06429,Potential Location,0.906000018,1,13357.2024403125,0.00395338161679653,0.00192021392815831,0.00817631198019282,0.0158032579435061,0.0574588078168495,10351.8182191761,,3378677.73340232,0.837539298303864,6.28593592690967,83962.5187025659,13357.2024403125,70605.3162622534,CIC,4,86,86220000 = 10.641,N UNIVERSITY DR|NW 2ND ST,26750,86220000,86A21016,Y,-80.255151,26.12435042,10,0.204278116580736,On-System / Off-System,On Corridor,"446998-1, 449243-3",2,264,0.05,100,0.2,0.3,Verified Match,"446998-1, 449243-3",2
17487,50843,14090000,0.299,0.319,TAMPA-ST PETERSBURG,URBAN PRIN ART OTHER,DIVIDED,,SR   54,7,PASCO,63000,6,45,1,PPFYA,Change Left-Turn Phasing from Protected-Permissive to Protected-Only,,PPFYA-01854,Potential Location,0.906000018,1,13357.2024403125,0.00395162041525863,0.00191935848741134,0.00817266949519399,0.015796217711904,0.0574332103535885,13918.5574903447,,3380183.5795603,0.837166180896237,8.45176747957603,112891.969203147,13357.2024403125,99534.7667628343,CIC,7,14,14090000 = .312,SR-54|VILLAGE LAKES SHOPPING DR,30750,14090000,14A05088,Y,-82.46074946,28.19042535,10,0.204187112228525,On-System / Off-System,On Corridor,"441658-1, 455374-1, 441320-1, 419182-2",7,106,0.02,100,0.6,0.2,Verified Match,"441658-1, 455374-1, 441320-1, 419182-2",7
52954,125154,60020001,2.711,2.797,1460,URBAN PRIN ART OTHER,DIVIDED,US   98,SR   30,3,WALTON,53500,6,45,1,PPFYA,Change Left-Turn Phasing from Protected-Permissive to Protected-Only,,PPFYA-00831,Potential Location,0.906000018,1,13357.2024403125,0.00394942103780799,0.00191829021836388,0.00816812078273926,0.0157874259147701,0.0574012444017775,13910.8107540004,,3382065.95661576,0.836700234214316,8.44706342785567,112829.136232028,13357.2024403125,99471.9337917157,CIC,3,60,60020001 = 2.777|60A00089 = .211,EMERALD COAST PKWY|POINCIANA BLVD|US-98,25250,60020001,60A00089,Y,-86.35252327,30.37876905,10,0.204073466563417,On-System / Off-System,On Corridor,"455245-1, 409797-2",6,454,0.09,100,0,1.1,Verified Match,"455245-1, 409797-2",6
71729,157502,75037000,1.842,1.91523715014654,ORLANDO,URBAN PRIN ART OTHER,DIVIDED,,SR  434,5,ORANGE,49500,6,45,1,PPFYA,Change Left-Turn Phasing from Protected-Permissive to Protected-Only,,PPFYA-01438,Potential Location,0.906000018,1,13357.2024403125,0.00394071892620946,0.00191406347844459,0.00815012323375138,0.0157526400712633,0.0572747671207034,13880.1598240416,,3389534.42009646,0.834856657967835,8.42845125966052,112580.529733592,13357.2024403125,99223.32729328,CIC,5,75,75037000 = 1.855|75A01745 = .012,ALAFAYA TRL N|CENTRAL FLORIDA BLVD|STERLING CENTRAL APARTMENTS,22500,75037000,75A01745,Y,-81.20837012,28.59360845,10,0.20362381329441,On-System / Off-System,Off Corridor,,0,0,0,0,,,Unmatched,,0
80688,168844,77080000,5.075,5.167,ORLANDO,URBAN PRIN ART OTHER,DIVIDED,,SR  436,5,SEMINOLE,63000,8,40,1,PPFYA,Change Left-Turn Phasing from Protected-Permissive to Protected-Only,,PPFYA-01204,Potential Location,0.906000018,1,13357.2024403125,0.00392495173431284,0.00190640512809481,0.00811751381414702,0.015689612257422,0.0570456053202969,13824.62398208,,3403150.75050241,0.83151631693392,8.39472822310533,112130.084307423,13357.2024403125,98772.8818671102,CIC,5,77,77080000 = 5.153|77A05268 = .199,E ALTAMONTE DR|ESSEX ST,30250,77080000,77A05268,Y,-81.37811999,28.66372994,10,0.202809095016083,On-System / Off-System,On Corridor,"441140-4, 441140-2, 441140-5",4,485,0.09,100,0,1,Verified Match,"441140-4, 441140-2, 441140-5",4
104212,227064,87030000,1.286,1.309,MIAMI,URBAN PRIN ART OTHER,DIVIDED,US    1,SR    5,6,MIAMI-DADE,48000,6,45,1,PPFYA,Change Left-Turn Phasing from Protected-Permissive to Protected-Only,,PPFYA-05393,Potential Location,0.906000018,1,13357.2024403125,0.00392182701810895,0.00165452077326471,0.0065629324006167,0.0118727185118533,0.0386085486368679,7303.51743201145,,3405862.21132036,0.590909030244134,4.43491584247949,59238.0687137476,13357.2024403125,45880.8662734351,SI,6,87,87030000 = 1.294,S DIXIE HWY,20250,87030000,87A13383,Y,-80.30298018,25.69317986,10,0.176012881924245,On-System / Off-System,On Corridor,441639-1,1,122,0.02,100,0.1,0.2,Verified Match,441639-1,1
106580,230689,87170000,4.151,4.52,MIAMI,URBAN PRIN ART OTHER,DIVIDED,,SR  826,6,MIAMI-DADE,60000,8,45,1,PPFYA,Change Left-Turn Phasing from Protected-Permissive to Protected-Only,,PPFYA-05000,Potential Location,0.906000018,1,13357.2024403125,0.00390627597425391,0.00189733404463761,0.0080788889467524,0.0156149577256539,0.056774170125804,10228.4734232609,,3419421.08759064,0.827559784402733,6.21103725040428,82962.0819179719,13357.2024403125,69604.8794776594,CIC,6,87,87170000 = 4.506|87A06657 = .469,NE 163RD ST,30750,87170000,87A06657,Y,-80.14081883,25.92639122,10,0.201844085952869,On-System / Off-System,On Corridor,"452562-1, 458152-1",4,1946,0.37,100,0,0.4,Verified Match,"452562-1, 458152-1",4
98432,220633,87001000,5.88,5.954,MIAMI,URBAN PRIN ART OTHER,DIVIDED,,SR   94,6,MIAMI-DADE,90500,6,45,1,PPFYA,Change Left-Turn Phasing from Protected-Permissive to Protected-Only,,PPFYA-05344,Potential Location,0.906000018,1,13357.2024403125,0.0038962583667552,0.00189246834956681,0.00805817071306189,0.0155749133154188,0.0566285733077261,10202.2426006717,,3428212.70639615,0.825437515224492,6.19510910458343,82749.326449744,13357.2024403125,69392.1240094315,CIC,6,87,87001000 = 5.881,MILLS DR|SW 88TH ST,42250,87001000,87A24599,Y,-80.38578029,25.68632501,10,0.201326458718557,On-System / Off-System,On Corridor,437784-1,1,390,0.07,100,0,0.1,Verified Match,437784-1,1
7480,23497,10130000,9.398,9.425,TAMPA-ST PETERSBURG,URBAN PRIN ART OTHER,DIVIDED,US   92,SR  600,7,HILLSBOROUGH,59500,8,40,1,PPFYA,Change Left-Turn Phasing from Protected-Permissive to Protected-Only,,PPFYA-00402,Potential Location,0.906000018,1,13357.2024403125,0.00387811618715638,0.00188365643376167,0.00802064938707342,0.015502391719568,0.0563648932201478,10154.7378152726,,3444250.19666743,0.821594023792665,6.16626276755182,82364.0200863513,13357.2024403125,69006.8176460388,CIC,7,10,10130000 = 9.404,N DALE MABRY HWY,27000,10130000,10A13855,Y,-82.505545,27.95769,10,0.200389020687437,On-System / Off-System,On Corridor,"445362-2, 451989-1, 458148-1",4,143,0.03,100,0,1,Verified Match,"445362-2, 451989-1, 458148-1",4
92454,222502,87020000,12.018,12.209,MIAMI,URBAN PRIN ART OTHER,DIVIDED,US    1,SR    5,6,MIAMI-DADE,51500,6,45,1,PPFYA,Change Left-Turn Phasing from Protected-Permissive to Protected-Only,,PPFYA-04704,Potential Location,0.906000018,1,13357.2024403125,0.00387512799171646,0.00163481962150538,0.00648478449863802,0.0117313445061729,0.0381488186122025,9707.35240450633,,3446906.13287227,0.583872800376904,5.89459686624172,78735.3236464223,13357.2024403125,65378.1212061098,CIC,6,87,87020000 = 12.156,S DIXIE HWY,24500,87020000,87A42458,Y,-80.37072363,25.57730514,10,0.173917014314469,On-System / Off-System,Off Corridor,,0,0,0,0,,,Unmatched,,0
100830,223093,87001000,8.394,8.651,MIAMI,URBAN PRIN ART OTHER,DIVIDED,,SR   94,6,MIAMI-DADE,41000,6,45,1,PPFYA,Change Left-Turn Phasing from Protected-Permissive to Protected-Only,,PPFYA-06424,Potential Location,0.906000018,1,13357.2024403125,0.00386254511588172,0.00187609334199969,0.00798844558057356,0.0154401478788103,0.05613858185469,10113.9654044767,,3458134.99637619,0.818295231676617,6.14150453122827,82033.3193117125,13357.2024403125,68676.1168714,CIC,6,87,87001000 = 8.641,SW 88TH ST|SW 90TH AVE,20750,87001000,87A43471,Y,-80.34162,25.6877653,10,0.19958443630337,On-System / Off-System,On Corridor,"451036-1, 437784-1",3,1356,0.26,100,0,0.1,Verified Match,"451036-1, 437784-1",3
34444,44659,12010000,20.848,20.89,CAPE CORAL,URBAN PRIN ART OTHER,DIVIDED,US   41,SR   45,1,LEE,45000,7,45,1,PPFYA,Change Left-Turn Phasing from Protected-Permissive to Protected-Only,,PPFYA-02574,Potential Location,0.906000018,1,13357.2024403125,0.00385757892189463,0.00187368119063454,0.0079781745884639,0.0154202960020671,0.0560664027398095,10100.9615656423,,3462586.95175371,0.817243124131645,6.13360820847743,81927.8465301955,13357.2024403125,68570.644089883,CIS,1,12,12010000 = 20.886|12A02238 = .171,CLEVELAND AVE|COURTNEY DR,23250,12010000,12A02238,Y,-81.87183,26.60210445,10,0.199327824406874,On-System / Off-System,On Corridor,456031-1,1,223,0.04,100,0.4,1.3,Verified Match,456031-1,1
103763,233247,87072000,5.518,5.695,MIAMI,URBAN MINOR ART,DIVIDED,,SR  985,6,MIAMI-DADE,45500,6,40,1,PPFYA,Change Left-Turn Phasing from Protected-Permissive to Protected-Only,,PPFYA-06210,Potential Location,0.906000018,1,13357.2024403125,0.00385710003677018,0.00187344858928837,0.00797718416695651,0.0154183817054268,0.0560594425798757,10099.7076184556,,3463016.85540347,0.817141670452244,6.13284677396379,81917.6758952517,13357.2024403125,68560.4734549392,CIC,6,87,87072000 = 5.529,SW 107TH AVE|SW 17TH ST,20250,87072000,87A44342,Y,-80.36820494,25.75307394,10,0.199303079578076,On-System / Off-System,Off Corridor,,0,0,0,0,,,Unmatched,,0
41869,85464,17070000,0.461,0.607,215,URBAN MINOR ART,DIVIDED,,SR   72,1,SARASOTA,29500,6,45,1,PPFYA,Change Left-Turn Phasing from Protected-Permissive to Protected-Only,,PPFYA-00534,Potential Location,0.906000018,1,13357.2024403125,0.00385555636447809,0.00187269880560365,0.00797399157198879,0.0154122110257969,0.0560370067064487,13580.19679953,,3464403.36429126,0.816814637462858,8.24630467317687,110147.560904118,13357.2024403125,96790.3584638059,CIS,1,17,17070000 = .469|17A02916 = .492,GATEWAY AVE|STICKNEY POINT RD|VACCARO DR,15750,17070000,17A02916,Y,-82.51773495,27.26557006,10,0.199223315341023,On-System / Off-System,On Corridor,"456052-1, 449122-1",2,771,0.15,100,0,0.8,Verified Match,"456052-1, 449122-1",2
61146,132846,71070000,12.083,12.2196203378058,JACKSONVILLE,URBAN PRIN ART OTHER,DIVIDED,,SR   21,2,CLAY,69000,6,45,1,PPFYA,Change Left-Turn Phasing from Protected-Permissive to Protected-Only,,PPFYA-04111,Potential Location,0.906000018,1,13357.2024403125,0.00385273959114425,0.00187133065855578,0.0079681659725938,0.0154009512487559,0.0559960674667443,13570.2754463977,,3466936.22143962,0.816217893057642,8.24028012862082,110067.089842873,13357.2024403125,96709.8874025602,CIC,2,71,71070000 = 12.213|71A00562 = 1.1,BELMONT BLVD|BLANDING BLVD|CONSTITUTION DR,35750,71070000,71A00562,Y,-81.7472753,30.15859,10,0.199077767754868,On-System / Off-System,Off Corridor,,0,0,0,0,,,Unmatched,,0
78496,201996,86016000,3.392,3.461,MIAMI,URBAN MINOR ART,DIVIDED,,SR  848,4,BROWARD,40500,6,45,1,PPFYA,Change Left-Turn Phasing from Protected-Permissive to Protected-Only,,PPFYA-05645,Potential Location,0.906000018,1,13357.2024403125,0.00383383487635788,0.00186214836851668,0.0079290675851947,0.0153253814927656,0.0557213046234287,10038.788452341,,3484031.75178003,0.812212855575415,6.0958548207813,81423.5668879307,13357.2024403125,68066.3644476182,CIC,4,86,86016000 = 3.456|86A05694 = .736,SARAZEN DR|STIRLING RD|SW 37TH AVE,12500,86016000,86A05694,Y,-80.19611468,26.04693,10,0.198100928201952,On-System / Off-System,On Corridor,446370-1,1,364,0.07,100,0,0.3,Verified Match,446370-1,1
74605,144942,72220000,6.479,7.028,JACKSONVILLE,URBAN MINOR ART,DIVIDED,,SR  134,2,DUVAL,49500,6,45,1,PPFYA,Change Left-Turn Phasing from Protected-Permissive to Protected-Only,,PPFYA-04080,Potential Location,0.906000018,1,13357.2024403125,0.00381693097419204,0.00185393790175042,0.00789410724207899,0.0152578097903417,0.055475621772632,13444.1488853104,,3499461.35537333,0.808631698042223,8.16369228048725,109044.090450885,13357.2024403125,95686.8880105721,CIC,2,72,72220000 = 6.861|72A11115 = .664,103RD ST|HILLMAN DR|MCMANUS DR,22750,72220000,72A11115,Y,-81.77714352,30.24820061,10,0.197227474123391,On-System / Off-System,Off Corridor,,0,0,0,0,,,Unmatched,,0
95329,202650,86020000,5.434,5.437,MIAMI,URBAN PRIN ART OTHER,DIVIDED,US    1,SR    5,4,BROWARD,50500,6,45,1,PPFYA,Change Left-Turn Phasing from Protected-Permissive to Protected-Only,,PPFYA-04908,Potential Location,0.906000018,1,13357.2024403125,0.00380678615994322,0.00160598791122605,0.00637041871452999,0.0115244502888906,0.0374760253136286,7089.27980523003,,3508787.1708853,0.573575608442696,4.30482430043651,57500.4096509071,13357.2024403125,44143.2072105946,CIC,4,86,86020000 = 5.436,N FEDERAL HWY,21500,86020000,86A15044,Y,-80.11739988,26.18564494,10,0.170849810505926,On-System / Off-System,On Corridor,"444120-1, 457344-1, 457345-1",5,16,0,100,0,0.7,Verified Parallel Fallback,"444120-1, 457344-1, 457345-1",5
66312,137182,72030000,6.505,6.634,JACKSONVILLE,URBAN PRIN ART OTHER,DIVIDED,US   17,SR   15,2,DUVAL,39500,6,45,1,PPFYA,Change Left-Turn Phasing from Protected-Permissive to Protected-Only,,PPFYA-03120,Potential Location,0.906000018,1,13357.2024403125,0.00379795766687228,0.00184472229533797,0.00785486699284949,0.0151819658423804,0.0551998619992006,9944.84499157612,,3516943.47644283,0.804612128964556,6.0388095208526,80661.6012685147,13357.2024403125,67304.3988282022,CIC,2,72,72030000 = 6.633|72A09905 = .977,BIRKENHEAD RD|ROOSEVELT BLVD|WABASH AVE,19500,72030000,72A09905,Y,-81.71998076,30.27746479,10,0.196247090274758,On-System / Off-System,Off Corridor,,0,0,0,0,,,Unmatched,,0
112581,267851,93004000,0.524,0.537,MIAMI,URBAN PRIN ART OTHER,DIVIDED,,SR  808,4,PALM BEACH,36500,6,45,1,PPFYA,Change Left-Turn Phasing from Protected-Permissive to Protected-Only,,PPFYA-05284,Potential Location,0.906000018,1,13357.2024403125,0.00378941456076826,0.00184057278665887,0.00783719829613435,0.0151478156078502,0.0550756957184386,9922.47510928591,,3524872.30576443,0.802802238651589,6.02522585431292,80480.1614846624,13357.2024403125,67122.9590443499,CIS,4,93,93004000 = .532|93A04377 = .289,95TH AVE S|GLADES RD,18500,93004000,93A04377,Y,-80.19492,26.36793439,10,0.195805653096707,On-System / Off-System,Off Corridor,,0,0,0,0,,,Unmatched,,0
97736,205578,86120000,2.87,2.888,MIAMI,URBAN PRIN ART OTHER,DIVIDED,,SR  810,4,BROWARD,40000,6,45,1,PPFYA,Change Left-Turn Phasing from Protected-Permissive to Protected-Only,,PPFYA-06498,Potential Location,0.906000018,1,13357.2024403125,0.00378554231775011,0.00159702566530083,0.00633486847235996,0.0114601378760013,0.0372668896452884,9482.93666664025,,3528477.90861606,0.570374758907256,5.75832486847777,76915.1109853434,13357.2024403125,63557.9085450309,CIS,4,86,86120000 = 2.874,W HILLSBORO BLVD,18500,86120000,86A05032,Y,-80.15628,26.31785062,10,0.169896379905778,On-System / Off-System,On Corridor,439891-5,1,95,0.02,100,0,0.5,Verified Match,439891-5,1
60519,134265,71070000,12.704,12.8049070856556,JACKSONVILLE,URBAN PRIN ART OTHER,DIVIDED,,SR   21,2,CLAY,59000,6,45,1,PPFYA,Change Left-Turn Phasing from Protected-Permissive to Protected-Only,,PPFYA-03096,Potential Location,0.906000018,1,13357.2024403125,0.00377394281025621,0.00183305793641016,0.0078051999030299,0.0150859687921671,0.0548508278899738,13292.7342330238,,3539322.96059507,0.799524488026066,8.07174874143767,107815.981986721,13357.2024403125,94458.779546408,CIC,2,71,71070000 = 12.75|71A00475 = .243,BLANDING BLVD|SPENCER RD,29750,71070000,71A00475,Y,-81.74773,30.16640061,10,0.195006200789502,On-System / Off-System,Off Corridor,,0,0,0,0,,,Unmatched,,0
67882,144921,72170000,0.564,0.693,JACKSONVILLE,URBAN PRIN ART OTHER,DIVIDED,,SR   21,2,DUVAL,39000,8,45,1,PPFYA,Change Left-Turn Phasing from Protected-Permissive to Protected-Only,,PPFYA-01080,Potential Location,0.906000018,1,13357.2024403125,0.00372599462002401,0.00180976881544023,0.00770603432777692,0.0148943005719921,0.0541539445342125,13123.849175206,,3584868.95513189,0.789366477114242,7.96919664575957,106446.17288407,13357.2024403125,93088.9704437575,CIS,2,72,72170000 = .684|72A12563 = .562,BLANDING BLVD|LAKE GRAY BLVD,16500,72170000,72A12563,Y,-81.73950477,30.19962,10,0.192528634254444,On-System / Off-System,Off Corridor,,0,0,0,0,,,Unmatched,,0
107546,232531,87133000,2.025,2.096,MIAMI,URBAN PRIN ART OTHER,DIVIDED,,SR  825,6,MIAMI-DADE,39000,6,40,1,PPFYA,Change Left-Turn Phasing from Protected-Permissive to Protected-Only,,PPFYA-05218,Potential Location,0.906000018,1,13357.2024403125,0.00371514308286701,0.00180449806882112,0.00768359137592949,0.0148509226091749,0.0539962273066694,13085.6274514809,,3595339.97544036,0.787067536688815,7.94598726347863,106136.160466429,13357.2024403125,92778.9580261163,CIC,6,87,87133000 = 2.04|87A21204 = 1.267,SW 137TH AVE|SW 96TH ST,20000,87133000,87A21204,Y,-80.41655108,25.67825462,10,0.191967916421635,On-System / Off-System,Off Corridor,,0,0,0,0,,,Unmatched,,0
31685,88619,29010000,7.504,7.96187344028923,LAKE CITY,URBAN MINOR ART,DIVIDED,US   90,SR   10,2,COLUMBIA,26500,6,45,1,PPFYA,Change Left-Turn Phasing from Protected-Permissive to Protected-Only,,PPFYA-02662,Potential Location,0.906000018,1,13357.2024403125,0.00368699504001145,0.00155545103250483,0.00616995576226916,0.0111618013906597,0.0362967378899877,9236.07174874363,,3622788.28567966,0.555526455794225,5.60842105219694,74912.8153647049,13357.2024403125,61555.6129243924,CIS,2,29,29010000 = 7.715,US-90,14000,29010000,29A02112,Y,-82.67208502,30.17932967,10,0.165473545782682,On-System / Off-System,Off Corridor,,0,0,0,0,,,Unmatched,,0
93096,205529,86190000,7.004,7.016,MIAMI,URBAN PRIN ART OTHER,DIVIDED,,SR  823,4,BROWARD,40500,6,45,1,PPFYA,Change Left-Turn Phasing from Protected-Permissive to Protected-Only,,PPFYA-04817,Potential Location,0.906000018,1,13357.2024403125,0.00362049254796995,0.00175852495187112,0.00748783686057421,0.0144725663151318,0.0526205678278814,9480.15758489716,,3689332.94664618,0.767015452102555,5.75663732630858,76892.5701429629,13357.2024403125,63535.3677026504,CIS,4,86,86190000 = 7.009|86A03364 = .012,COUNTRY GLEN DR|S FLAMINGO RD|SW 49TH ST,19750,86190000,86A03364,Y,-80.3133625,26.0586,10,0.187077158362766,On-System / Off-System,Off Corridor,,0,0,0,0,,,Unmatched,,0
1694,2476,03010000,10.275,10.653,BONITA SPRINGS,URBAN PRIN ART OTHER,DIVIDED,US   41,SR   45,1,COLLIER,41000,6,45,1,PPFYA,Change Left-Turn Phasing from Protected-Permissive to Protected-Only,,PPFYA-00572,Potential Location,0.906000018,1,13357.2024403125,0.00361613505663003,0.00175640845607744,0.00747882477621211,0.0144551476679315,0.0525572356526115,9468.74761676993,,3693778.64242726,0.766092300584955,5.74970884987504,76800.0250806372,13357.2024403125,63442.8226403247,CIC,1,3,03010000 = 10.276|03A05679 = .414,9TH ST N|FLEISCHMANN BLVD|ORCHID DR,17750,3010000,03A05679,Y,-81.79910563,26.16749992,10,0.186851999192664,On-System / Off-System,On Corridor,"452524-1, 413627-1, 412666-1, 437908-1",7,2003,0.38,100,0,1.2,Verified Match,"452524-1, 413627-1, 412666-1, 437908-1",7
81196,165166,76020000,21.67,21.689,PALATKA,URBAN MINOR ART,DIVIDED,,SR   19,2,PUTNAM,21500,6,45,1,PPFYA,Change Left-Turn Phasing from Protected-Permissive to Protected-Only,,PPFYA-01818,Potential Location,0.906000018,1,13357.2024403125,0.00337052333963243,0.0016371113363929,0.00697085508878525,0.0134733387524528,0.0489874926294304,11871.7938327465,,3962946.13458133,0.714058501410246,7.2089109169138,96290.8824913964,13357.2024403125,82933.6800510839,SI,2,76,76020000 = 21.672,N SR-19,10250,76020000,76A03530,Y,-81.67051918,29.65491968,10,0.174160813817272,On-System / Off-System,Off Corridor,,0,0,0,0,,,Unmatched,,0
94751,206015,86220000,18.796,18.911,MIAMI,URBAN PRIN ART OTHER,DIVIDED,,SR  817,4,BROWARD,50000,6,45,1,PPFYA,Change Left-Turn Phasing from Protected-Permissive to Protected-Only,,PPFYA-06409,Potential Location,0.906000018,1,13357.2024403125,0.00306224259490205,0.00114834097308827,0.00643070944929431,0.0100671225307405,0.0391967052147463,7063.51476181678,,4361902.11139681,0.571491024273595,4.28917898976541,57291.4320690317,13357.2024403125,43934.2296287192,CIC,4,86,86220000 = 18.902,N UNIVERSITY DR,28250,86220000,86A04918,Y,-80.25381251,26.24260547,10,0.122163956700361,On-System / Off-System,On Corridor,455316-1,1,609,0.12,100,0,0.7,Verified Match,455316-1,1
60577,133821,71070000,11.6403284739776,11.927,JACKSONVILLE,URBAN PRIN ART OTHER,DIVIDED,,SR   21,2,CLAY,62000,6,45,1,PPFYA,Change Left-Turn Phasing from Protected-Permissive to Protected-Only,,PPFYA-01775,Potential Location,0.906000018,1,13357.2024403125,0.00301099457565791,0.00127026333660568,0.00503871123520253,0.00911531560990187,0.0296418301936448,7542.66323498172,,4436142.97690786,0.453672198329206,4.58013237959717,61177.7553977096,13357.2024403125,47820.5529573971,CIC,2,71,71070000 = 11.917|71A00645 = .426,BLANDING BLVD|SUZANNE AVE,67000,71070000,71A00645,Y,-81.74816415,30.15452415,10,0.135134423388047,On-System / Off-System,Off Corridor,,0,0,0,0,3.8,149.5,No Match - Low Target Ratio,,0
106158,227457,87030000,2.667,2.751,MIAMI,URBAN PRIN ART OTHER,DIVIDED,US    1,SR    5,6,MIAMI-DADE,72000,6,40,1,PPFYA,Change Left-Turn Phasing from Protected-Permissive to Protected-Only,,PPFYA-06107,Potential Location,0.906000018,1,13357.2024403125,0.0030050102652203,0.00126773870563982,0.0050286968657046,0.00909719904510052,0.0295829174625321,5596.15320973347,,4444977.30836645,0.45277053105499,3.39815284317794,45389.8154494513,13357.2024403125,32032.6130091388,CIS,6,87,87030000 = 2.668,S DIXIE HWY,39000,87030000,87A11924,Y,-80.28674744,25.70652411,10,0.134865845574291,On-System / Off-System,Off Corridor,,0,0,0,0,,,Unmatched,,0
112026,272034,93190000,13.314,13.339,MIAMI,URBAN PRIN ART OTHER,DIVIDED,,SR  706,4,PALM BEACH,66500,6,45,1,PPFYA,Change Left-Turn Phasing from Protected-Permissive to Protected-Only,,PPFYA-06323,Potential Location,0.906000018,1,13357.2024403125,0.00298250302142947,0.00125824346216556,0.00499103239992338,0.00902906188128062,0.0293613441976818,5554.23854939433,,4478521.00881044,0.449379322431943,3.37270099851534,45049.8500078135,13357.2024403125,31692.647567501,CIS,4,93,93190000 = 13.32,W INDIANTOWN RD,31500,93190000,93A04222,Y,-80.13781,26.93443993,10,0.133855713096366,On-System / Off-System,On Corridor,"439758-1, 454564-1, 449935-1",5,132,0.02,100,0,0.5,Verified Match,"439758-1, 454564-1, 449935-1",5
82891,170990,77120000,4.682,4.688,ORLANDO,URBAN PRIN ART OTHER,DIVIDED,,SR  434,5,SEMINOLE,57500,6,45,1,PPFYA,Change Left-Turn Phasing from Protected-Permissive to Protected-Only,,PPFYA-03464,Potential Location,0.906000018,1,13357.2024403125,0.00297584019687545,0.00125543258305683,0.00497988257945876,0.00900889122100966,0.0292957518131465,7454.60009380746,,4488548.29447401,0.448375422163593,4.52665778690017,60463.4844376425,13357.2024403125,47106.28199733,CIS,5,77,77120000 = 4.686,SR-434,31500,77120000,77A12456,Y,-81.39528986,28.68702967,10,0.133556683346687,On-System / Off-System,Off Corridor,,0,0,0,0,,,Unmatched,,0
113920,270827,93210000,2.463,2.577,MIAMI,URBAN PRIN ART OTHER,DIVIDED,US  441,SR    7,4,PALM BEACH,60000,6,45,1,PPFYA,Change Left-Turn Phasing from Protected-Permissive to Protected-Only,,PPFYA-05817,Potential Location,0.906000018,1,13357.2024403125,0.00296552724899374,0.00125108180816923,0.00496262450573796,0.00897767038269589,0.0291942256754454,7428.76574210835,,4504157.71591539,0.446821550969478,4.51097039014962,60253.9447034839,13357.2024403125,46896.7422631714,CIC,4,93,93210000 = 2.574,SR-7,30250,93210000,93A10473,Y,-80.20358497,26.36543811,10,0.133093834865759,On-System / Off-System,On Corridor,457181-1,2,604,0.11,100,0,0.7,Verified Match,457181-1,2
30352,55699,14090000,10.159,10.361,TAMPA-ST PETERSBURG,URBAN PRIN ART OTHER,DIVIDED,,SR   54,7,PASCO,59000,6,45,1,PPFYA,Change Left-Turn Phasing from Protected-Permissive to Protected-Only,,PPFYA-03382,Potential Location,0.906000018,1,13357.2024403125,0.002959914846698,0.00124871407595072,0.00495323250127118,0.00896067971168339,0.0291389742056574,7414.70644728324,,4512698.21333321,0.445975919792325,4.5024331627199,60139.9112284261,13357.2024403125,46782.7087881136,CIS,7,14,14090000 = 10.359,SADDLEBROOK WAY|SR-54,28000,14090000,14A06021,Y,-82.33303478,28.24039389,10,0.132841948411301,On-System / Off-System,On Corridor,449400-1,2,1065,0.2,100,0,0.3,Verified Match,449400-1,2
71652,144890,72160000,0.167567223981839,1.653,JACKSONVILLE,URBAN MINOR ART,DIVIDED,,SR   13,2,DUVAL,45000,6,45,1,PPFYA,Change Left-Turn Phasing from Protected-Permissive to Protected-Only,,PPFYA-00952,Potential Location,0.906000018,1,13357.2024403125,0.00293432539974512,0.00123791852801747,0.00491041016113598,0.00888321165938465,0.0288870580954596,7350.60384733325,,4552052.21666033,0.442120309839722,4.46350813259451,59619.9817210461,13357.2024403125,46262.7792807336,CIC,2,72,72160000 = .43|72A00686 = .271,SAN JOSE BLVD|WESTBERRY RD,20250,72160000,72A00686,Y,-81.63263015,30.14003,10,0.131693485645292,On-System / Off-System,On Corridor,209697-6,1,7867,1.49,100,0,0.9,Verified Match,209697-6,1
10110,26016,10150000,8.65,8.67,TAMPA-ST PETERSBURG,URBAN PRIN ART OTHER,DIVIDED,,SR  580,7,HILLSBOROUGH,65000,6,45,1,PPFYA,Change Left-Turn Phasing from Protected-Permissive to Protected-Only,,PPFYA-02504,Potential Location,0.906000018,1,13357.2024403125,0.00293021938827557,0.00123618630442876,0.00490353900756741,0.00887078135122489,0.0288466363372348,7340.31812247538,,4558430.84437892,0.441501649392834,4.457262330548,59536.5552787087,13357.2024403125,46179.3528383962,CIC,7,10,10150000 = 8.659|10A11456 = .013,N HESPERIDES ST|W HILLSBOROUGH AVE,33250,10150000,10A11456,Y,-82.5190743,27.99616316,10,0.131509206504822,On-System / Off-System,On Corridor,"445362-2, 422929-5, 422929-6",5,105,0.02,100,0,0.5,Verified Match,"445362-2, 422929-5, 422929-6",5
67827,157079,75010000,6.815,7.062,ORLANDO,URBAN PRIN ART OTHER,DIVIDED,US   17,SR  500,5,ORANGE,54000,6,45,1,PPFYA,Change Left-Turn Phasing from Protected-Permissive to Protected-Only,,PPFYA-00604,Potential Location,0.906000018,1,13357.2024403125,0.00292673490055553,0.00123471628617186,0.0048977079351484,0.00886023260910366,0.0288123331889846,7331.58933975647,,4563857.98309821,0.44097663509464,4.45196195067954,59465.7570317951,13357.2024403125,46108.5545914826,CIC,5,75,75010000 = 6.879|75A01513 = .028,AUGUST LN|S ORANGE BLOSSOM TRL,31500,75010000,75A01513,Y,-81.40155543,28.44758514,10,0.13135282155393,On-System / Off-System,Off Corridor,,0,0,0,0,,,Unmatched,,0
19267,51532,14090000,0.094,0.132,TAMPA-ST PETERSBURG,URBAN PRIN ART OTHER,DIVIDED,,SR   54,7,PASCO,63000,6,45,1,PPFYA,Change Left-Turn Phasing from Protected-Permissive to Protected-Only,,PPFYA-04544,Potential Location,0.906000018,1,13357.2024403125,0.00292261312654981,0.0012329774127632,0.00489081040396069,0.00884775458232852,0.0287717562559798,7321.26412910774,,4570294.41186453,0.440355599676872,4.44569217167109,59382.0103243233,13357.2024403125,46024.8078840108,CIS,7,14,14090000 = .12,SR-54,30750,14090000,14A11770,Y,-82.46383,28.19121,10,0.131167834985671,On-System / Off-System,On Corridor,"441658-1, 441320-1, 419182-2",5,200,0.04,100,0,0.3,Verified Match,"441658-1, 441320-1, 419182-2",5
11799,24544,10110000,10.026,10.191,TAMPA-ST PETERSBURG,URBAN PRIN ART OTHER,DIVIDED,,SR   60,7,HILLSBOROUGH,65000,8,45,1,PPFYA,Change Left-Turn Phasing from Protected-Permissive to Protected-Only,,PPFYA-04555,Potential Location,0.906000018,1,13357.2024403125,0.00291546726655939,0.00122996275307974,0.00487885225388297,0.00882612160774814,0.028701408613996,7303.3634607147,,4581496.28140935,0.439278919553628,4.43482234646889,59236.8198686066,13357.2024403125,45879.6174282941,CIC,7,10,10110000 = 10.054|10A15608 = .013,E BRANDON BLVD|RIDGEWOOD AVE,30000,10110000,10A15608,Y,-82.27526486,27.9378,10,0.130847126447295,On-System / Off-System,On Corridor,"447012-1, 445362-2, 451455-1, 456058-1, 438702-1",9,871,0.16,100,0,0.9,Verified Match,"447012-1, 445362-2, 451455-1, 456058-1, 438702-1",9
98247,208134,86100000,7.102,7.156,MIAMI,URBAN PRIN ART OTHER,DIVIDED,US  441,SR    7,4,BROWARD,53500,6,45,1,PPFYA,Change Left-Turn Phasing from Protected-Permissive to Protected-Only,,PPFYA-05937,Potential Location,0.906000018,1,13357.2024403125,0.00291418175715711,0.00122942042880066,0.0048767010342426,0.00882222992889359,0.0286887533765131,7300.14320765109,,4583517.27976739,0.439085229441656,4.43286691178121,59210.7007316245,13357.2024403125,45853.498291312,CIC,4,86,86100000 = 7.104|86A18662 = .64,OAKES RD|SR-7,24750,86100000,86A18662,Y,-80.2057919,26.07525397,10,0.130789432364004,On-System / Off-System,On Corridor,"429576-3, 445673-1",4,286,0.05,100,0,0.6,Verified Match,"429576-3, 445673-1",4
98029,207923,86100000,10.998,11.165,MIAMI,URBAN PRIN ART OTHER,DIVIDED,US  441,SR    7,4,BROWARD,44500,6,40,1,PPFYA,Change Left-Turn Phasing from Protected-Permissive to Protected-Only,,PPFYA-06321,Potential Location,0.906000018,1,13357.2024403125,0.00291335030285753,0.00122906965901802,0.00487530964743814,0.00881971283091634,0.0286805680986779,5425.45722292862,,4584825.39062029,0.438959952663361,3.29450109685494,44005.3180905229,13357.2024403125,30648.1156502104,CIS,4,86,86100000 = 11.041|86A01975 = .008,NW 40TH AVE|NW 8TH ST,21250,86100000,86A01975,Y,-80.20232941,26.13207,10,0.130752116422535,On-System / Off-System,On Corridor,448410-1,1,885,0.17,100,0,0.5,Verified Match,448410-1,1
94661,218321,87001000,5.051,5.209,MIAMI,URBAN PRIN ART OTHER,DIVIDED,,SR   94,6,MIAMI-DADE,90500,8,45,1,PPFYA,Change Left-Turn Phasing from Protected-Permissive to Protected-Only,,PPFYA-05741,Potential Location,0.906000018,1,13357.2024403125,0.00291015386149149,0.00122772116031672,0.00486996060258967,0.00881003610412463,0.0286491006317612,5419.50457251098,,4589861.24997074,0.438478338849413,3.29088646816572,43957.0367633746,13357.2024403125,30599.8343230621,CIS,6,87,87001000 = 5.055,SW 88TH ST,42250,87001000,87A30387,Y,-80.39906,25.68591038,10,0.130608659086416,On-System / Off-System,On Corridor,437784-1,1,834,0.16,100,0,0.1,Verified Match,437784-1,1
111914,228624,87220000,0.697,0.737,MIAMI,URBAN PRIN ART OTHER,DIVIDED,,SR  948,6,MIAMI-DADE,70500,6,40,1,PPFYA,Change Left-Turn Phasing from Protected-Permissive to Protected-Only,,PPFYA-04887,Potential Location,0.906000018,1,13357.2024403125,0.00290411285030643,0.00122517260872303,0.00485985134793467,0.00879174788666987,0.0285896297083683,5408.25455299372,,4599408.88278604,0.437568128367265,3.28405511734747,43865.7890275544,13357.2024403125,30508.5865872419,CIS,6,87,87220000 = .71,NW 36TH ST,34750,87220000,87A07863,Y,-80.31208,25.80937,10,0.130337536524531,On-System / Off-System,Off Corridor,,0,0,0,0,0.2,279,No Match - Angle Mismatch,,0
94097,201956,86020000,3.151,3.175,MIAMI,URBAN PRIN ART OTHER,DIVIDED,US    1,SR    5,4,BROWARD,53000,6,45,1,PPFYA,Change Left-Turn Phasing from Protected-Permissive to Protected-Only,,PPFYA-04503,Potential Location,0.906000018,1,13357.2024403125,0.00289615197900818,0.00122181411614407,0.00484652932737149,0.00876764759270053,0.0285112586620953,5393.42922744204,,4612051.6247517,0.436368648962123,3.27505273297979,43745.5423571097,13357.2024403125,30388.3399167972,CIS,4,86,86020000 = 3.165,N FEDERAL HWY,27000,86020000,86A17785,Y,-80.11834339,26.15426957,10,0.129980250011545,On-System / Off-System,Off Corridor,,0,0,0,0,,,Unmatched,,0
106263,230497,87220000,2.94,3.02,MIAMI,URBAN PRIN ART OTHER,DIVIDED,,SR  948,6,MIAMI-DADE,45500,6,40,1,PPFYA,Change Left-Turn Phasing from Protected-Permissive to Protected-Only,,PPFYA-03154,Potential Location,0.906000018,1,13357.2024403125,0.00288957028834795,0.00121903746539679,0.00483551527940728,0.00874772255261587,0.0284464650027129,5381.17231446575,,4622556.68054684,0.435376973289677,3.26760996611512,43646.1278133823,13357.2024403125,30288.9253730698,CIC,6,87,87220000 = 2.943|87A15178 = 0,LA VILLA DR|NW 36TH ST,26000,87220000,87A15178,Y,-80.27661119,25.80810495,10,0.129684861577611,On-System / Off-System,Off Corridor,,0,0,0,0,,,Unmatched,,0
94834,205980,86110000,7.985,7.986,MIAMI,URBAN PRIN ART OTHER,DIVIDED,,SR  838,4,BROWARD,45500,6,40,1,PPFYA,Change Left-Turn Phasing from Protected-Permissive to Protected-Only,,PPFYA-06005,Potential Location,0.906000018,1,13357.2024403125,0.00287559966658316,0.00121314360933977,0.00481213631704775,0.0087054286781326,0.0283089307801675,5355.15518542765,,4645014.60183565,0.433271993513459,3.25181158145718,43435.1055912763,13357.2024403125,30077.9031509638,CIS,4,86,86110000 = 7.985|86A15723 = 0,E SUNRISE BLVD|NE 5TH TER|SR-838,20500,86110000,86A15723,Y,-80.1387796,26.13705043,10,0.129057855494033,On-System / Off-System,On Corridor,447678-1,2,5,0,100,0,0.4,Verified Parallel Fallback,447678-1,2
94568,218278,87001000,5.969,6.126,MIAMI,URBAN PRIN ART OTHER,DIVIDED,,SR   94,6,MIAMI-DADE,54000,6,45,1,PPFYA,Change Left-Turn Phasing from Protected-Permissive to Protected-Only,,PPFYA-04871,Potential Location,0.906000018,1,13357.2024403125,0.00287145616578736,0.00121139556994154,0.00480520242743478,0.00869288487689533,0.0282681399570988,5347.43885062963,,4651717.34099933,0.432647684479492,3.24712599047172,43372.519203931,13357.2024403125,30015.3167636185,CIS,6,87,87001000 = 6.125|87A20866 = .011,SW 117TH RD|SW 88TH ST,20750,87001000,87A20866,Y,-80.3819,25.68650136,10,0.128871893820314,On-System / Off-System,On Corridor,437784-1,1,828,0.16,100,0,0.1,Verified Match,437784-1,1
95169,206236,86220000,9.654,9.678,MIAMI,URBAN PRIN ART OTHER,DIVIDED,,SR  817,4,BROWARD,48500,6,45,1,PPFYA,Change Left-Turn Phasing from Protected-Permissive to Protected-Only,,PPFYA-05654,Potential Location,0.906000018,1,13357.2024403125,0.00286650896680664,0.00120930847037155,0.00479692359914048,0.00867790800498103,0.0282194371021331,5338.22580940458,,4659745.56332638,0.431902280733069,3.24153155424743,43297.7931867437,13357.2024403125,29940.5907464312,CIC,4,86,86220000 = 9.659,S UNIVERSITY DR,26750,86220000,86A05015,Y,-80.25030605,26.11121802,10,0.128649861908649,On-System / Off-System,On Corridor,"446998-1, 449243-3",2,127,0.02,100,0,0.5,Verified Match,"446998-1, 449243-3",2
105761,231419,87140000,14.472,14.54,MIAMI,URBAN PRIN ART OTHER,DIVIDED,US  441,SR    7,6,MIAMI-DADE,61500,6,45,1,PPFYA,Change Left-Turn Phasing from Protected-Permissive to Protected-Only,,PPFYA-05062,Potential Location,0.906000018,1,13357.2024403125,0.00286437086359894,0.0012084064580808,0.00479334561705385,0.00867143523159834,0.0281983884782892,7175.36490397024,,4663223.81995251,0.431580128713821,4.35709776616838,58198.6369149445,13357.2024403125,44841.434474632,CIC,6,87,87140000 = 14.53,NW 2ND AVE,30000,87140000,87A12413,Y,-80.20605916,25.97055,10,0.128553903135939,On-System / Off-System,Off Corridor,,0,0,0,0,,,Unmatched,,0
10063,21599,10110000,8.657,8.743,TAMPA-ST PETERSBURG,URBAN PRIN ART OTHER,DIVIDED,,SR   60,7,HILLSBOROUGH,61000,8,45,1,PPFYA,Change Left-Turn Phasing from Protected-Permissive to Protected-Only,,PPFYA-03405,Potential Location,0.906000018,1,13357.2024403125,0.00285377267079068,0.00120393534548982,0.00477561020377629,0.00863935085883899,0.0280940542379949,7148.81600218932,,4680541.85851169,0.42998327913179,4.34097647307848,57983.301539543,13357.2024403125,44626.0990992305,CIS,7,10,10110000 = 8.692,W BRANDON BLVD,36000,10110000,10A17487,Y,-82.297825,27.93771998,10,0.128078252769221,On-System / Off-System,On Corridor,"447012-1, 445362-2, 451454-1, 456058-1, 438702-1",10,454,0.09,100,0,0.8,Verified Match,"447012-1, 445362-2, 451454-1, 456058-1, 438702-1",10
8804,23888,10130000,9.838,9.855,TAMPA-ST PETERSBURG,URBAN PRIN ART OTHER,DIVIDED,US   92,SR  600,7,HILLSBOROUGH,59500,6,40,1,PPFYA,Change Left-Turn Phasing from Protected-Permissive to Protected-Only,,PPFYA-02540,Potential Location,0.906000018,1,13357.2024403125,0.00284356519656786,0.00119962906730207,0.00475852863363152,0.00860844932554723,0.0279935664390247,7123.24586627311,,4697343.48149796,0.428445299851623,4.32544951611222,57775.9048320627,13357.2024403125,44418.7023917502,CIS,7,10,10130000 = 9.845,N DALE MABRY HWY,27000,10130000,10A32487,Y,-82.505525,27.96403,10,0.127620137980672,On-System / Off-System,On Corridor,"445362-2, 451989-1, 458148-1",4,90,0.02,100,0,1,Verified Match,"445362-2, 451989-1, 458148-1",4
98144,208056,86120000,4.465,4.482,MIAMI,URBAN PRIN ART OTHER,DIVIDED,,SR  810,4,BROWARD,43000,6,40,1,PPFYA,Change Left-Turn Phasing from Protected-Permissive to Protected-Only,,PPFYA-05252,Potential Location,0.906000018,1,13357.2024403125,0.00284217806834063,0.0011990438725812,0.00475620736123877,0.00860425001157807,0.0279799108118439,7119.77105394155,,4699636.0253075,0.42823629864076,4.32333950536708,57747.7209913886,13357.2024403125,44390.5185510761,CIC,4,86,86120000 = 4.468,AMADEO TRINCHITELLA BLVD|W HILLSBORO BLVD,21500,86120000,86A05785,Y,-80.13053733,26.31794664,10,0.127557883211212,On-System / Off-System,On Corridor,"447000-1, 449823-1, 439891-5",3,90,0.02,100,0,0.5,Verified Match,"447000-1, 449823-1, 439891-5",3
92249,221626,87020000,12.786,13.127,MIAMI,URBAN PRIN ART OTHER,DIVIDED,US    1,SR    5,6,MIAMI-DADE,51500,6,45,1,PPFYA,Change Left-Turn Phasing from Protected-Permissive to Protected-Only,,PPFYA-04607,Potential Location,0.906000018,1,13357.2024403125,0.00284196959520229,0.00119895592297597,0.00475585849447133,0.00860361889172568,0.0279778584915188,7119.24882029532,,4699980.76786664,0.42820488760212,4.323022389362,57743.4852087116,13357.2024403125,44386.2827683991,CIS,6,87,87020000 = 13.077,S DIXIE HWY,24500,87020000,87A30610,Y,-80.36126565,25.58729534,10,0.127548526868438,On-System / Off-System,Off Corridor,,0,0,0,0,,,Unmatched,,0
103056,203753,86100000,14.49,14.505,MIAMI,URBAN PRIN ART OTHER,DIVIDED,US  441,SR    7,4,BROWARD,55500,6,45,1,PPFYA,Change Left-Turn Phasing from Protected-Permissive to Protected-Only,,PPFYA-04602,Potential Location,0.906000018,1,13357.2024403125,0.00284154094359525,0.00119877508557924,0.00475514117279767,0.00860232121596217,0.0279736386173779,5291.72850293868,,4700689.76849313,0.428140301860765,3.21329698877978,42920.6583799781,13357.2024403125,29563.4559396656,CIC,4,86,86100000 = 14.49,SR-7,24500,86100000,86A07383,Y,-80.20357222,26.18219375,10,0.127529288843826,On-System / Off-System,Off Corridor,,0,0,0,0,,,Unmatched,,0
119278,264963,93004000,2.291,2.30079999999725,MIAMI,URBAN PRIN ART OTHER,DIVIDED,,SR  808,4,PALM BEACH,49500,6,45,1,PPFYA,Change Left-Turn Phasing from Protected-Permissive to Protected-Only,,PPFYA-03325,Potential Location,0.906000018,1,13357.2024403125,0.0028395324574825,0.00119792775550043,0.00475178009681837,0.00859624083808178,0.0279538660130757,7113.14369170218,,4704014.70675735,0.427837679492246,4.31931517133039,57693.967146973,13357.2024403125,44336.7647066605,CIS,4,93,93004000 = 2.3,GLADES RD,22000,93004000,93A05483,Y,-80.16646963,26.36843833,10,0.127439147328818,On-System / Off-System,Off Corridor,,0,0,0,0,,,Unmatched,,0
93828,204735,86220000,6.637,6.673,MIAMI,URBAN PRIN ART OTHER,DIVIDED,,SR  817,4,BROWARD,46500,6,45,1,PPFYA,Change Left-Turn Phasing from Protected-Permissive to Protected-Only,,PPFYA-05038,Potential Location,0.906000018,1,13357.2024403125,0.00283554862767214,0.00119624707729919,0.0047451134066201,0.00858418041580434,0.027914647076013,5280.5691673534,,4710623.65496378,0.427237428385039,3.20652070397736,42830.146172079,13357.2024403125,29472.9437317665,CIS,4,86,86220000 = 6.649,S UNIVERSITY DR,21000,86220000,86A37615,Y,-80.25223921,26.06736172,10,0.127260351741257,On-System / Off-System,On Corridor,"446998-1, 455315-1",2,191,0.04,100,0.1,0.5,Verified Match,"446998-1, 455315-1",2
107679,203680,86220000,10.7830075112374,10.802,MIAMI,URBAN PRIN ART OTHER,DIVIDED,,SR  817,4,BROWARD,48500,6,45,1,PPFYA,Change Left-Turn Phasing from Protected-Permissive to Protected-Only,,PPFYA-06571,Potential Location,0.906000018,1,13357.2024403125,0.00283083165013764,0.00119425710240182,0.00473721983952722,0.00856990050334639,0.0278682106432691,5271.7848615973,,4718472.90518425,0.426526712535583,3.20118660884778,42758.8975835972,13357.2024403125,29401.6951432847,CIS,4,86,86220000 = 10.794,N UNIVERSITY DR,26750,86220000,86A21052,Y,-80.25629955,26.12633015,10,0.127048652243552,On-System / Off-System,On Corridor,"446998-1, 449243-3",2,100,0.02,100,0.1,0.4,Verified Match,"446998-1, 449243-3",2
93984,225670,87047000,9.09,9.11,MIAMI,URBAN PRIN ART OTHER,DIVIDED,,SR  973,6,MIAMI-DADE,48000,6,40,1,PPFYA,Change Left-Turn Phasing from Protected-Permissive to Protected-Only,,PPFYA-05155,Potential Location,0.906000018,1,13357.2024403125,0.00282588655360482,0.00119217088980203,0.00472894452954807,0.00855492999626459,0.0278195284859175,7078.96015038386,,4726729.89058017,0.425781625568926,4.29855789507878,57416.7080059708,13357.2024403125,44059.5055656583,CIC,6,87,87047000 = 9.097|87A16354 = .01,NW 87TH AVE|NW 8TH ST,26000,87047000,87A16354,Y,-80.33663337,25.77752,10,0.126826714690438,On-System / Off-System,Off Corridor,,0,0,0,0,,,Unmatched,,0
40601,83338,17120000,2.786,3.007,215,URBAN PRIN ART OTHER,DIVIDED,US  301,SR  683,1,SARASOTA,50000,6,45,1,PPFYA,Change Left-Turn Phasing from Protected-Permissive to Protected-Only,,PPFYA-00412,Potential Location,0.906000018,1,13357.2024403125,0.00282256003974135,0.00119076751676588,0.00472337781650467,0.00854485949531074,0.027786780516235,7070.6270985672,,4732300.55419352,0.425280413487904,4.29349781493768,57349.119491162,13357.2024403125,43991.9170508495,CIC,1,17,17120000 = 3.001|17A03543 = .689,N WASHINGTON BLVD|NORTHGATE BLVD,21500,17120000,17A03543,Y,-82.53090277,27.3721,10,0.126677419658004,On-System / Off-System,On Corridor,456052-1,1,1161,0.22,100,0,1.1,Verified Match,456052-1,1
94811,202716,86020000,3.77424443164263,3.833,MIAMI,URBAN PRIN ART OTHER,DIVIDED,US    1,SR    5,4,BROWARD,53000,6,45,1,PPFYA,Change Left-Turn Phasing from Protected-Permissive to Protected-Only,,PPFYA-05190,Potential Location,0.906000018,1,13357.2024403125,0.0028206765493948,0.00118997291927593,0.00472022591312785,0.0085391575225819,0.0277682384366592,5252.87327907294,,4735460.52034162,0.424996624465844,3.1897029261258,42605.5077087195,13357.2024403125,29248.305268407,CIS,4,86,86020000 = 3.802,N FEDERAL HWY,27000,86020000,86A17830,Y,-80.11580154,26.1632351,10,0.12659288799395,On-System / Off-System,On Corridor,"457344-1, 457345-1",2,311,0.06,100,2,0.6,Verified Match,"457344-1, 457345-1",2
75694,157977,75050000,12.398,12.691,ORLANDO,URBAN PRIN ART OTHER,DIVIDED,,SR   50,5,ORANGE,39000,6,45,1,PPFYA,Change Left-Turn Phasing from Protected-Permissive to Protected-Only,,PPFYA-01231,Potential Location,0.906000018,1,13357.2024403125,0.00282037798542525,0.00118984696260128,0.00471972628498506,0.00853825366681471,0.0277652992143309,7065.1609642208,,4735961.81410363,0.424951639272745,4.29017861346584,57304.7842451624,13357.2024403125,43947.5818048499,CIS,5,75,75050000 = 12.586,W COLONIAL DR,19500,75050000,75A29693,Y,-81.45141,28.55247,10,0.126579488345144,On-System / Off-System,Off Corridor,,0,0,0,0,,,Unmatched,,0
99210,202601,86028000,6.348,6.356,MIAMI,URBAN PRIN ART OTHER,DIVIDED,,SR  834,4,BROWARD,42295,6,45,1,PPFYA,Change Left-Turn Phasing from Protected-Permissive to Protected-Only,,PPFYA-04823,Potential Location,0.906000018,1,13357.2024403125,0.00281375097286408,0.00118705119167704,0.00470863639365224,0.0085181914217565,0.0277000593820784,7048.5600296303,,4747116.06291027,0.423953134864505,4.28009802579,57170.1357948589,13357.2024403125,43812.9333545464,CIS,4,86,86028000 = 6.35,W SAMPLE RD,21107,86028000,86A06473,Y,-80.1480699,26.27454962,10,0.126282065849442,On-System / Off-System,On Corridor,"439891-5, 451406-1",2,42,0.01,100,0,0.4,Verified Parallel Fallback,"439891-5, 451406-1",2
104178,227022,87030000,20.535,20.711,MIAMI,URBAN PRIN ART OTHER,DIVIDED,US    1,SR    5,6,MIAMI-DADE,48500,6,40,1,PPFYA,Change Left-Turn Phasing from Protected-Permissive to Protected-Only,,PPFYA-06022,Potential Location,0.906000018,1,13357.2024403125,0.00280688968739039,0.00118415658686782,0.00469715446124235,0.00849741995206074,0.0276325132428174,5227.19836110308,,4758720.12367216,0.422919332117274,3.17411234233945,42397.2611249225,13357.2024403125,29040.05868461,CIC,6,87,87030000 = 20.653|87A04570 = .011,BISCAYNE BLVD|SOLE MIA WAY,21750,87030000,87A04570,Y,-80.15813234,25.90779963,10,0.125974129108644,On-System / Off-System,On Corridor,451123-1,5,933,0.18,100,0,0.4,Verified Match,451123-1,5
92010,221277,87002000,4.167,4.254,MIAMI,URBAN PRIN ART OTHER,DIVIDED,,SR  823,6,MIAMI-DADE,41000,6,45,1,PPFYA,Change Left-Turn Phasing from Protected-Permissive to Protected-Only,,PPFYA-05004,Potential Location,0.906000018,1,13357.2024403125,0.00279363127876154,0.00117856319572753,0.00467496734305252,0.00845728219156326,0.0275019904247455,5202.5075682419,,4781304.72759954,0.420921662829649,3.15911934897114,42196.9966773158,13357.2024403125,28839.7942370033,CIS,6,87,87002000 = 4.22|87A12188 = .009,W 4TH AVE|W 75TH PL,17750,87002000,87A12188,Y,-80.29158474,25.89104,10,0.12537908738403,On-System / Off-System,Off Corridor,,0,0,0,0,,,Unmatched,,0
119373,272011,93280000,4.29,4.713,MIAMI,URBAN PRIN ART OTHER,DIVIDED,,SR  704,4,PALM BEACH,67000,8,45,1,PPFYA,Change Left-Turn Phasing from Protected-Permissive to Protected-Only,,PPFYA-05270,Potential Location,0.906000018,1,13357.2024403125,0.00279303850064529,0.00117831311745973,0.0046739753659236,0.00845548764843789,0.0274961548020557,6996.67444870854,,4782319.48368292,0.420832347839415,4.24859153772199,56749.2972555512,13357.2024403125,43392.0948152388,SI,4,93,93280000 = 4.558,OKEECHOBEE BLVD,33250,93280000,93A36127,Y,-80.12709073,26.70711466,10,0.125352483307894,On-System / Off-System,On Corridor,"445628-1, 233752-1, 451380-1",5,2230,0.42,100,0,0.4,Verified Match,"445628-1, 233752-1, 451380-1",5
108875,249166,92030000,7.2303174371895,7.385,KISSIMMEE,URBAN PRIN ART OTHER,DIVIDED,US  192,SR  500,5,OSCEOLA,42000,6,45,1,PPFYA,Change Left-Turn Phasing from Protected-Permissive to Protected-Only,,PPFYA-06098,Potential Location,0.906000018,1,13357.2024403125,0.00278091638921995,0.00117319910170216,0.00465368977008525,0.00841878985017757,0.0273768182973129,5178.82895697619,,4803165.78092419,0.419005886581999,3.14474098276503,42004.9419291398,13357.2024403125,28647.7394888273,CIS,5,92,92030000 = 7.381,13TH ST,20750,92030000,92A01972,Y,-81.3073096,28.2476308,10,0.124808438974187,On-System / Off-System,Off Corridor,,0,0,0,0,,,Unmatched,,0
98177,206474,86100000,2.313,2.323,MIAMI,URBAN PRIN ART OTHER,DIVIDED,US  441,SR    7,4,BROWARD,55500,6,40,1,PPFYA,Change Left-Turn Phasing from Protected-Permissive to Protected-Only,,PPFYA-04958,Potential Location,0.906000018,1,13357.2024403125,0.00278011249996284,0.00117285996092182,0.00465234451165657,0.00841635620105938,0.0273689043843998,5177.33189472037,,4804554.65039312,0.418884763080339,3.14383192145624,41992.7994132076,13357.2024403125,28635.5969728951,CIC,4,86,86100000 = 2.323,S 60TH AVE,16500,86100000,86A05017,Y,-80.20735979,26.00645469,10,0.124772360160859,On-System / Off-System,Off Corridor,,0,0,0,0,,,Unmatched,,0
43498,85713,17020000,1.601,1.77508685762502,215,URBAN PRIN ART OTHER,DIVIDED,US   41,SR   45,1,SARASOTA,50000,6,45,1,PPFYA,Change Left-Turn Phasing from Protected-Permissive to Protected-Only,,PPFYA-00016,Potential Location,0.906000018,1,13357.2024403125,0.00277892358239113,0.00117235838632126,0.00465035493240766,0.0084127569388794,0.0273572000482114,6961.3160074011,,4806610.20150085,0.418705626640589,4.22712082679681,56462.5086231862,13357.2024403125,43105.3061828737,CIS,1,17,17020000 = 1.704|17A00115 = .367,PAVONIA RD|TAMIAMI TRL S,21500,17020000,17A00115,Y,-82.45346327,27.12217584,10,0.124719001150581,On-System / Off-System,On Corridor,456052-1,1,923,0.17,100,0,1,Verified Match,456052-1,1
106798,230724,87220000,2.419,2.513,MIAMI,URBAN PRIN ART OTHER,DIVIDED,,SR  948,6,MIAMI-DADE,45500,6,40,1,PPFYA,Change Left-Turn Phasing from Protected-Permissive to Protected-Only,,PPFYA-05672,Potential Location,0.906000018,1,13357.2024403125,0.00277374998760473,0.00117017577602074,0.00464169724488228,0.00839709468903775,0.0273062684326618,5165.4831518502,,4815575.48445349,0.417926111413631,3.13663700777833,41896.6954946713,13357.2024403125,28539.4930543588,CIS,6,87,87220000 = 2.499,NW 36TH ST,26000,87220000,87A44364,Y,-80.2838,25.80778483,10,0.124486808520957,On-System / Off-System,Off Corridor,,0,0,0,0,,,Unmatched,,0
67133,138153,72070000,5.217,5.312,JACKSONVILLE,URBAN PRIN ART OTHER,DIVIDED,US    1,SR    5,2,DUVAL,30500,6,45,1,PPFYA,Change Left-Turn Phasing from Protected-Permissive to Protected-Only,,PPFYA-02700,Potential Location,0.906000018,1,13357.2024403125,0.00276885489036027,0.00116811065687074,0.00463350560558726,0.0083822755469891,0.027258078494867,6936.0935264908,,4824089.00763107,0.417188557933501,4.21180497642512,56257.931709226,13357.2024403125,42900.7292689135,CIC,2,72,72070000 = 5.225|72A03117 = .012,BUSINESS PARK BLVD|PHILIPS HWY,12500,72070000,72A03117,Y,-81.53547004,30.16208622,10,0.124267114952292,On-System / Off-System,Off Corridor,,0,0,0,0,,,Unmatched,,0
22067,62318,15070000,1.858,2.234,TAMPA-ST PETERSBURG,URBAN PRIN ART OTHER,DIVIDED,,SR  580,7,PINELLAS,47000,6,45,1,PPFYA,Change Left-Turn Phasing from Protected-Permissive to Protected-Only,,PPFYA-04220,Potential Location,0.906000018,1,13357.2024403125,0.00275974790111298,0.00116426864578204,0.00461826562826875,0.00835470556001,0.0271684244546286,6913.28014996325,,4840008.18876451,0.415816390788007,4.19795200682187,56072.8947898358,13357.2024403125,42715.6923495233,SI,7,15,15070000 = 2.233|15A07140 = 0,MAIN ST|OVERCASH DR,22000,15070000,15A07140,Y,-82.75608287,28.01944395,10,0.123858390290121,On-System / Off-System,On Corridor,451237-1,2,1982,0.38,100,0,0.7,Verified Match,451237-1,2
53888,111804,55020000,3.525,3.714,TALLAHASSEE,URBAN MINOR ART,DIVIDED,US   90,SR   10,3,LEON,35500,6,45,1,PPFYA,Change Left-Turn Phasing from Protected-Permissive to Protected-Only,,PPFYA-00739,Potential Location,0.906000018,1,13357.2024403125,0.00275068638912857,0.00116044582041361,0.00460310175430734,0.00832727324833844,0.0270792181167258,6890.58069581919,,4855952.49720348,0.414451075786981,4.18416821432239,55888.7818830251,13357.2024403125,42531.5794427126,CIS,3,55,55020000 = 3.549,MAHAN DR,19500,55020000,55A00760,Y,-84.22502528,30.46115559,10,0.123451706662413,On-System / Off-System,On Corridor,445251-2,1,996,0.19,100,0,1,Verified Match,445251-2,1
26137,68203,15200001,3.141,3.146,TAMPA-ST PETERSBURG,URBAN MINOR ART,DIVIDED,,SR  682,7,PINELLAS,39500,6,45,1,PPFYA,Change Left-Turn Phasing from Protected-Permissive to Protected-Only,,PPFYA-03529,Potential Location,0.906000018,1,13357.2024403125,0.00273650628224563,0.00115446358782238,0.00457937223169542,0.00828434519039204,0.0269396216113884,6855.05895435917,,4881115.21138235,0.412314532495228,4.16259834262427,55600.6687401416,13357.2024403125,42243.4662998291,CIS,7,15,15200001 = 3.143,54TH AVE S|AVENUE OF STATES,20750,15200001,15A23573,Y,-82.68842,27.71909,10,0.122815298818076,On-System / Off-System,On Corridor,455330-1,1,26,0,100,0,0.5,Verified Parallel Fallback,455330-1,1
10991,33203,11040000,4.955,5.112,LEESBURG-EUSTIS-TAVARES,URBAN PRIN ART OTHER,DIVIDED,US   27,SR   25,5,LAKE,42000,6,45,1,PPFYA,Change Left-Turn Phasing from Protected-Permissive to Protected-Only,,PPFYA-03595,Potential Location,0.906000018,1,13357.2024403125,0.00273292833315874,0.00115295414055134,0.00457338475752032,0.00827351350858602,0.0269043983797916,6846.09604713492,,4887505.5661903,0.411775436197652,4.1571557953019,55527.9715337657,13357.2024403125,42170.7690934532,SI,5,11,11040000 = 5.033,N 14TH ST,22000,11040000,11A09591,Y,-81.8893793,28.83410042,10,0.122654719290408,On-System / Off-System,Off Corridor,,0,0,0,0,,,Unmatched,,0
11436,32539,11010000,11.25,11.261,LEESBURG-EUSTIS-TAVARES,URBAN PRIN ART OTHER,DIVIDED,US  441,SR   44,5,LAKE,36967,6,45,1,PPFYA,Change Left-Turn Phasing from Protected-Permissive to Protected-Only,,PPFYA-01580,Potential Location,0.906000018,1,13357.2024403125,0.00272084476801769,0.00114785638650746,0.00455316366647961,0.00823693240317856,0.0267854413451492,6815.8262275631,,4909211.50567662,0.409954782781166,4.1387750488167,55282.4561819589,13357.2024403125,41925.2537416464,CIC,5,11,11010000 = 11.254,LAKES BLVD|US-441,17832,11010000,11A03322,Y,-81.78034104,28.82099288,10,0.122112404926574,On-System / Off-System,Off Corridor,,0,0,0,0,,,Unmatched,,0
67181,143331,72190000,9.513,9.802,JACKSONVILLE,URBAN PRIN ART OTHER,DIVIDED,US   90,SR  212,2,DUVAL,52500,6,45,1,PPFYA,Change Left-Turn Phasing from Protected-Permissive to Protected-Only,,PPFYA-00414,Potential Location,0.906000018,1,13357.2024403125,0.00272043752362796,0.00114768458028054,0.00455248216844616,0.00823569953442057,0.026781432215028,6814.80606388997,,4909946.4054221,0.409893422505381,4.13815557469645,55274.1817407282,13357.2024403125,41916.9793004157,CIS,2,72,72190000 = 9.541,BEACH BLVD,20500,72190000,72A30046,Y,-81.47994,30.28744,10,0.122094127664891,On-System / Off-System,On Corridor,432849-1,1,1519,0.29,100,0,0.9,Verified Match,432849-1,1
81265,158253,75050000,9.065,9.08,ORLANDO,URBAN PRIN ART OTHER,DIVIDED,,SR   50,5,ORANGE,33500,6,45,1,PPFYA,Change Left-Turn Phasing from Protected-Permissive to Protected-Only,,PPFYA-04573,Potential Location,0.906000018,1,13357.2024403125,0.00271516023403423,0.00114545822373319,0.00454365095414165,0.00821972336475206,0.0267294797727073,6801.58623994184,,4919489.56561807,0.409098283387376,4.13012809927681,55166.9571264635,13357.2024403125,41809.754686151,CIC,5,75,75050000 = 9.08,VIZCAYA LAKE RD|W COLONIAL DR,17500,75050000,75A30506,Y,-81.50911008,28.5518594,10,0.121857281178329,On-System / Off-System,Off Corridor,,0,0,0,0,,,Unmatched,,0
1855,2016,02030000,14.152,14.215,CRYSTAL RIVER,URBAN PRIN ART OTHER,DIVIDED,US   19,SR   55,7,CITRUS,27500,6,40,1,PPFYA,Change Left-Turn Phasing from Protected-Permissive to Protected-Only,,PPFYA-00903,Potential Location,0.906000018,1,13357.2024403125,0.0026205372123179,0.00110553913644661,0.00438530524123823,0.00793326695135301,0.0257979604784514,6564.55174215411,,5097123.74147051,0.394841255287211,3.9861936102804,53244.3950187955,13357.2024403125,39887.192578483,CIC,7,2,02030000 = 14.212|02A10044 = 1.151,N SUNCOAST BLVD|SE KINGS BAY DR,13250,2030000,02A10044,Y,-82.58471315,28.89214217,10,0.117610568951663,On-System / Off-System,On Corridor,"447927-1, 438702-1",7,334,0.06,100,0.1,0.6,Verified Match,"447927-1, 438702-1",7
54763,115110,55050000,1.492,1.682,TALLAHASSEE,URBAN PRIN ART OTHER,DIVIDED,,SR   61,3,LEON,29500,6,45,1,PPFYA,Change Left-Turn Phasing from Protected-Permissive to Protected-Only,,PPFYA-01943,Potential Location,0.906000018,1,13357.2024403125,0.00261795456989341,0.00110444958417378,0.00438098335055601,0.00792544840495077,0.025772535574396,6558.08211838868,,5102152.11292086,0.394452123710659,3.9822650597978,53191.9205747024,13357.2024403125,39834.7181343899,CIS,3,55,55050000 = 1.496,SR-61|THOMASVILLE RD,14500,55050000,55A01046,Y,-84.27116552,30.46363544,10,0.11749465911321,On-System / Off-System,On Corridor,452938-1,1,1003,0.19,100,0,0.9,Verified Match,452938-1,1
70056,159019,75060000,2.778,2.905,ORLANDO,URBAN PRIN ART OTHER,DIVIDED,,SR   50,5,ORANGE,34000,6,40,1,PPFYA,Change Left-Turn Phasing from Protected-Permissive to Protected-Only,,PPFYA-00825,Potential Location,0.906000018,1,13357.2024403125,0.00261087346424741,0.00110146224272938,0.00436913356282652,0.00790401146403024,0.0257028254085794,4862.1623979993,,5115989.96398041,0.393385200245902,2.95245150687022,39436.4924724713,13357.2024403125,26079.2900321588,CIC,5,75,75060000 = 2.782|75A08029 = 0,COY DR|E COLONIAL DR,21250,75060000,75A08029,Y,-81.34995521,28.55326057,10,0.117176856771034,On-System / Off-System,On Corridor,447717-1,1,669,0.13,100,0,0.7,Verified Match,447717-1,1
92943,220527,87002000,3.857,3.997,MIAMI,URBAN PRIN ART OTHER,DIVIDED,,SR  823,6,MIAMI-DADE,41000,6,45,1,PPFYA,Change Left-Turn Phasing from Protected-Permissive to Protected-Only,,PPFYA-03169,Potential Location,0.906000018,1,13357.2024403125,0.00256635648668616,0.00108268164282072,0.00429463718318886,0.00776924327024129,0.0252645766318221,4779.2595774165,,5204733.83553981,0.386677743767416,2.90211041631879,38764.0763349096,13357.2024403125,25406.8738945971,CIC,6,87,87002000 = 3.943|87A12375 = .008,W 4TH AVE|W 71ST ST,17750,87002000,87A12375,Y,-80.29137518,25.88701177,10,0.115178920227955,On-System / Off-System,Off Corridor,,0,0,0,0,,,Unmatched,,0
101474,225064,87061000,0.06,0.101,MIAMI,URBAN MINOR ART,DIVIDED,,SR  886,6,MIAMI-DADE,11200,6,40,1,PPFYA,Change Left-Turn Phasing from Protected-Permissive to Protected-Only,,PPFYA-05321,Potential Location,0.906000018,1,13357.2024403125,0.00225000383331241,0.000949220367178673,0.00376524078980874,0.00681153504225437,0.0221502330496638,4190.12418008521,,5936524.30389343,0.339012296322368,2.5443696521853,33985.6605272266,13357.2024403125,20628.4580869141,SI,6,87,87061000 = .088|87A36965 = .03,PORT BLVD,2300,87061000,87A36965,Y,-80.18760101,25.7800397,10,0.100980909462161,On-System / Off-System,On Corridor,443913-1,1,215,0.04,100,1.2,0.4,Verified Match,443913-1,1
98604,221095,87001000,4.716,4.764,MIAMI,URBAN PRIN ART OTHER,DIVIDED,,SR   94,6,MIAMI-DADE,68500,6,45,1,PPFYA,Change Left-Turn Phasing from Protected-Permissive to Protected-Only,,PPFYA-05615,Potential Location,0.906000018,1,13357.2024403125,0.00122103775367463,0.000457889157627985,0.00256417928271672,0.00401416161520534,0.0156292832470352,3788.62364014627,,10939221.4942699,0.227876170779527,2.30056642697018,30729.131492427,13357.2024403125,17371.9290521145,CIC,6,87,87001000 = 4.764|87A01879 = .012,SW 130TH AVE|SW 132ND AVE|SW 88TH ST,33000,87001000,87A01879,Y,-80.40371999,25.68585,10,0.0487116218413728,On-System / Off-System,On Corridor,437784-1,1,253,0.05,100,0,0.1,Verified Match,437784-1,1
109426,228533,87072000,5.859,5.957,MIAMI,URBAN MINOR ART,DIVIDED,,SR  985,6,MIAMI-DADE,45500,6,40,1,PPFYA,Change Left-Turn Phasing from Protected-Permissive to Protected-Only,,PPFYA-05965,Potential Location,0.906000018,1,13357.2024403125,0.00119473951809928,0.00044802731928723,0.00250895298800849,0.00392770616575139,0.0152926658316708,2755.84313165433,,11180012.2436417,0.222968262565278,1.67343098414376,22352.3564250996,13357.2024403125,8995.15398478712,CIC,6,87,87072000 = 5.923,SW 107TH AVE|SW 11TH ST,20250,87072000,87A29779,Y,-80.36830759,25.75828489,10,0.047662489902097,On-System / Off-System,Off Corridor,,0,0,0,0,,,Unmatched,,0
67634,143559,72190000,10.481,10.485,JACKSONVILLE,URBAN PRIN ART OTHER,DIVIDED,US   90,SR  212,2,DUVAL,52500,6,45,1,PPFYA,Change Left-Turn Phasing from Protected-Permissive to Protected-Only,,PPFYA-00227,Potential Location,0.906000018,1,13357.2024403125,0.00119259315661087,0.000447222433729076,0.00250444562888282,0.00392065000235823,0.0152651924046191,3700.36603095615,,11200133.3952571,0.222567697852503,2.24697374743455,30013.283222551,13357.2024403125,16656.0807822385,CIC,2,72,72190000 = 10.484|72A00506 = 0,BEACH BLVD|BROUGHAM AVE,20500,72190000,72A00506,Y,-81.46422015,30.28769986,10,0.0475768637624926,On-System / Off-System,Off Corridor,,0,0,0,0,,,Unmatched,,0
102788,236288,87240000,9.231,9.263,MIAMI,URBAN PRIN ART OTHER,DIVIDED,,SR    9,6,MIAMI-DADE,37000,6,45,1,PPFYA,Change Left-Turn Phasing from Protected-Permissive to Protected-Only,,PPFYA-04595,Potential Location,0.906000018,1,13357.2024403125,0.0011488809154659,0.000430830343299713,0.0024126499224784,0.00377694600959415,0.0147056757179635,2650.0634925113,,11626272.3668761,0.214409900848824,1.6091984000753,21494.3887964327,13357.2024403125,8137.18635612021,CIC,6,87,87240000 = 9.242|87A12904 = 0,NW 110TH ST|NW 27TH AVE|STADIUM DR,39250,87240000,87A12904,Y,-80.2427236,25.87448422,10,0.0458330240211869,On-System / Off-System,On Corridor,438076-1,4,169,0.03,100,0,0.3,Verified Match,438076-1,4
30,556,03010000,8.201,8.214,BONITA SPRINGS,URBAN PRIN ART OTHER,DIVIDED,US   41,SR   45,1,COLLIER,44000,6,45,1,PPFYA,Change Left-Turn Phasing from Protected-Permissive to Protected-Only,,PPFYA-02165,Potential Location,0.906000018,1,13357.2024403125,,,,,,,,,,,,13357.2024403125,,CIS,1,3,03010000 = 8.205|03A03719 = 0|03A05398 = .431,9TH ST N|OLD TRAIL DR|SHADY REST LN,21000,3010000,03A03719,Y,-81.8001748,26.19751501,10,,On-System / Off-System,On Corridor,"452524-1, 413627-1, 412666-1, 454326-1",6,69,0.01,100,0,1.2,Verified Parallel Fallback,"452524-1, 413627-1, 412666-1, 454326-1",6
4676,1042,03010000,15.178,15.197,BONITA SPRINGS,URBAN PRIN ART OTHER,DIVIDED,US   41,SR   90,1,COLLIER,43163,6,45,1,PPFYA,Change Left-Turn Phasing from Protected-Permissive to Protected-Only,,PPFYA-02513,Potential Location,0.906000018,1,13357.2024403125,,,,,,,,,,,,13357.2024403125,,CIS,1,3,03010000 = 15.196|03A00082 = .014|03A00605 = .113,AVALON DR|LAKEWOOD BLVD|TAMIAMI TRL E,22166,3010000,03A00082,Y,-81.75552949,26.11551531,10,,On-System / Off-System,On Corridor,452524-1,1,100,0.02,100,0,1,Verified Match,452524-1,1
23253,40750,12010000,16.239,16.313,CAPE CORAL,URBAN PRIN ART OTHER,DIVIDED,US   41,SR   45,1,LEE,54500,6,45,1,PPFYA,Change Left-Turn Phasing from Protected-Permissive to Protected-Only,,PPFYA-03781,Potential Location,0.906000018,1,13357.2024403125,,,,,,,,,,,,13357.2024403125,,CIC,1,12,12010000 = 16.249|12A15589 = .012|12A22653 = .149,ANDREA LN|LAKERIDGE CT|S TAMIAMI TRL|SR-45,26250,12010000,12A15589,Y,-81.87130054,26.53433,10,,On-System / Off-System,On Corridor,456031-1,1,392,0.07,100,0,1.2,Verified Match,456031-1,1
28205,80242,17010000,14.395,14.522,215,URBAN PRIN ART OTHER,DIVIDED,US   41,SR   45,1,SARASOTA,55500,6,45,1,PPFYA,Change Left-Turn Phasing from Protected-Permissive to Protected-Only,,PPFYA-01786,Potential Location,0.906000018,1,13357.2024403125,,,,,,,,,,,,13357.2024403125,,CIS,1,17,17010000 = 14.513,TAMIAMI TRL S,23000,17010000,17A07562,Y,-82.42217003,27.07006998,10,,On-System / Off-System,On Corridor,456052-1,1,673,0.13,100,0,0.9,Verified Match,456052-1,1
34469,45355,12010000,16.742,16.77,CAPE CORAL,URBAN PRIN ART OTHER,DIVIDED,US   41,SR   45,1,LEE,54500,6,45,1,PPFYA,Change Left-Turn Phasing from Protected-Permissive to Protected-Only,,PPFYA-02964,Potential Location,0.906000018,1,13357.2024403125,,,,,,,,,,,,13357.2024403125,,CIC,1,12,12010000 = 16.754|12A22549 = .249,CYPRESS TER|S TAMIAMI TRL|SR-45,26250,12010000,12A09153,Y,-81.87145356,26.5420099,10,,On-System / Off-System,On Corridor,456031-1,1,148,0.03,100,0,1.2,Verified Match,456031-1,1
34957,83095,17020000,3.172,3.181,215,URBAN PRIN ART OTHER,DIVIDED,US   41,SR   45,1,SARASOTA,51000,6,45,1,PPFYA,Change Left-Turn Phasing from Protected-Permissive to Protected-Only,,PPFYA-01891,Potential Location,0.906000018,1,13357.2024403125,,,,,,,,,,,,13357.2024403125,,CIS,1,17,17020000 = 3.176|17A02315 = 0|17A07245 = .708,ROBERTS RD|SPANISH LAKES DR|TAMIAMI TRL N,23000,17020000,17A02315,Y,-82.46036371,27.14203899,10,,On-System / Off-System,On Corridor,456052-1,1,48,0.01,100,0,0.9,Verified Parallel Fallback,456052-1,1
35737,82327,17020000,13.1998827752909,13.3663698566828,215,URBAN PRIN ART OTHER,DIVIDED,US   41,SR   45,1,SARASOTA,49000,6,45,1,PPFYA,Change Left-Turn Phasing from Protected-Permissive to Protected-Only,,PPFYA-02894,Potential Location,0.906000018,1,13357.2024403125,,,,,,,,,,,,13357.2024403125,,CIC,1,17,17020000 = 13.261|17A06204 = .009|17A06296 = .267|17A11716 = .151,CONSTITUTION BLVD|HOLLYWOOD BLVD|S TAMIAMI TRL,19750,17020000,17A06204,Y,-82.53069107,27.26979165,10,,On-System / Off-System,On Corridor,"456052-1, 451009-1",2,883,0.17,100,0,1,Verified Match,"456052-1, 451009-1",2
35990,82532,17020000,12.641,13.1998827752909,215,URBAN PRIN ART OTHER,DIVIDED,US   41,SR   45,1,SARASOTA,49000,6,45,1,PPFYA,Change Left-Turn Phasing from Protected-Permissive to Protected-Only,,PPFYA-00636,Potential Location,0.906000018,1,13357.2024403125,,,,,,,,,,,,13357.2024403125,,CIS,1,17,17020000 = 12.9|17A06337 = .785,S TAMIAMI TRL|SOUTHWINDS DR|UPPER BEECHWOOD AVE,19750,17020000,17A06335,Y,-82.527346,27.26549568,10,,On-System / Off-System,On Corridor,"456052-1, 451009-1",2,2957,0.56,100,0,0.8,Verified Match,"456052-1, 451009-1",2
30463,87565,26090000,14.41,14.75,GAINESVILLE,URBAN PRIN ART OTHER,DIVIDED,,SR   24,2,ALACHUA,51000,6,45,1,PPFYA,Change Left-Turn Phasing from Protected-Permissive to Protected-Only,,PPFYA-00180,Potential Location,0.906000018,1,13357.2024403125,,,,,,,,,,,,13357.2024403125,,CIS,2,26,26090000 = 14.597|26A09141 = .018,SW 23RD DR|SW ARCHER RD,23500,26090000,26A04787,Y,-82.358747,29.63364409,10,,On-System / Off-System,Off Corridor,,0,0,0,0,,,Unmatched,,0
40956,86768,29010000,7.282,7.504,LAKE CITY,URBAN MINOR ART,DIVIDED,US   90,SR   10,2,COLUMBIA,31000,6,45,1,PPFYA,Change Left-Turn Phasing from Protected-Permissive to Protected-Only,,PPFYA-02944,Potential Location,0.906000018,1,13357.2024403125,,,,,,,,,,,,13357.2024403125,,CIS,2,29,29010000 = 7.282|29A02554 = .012|29A02561 = .865,NW REAL TER|SW REAL TER|US-90,30750,29010000,29A02554,Y,-82.67927503,30.18001545,10,,On-System / Off-System,Off Corridor,,0,0,0,0,,,Unmatched,,0
67739,144493,72170000,0.794,0.9,JACKSONVILLE,URBAN PRIN ART OTHER,DIVIDED,,SR   21,2,DUVAL,39000,6,45,1,PPFYA,Change Left-Turn Phasing from Protected-Permissive to Protected-Only,,PPFYA-01501,Potential Location,0.906000018,1,13357.2024403125,,,,,,,,,,,,13357.2024403125,,CIS,2,72,72170000 = .887|72A12558 = .014,BLANDING BLVD|HICKS RD,16500,72170000,72A03267,Y,-81.73943198,30.20257,10,,On-System / Off-System,Off Corridor,,0,0,0,0,,,Unmatched,,0
68132,140264,72030000,8.20309921645437,8.48129999999946,JACKSONVILLE,URBAN PRIN ART OTHER,DIVIDED,US   17,SR   15,2,DUVAL,55500,6,45,1,PPFYA,Change Left-Turn Phasing from Protected-Permissive to Protected-Only,,PPFYA-00501,Potential Location,0.906000018,1,13357.2024403125,,,,,,,,,,,,13357.2024403125,,CIS,2,72,72030000 = 8.384|72A02711 = .648,PLYMOUTH ST|ROOSEVELT BLVD,25000,72030000,72A01741,Y,-81.71973949,30.30272669,10,,On-System / Off-System,Off Corridor,,0,0,0,0,,,Unmatched,,0
69376,141710,72030000,7.028,7.4,JACKSONVILLE,URBAN PRIN ART OTHER,DIVIDED,US   17,SR   15,2,DUVAL,39500,6,45,1,PPFYA,Change Left-Turn Phasing from Protected-Permissive to Protected-Only,,PPFYA-01838,Potential Location,0.906000018,1,13357.2024403125,,,,,,,,,,,,13357.2024403125,,CIS,2,72,72030000 = 7.391|72A02939 = .44|72A02941 = .013,ROOSEVELT BLVD|ST JOHNS AVE,20000,72030000,72A02939,Y,-81.72028752,30.28839413,10,,On-System / Off-System,Off Corridor,,0,0,0,0,,,Unmatched,,0
69658,140772,72100000,11.31,11.342,JACKSONVILLE,URBAN PRIN ART OTHER,DIVIDED,USA  90,SR   10,2,DUVAL,62000,6,45,1,PPFYA,Change Left-Turn Phasing from Protected-Permissive to Protected-Only,,PPFYA-01522,Potential Location,0.906000018,1,13357.2024403125,,,,,,,,,,,,13357.2024403125,,CIS,2,72,72100000 = 11.327|72A07785 = .367,ATLANTIC BLVD|THE WOODS DR,22000,72100000,72A04533,Y,-81.46808907,30.31955038,10,,On-System / Off-System,Off Corridor,,0,0,0,0,,,Unmatched,,0
71493,142470,72230000,0.458,0.842,JACKSONVILLE,URBAN MINOR ART,DIVIDED,,SR  A1A,2,DUVAL,38000,6,40,1,PPFYA,Change Left-Turn Phasing from Protected-Permissive to Protected-Only,,PPFYA-03066,Potential Location,0.906000018,1,13357.2024403125,,,,,,,,,,,,13357.2024403125,,CIS,2,72,72230000 = .671|72A00379 = .009|72A07067 = .158,MAYPORT RD|PLAZA RD|W PLAZA RD,17250,72230000,72A00379,Y,-81.41588876,30.33308473,10,,On-System / Off-System,On Corridor,208512-3,2,2033,0.39,100,0,1,Verified Match,208512-3,2
75843,144901,72190000,9.294,9.296,JACKSONVILLE,URBAN PRIN ART OTHER,DIVIDED,US   90,SR  212,2,DUVAL,52500,6,45,1,PPFYA,Change Left-Turn Phasing from Protected-Permissive to Protected-Only,,PPFYA-02562,Potential Location,0.906000018,1,13357.2024403125,,,,,,,,,,,,13357.2024403125,,CIC,2,72,72190000 = 9.294|72A25275 = .013,BEACH BLVD|STATION CREEK RD|TAMAYA BLVD,20500,72190000,72A01366,Y,-81.48406994,30.28749,10,,On-System / Off-System,On Corridor,432849-1,1,11,0,100,0,0.9,Verified Parallel Fallback,432849-1,1
86165,150190,74060000,4.144,4.173,FERNANDINA BEACH,URBAN MINOR ART,DIVIDED,,SR  A1A,2,NASSAU,43000,6,45,1,PPFYA,Change Left-Turn Phasing from Protected-Permissive to Protected-Only,,PPFYA-01489,Potential Location,0.906000018,1,13357.2024403125,,,,,,,,,,,,13357.2024403125,,CIS,2,74,74060000 = 4.153|74A01837 = .872|74A04567 = 0,ARRIGO BLVD|SR-200,16250,74060000,74A01837,Y,-81.53280039,30.62224911,10,,On-System / Off-System,Off Corridor,,0,0,0,0,,,Unmatched,,0
86303,151287,74060000,2.461,2.487,FERNANDINA BEACH,URBAN MINOR ART,DIVIDED,,SR  A1A,2,NASSAU,48000,6,45,1,PPFYA,Change Left-Turn Phasing from Protected-Permissive to Protected-Only,,PPFYA-01308,Potential Location,0.906000018,1,13357.2024403125,,,,,,,,,,,,13357.2024403125,,CIS,2,74,74060000 = 2.477|74A01783 = 0|74A04499 = .125,CHRISTIAN WAY|GENE LASSERE BLVD|SR-200,18250,74060000,74A01783,Y,-81.55983983,30.62878665,10,,On-System / Off-System,Off Corridor,,0,0,0,0,,,Unmatched,,0
52502,113260,55003000,8.085699999996,8.19554882404357,TALLAHASSEE,URBAN PRIN ART OTHER,DIVIDED,US  319,SR  261,3,LEON,46000,6,45,1,PPFYA,Change Left-Turn Phasing from Protected-Permissive to Protected-Only,,PPFYA-02321,Potential Location,0.906000018,1,13357.2024403125,,,,,,,,,,,,13357.2024403125,,CIS,3,55,55003000 = 8.124|55A04198 = .01|55A10159 = 0,AUTOMOTIVE WAY|CAPITAL CIR NE|EXETER RD,22750,55003000,55A04198,Y,-84.2280897,30.46366004,10,,On-System / Off-System,On Corridor,445251-2,1,581,0.11,100,0.1,0,Verified Match,445251-2,1
54428,113788,55050000,4.158,4.169,TALLAHASSEE,URBAN PRIN ART OTHER,DIVIDED,,SR   61,3,LEON,32500,7,45,1,PPFYA,Change Left-Turn Phasing from Protected-Permissive to Protected-Only,,PPFYA-02378,Potential Location,0.906000018,1,13357.2024403125,,,,,,,,,,,,13357.2024403125,,CIS,3,55,55050000 = 4.168|55A00588 = .011|55A10704 = 0,METROPOLITAN BLVD|SR-61|THOMASVILLE RD,15750,55050000,55A00588,Y,-84.25341875,30.49851465,10,,On-System / Off-System,On Corridor,452938-1,1,58,0.01,100,1.2,0.7,Verified Parallel Fallback,452938-1,1
62002,117934,57040000,4.12930000000051,4.611,1460,URBAN PRIN ART OTHER,DIVIDED,,SR   85,3,OKALOOSA,46500,6,40,1,PPFYA,Change Left-Turn Phasing from Protected-Permissive to Protected-Only,,PPFYA-00111,Potential Location,0.906000018,1,13357.2024403125,,,,,,,,,,,,13357.2024403125,,CIS,3,57,57040000 = 4.356|57A00613 = .406|57A00640 = .283,2ND ST|9TH AVE|EGLIN PKWY|ERWIN FLEET RD,23000,57040000,57A00613,Y,-86.57968793,30.44492959,10,,On-System / Off-System,On Corridor,450813-1,1,2550,0.48,100,0,0.9,Verified Match,450813-1,1
28662,82353,18120000,0.507,1.016,2153,URBAN PRIN ART OTHER,DIVIDED,US   27,SR   25,5,SUMTER,41000,6,45,1,PPFYA,Change Left-Turn Phasing from Protected-Permissive to Protected-Only,,PPFYA-04706,Potential Location,0.906000018,1,13357.2024403125,,,,,,,,,,,,13357.2024403125,,CIS,5,18,18120000 = .778|18A02104 = 0|18A04433 = 1.01,CR-109|NE 138TH LN|US-27,19000,18120000,18A02104,Y,-81.96267688,28.957474,10,,On-System / Off-System,Off Corridor,,0,0,0,0,,,Unmatched,,0
36328,84041,18120000,0.126,0.252,2153,URBAN PRIN ART OTHER,DIVIDED,US   27,SR   25,5,SUMTER,41000,6,45,1,PPFYA,Change Left-Turn Phasing from Protected-Permissive to Protected-Only,,PPFYA-01617,Potential Location,0.906000018,1,13357.2024403125,,,,,,,,,,,,13357.2024403125,,CIC,5,18,18120000 = .25|18A00230 = .014|18A00247 = .306,BELLA CRUZ DR|NE 134TH AVE|US-27,19000,18120000,18A00230,Y,-81.95685265,28.95171976,10,,On-System / Off-System,Off Corridor,,0,0,0,0,,,Unmatched,,0
46211,98006,36100000,15.421,15.513,OCALA,URBAN PRIN ART OTHER,DIVIDED,,SR  200,5,MARION,47000,6,45,1,PPFYA,Change Left-Turn Phasing from Protected-Permissive to Protected-Only,,PPFYA-00860,Potential Location,0.906000018,1,13357.2024403125,,,,,,,,,,,,13357.2024403125,,CIS,5,36,36100000 = 15.455|36A01781 = .118|36A16568 = 0,SR-200|SW 34TH AVE,21750,36100000,36A01781,Y,-82.1788151,29.1563449,10,,On-System / Off-System,Off Corridor,,0,0,0,0,,,Unmatched,,0
47155,100120,36100000,16.657,16.75,OCALA,URBAN PRIN ART OTHER,DIVIDED,,SR  200,5,MARION,35500,6,45,1,PPFYA,Change Left-Turn Phasing from Protected-Permissive to Protected-Only,,PPFYA-03294,Potential Location,0.906000018,1,13357.2024403125,,,,,,,,,,,,13357.2024403125,,SI,5,36,36100000 = 16.693|36A16742 = .304,SR-200|SW 17TH RD,19250,36100000,36A09209,Y,-82.16471781,29.16938166,10,,On-System / Off-System,Off Corridor,,0,0,0,0,,,Unmatched,,0
66524,154533,75010000,6.577,6.656,ORLANDO,URBAN PRIN ART OTHER,DIVIDED,US   17,SR  500,5,ORANGE,54000,6,45,1,PPFYA,Change Left-Turn Phasing from Protected-Permissive to Protected-Only,,PPFYA-02389,Potential Location,0.906000018,1,13357.2024403125,,,,,,,,,,,,13357.2024403125,,CIC,5,75,75010000 = 6.586|75A01509 = .367|75A22771 = .007,MORNING DR|S ORANGE BLOSSOM TRL|SUN LIFE PATH,31500,75010000,75A01509,Y,-81.40271982,28.4433786,10,,On-System / Off-System,Off Corridor,,0,0,0,0,,,Unmatched,,0
67132,153106,75010000,8.803,10.034,ORLANDO,URBAN PRIN ART OTHER,DIVIDED,US   17,SR  500,5,ORANGE,51500,6,40,1,PPFYA,Change Left-Turn Phasing from Protected-Permissive to Protected-Only,,PPFYA-02649,Potential Location,0.906000018,1,13357.2024403125,,,,,,,,,,,,13357.2024403125,,CIC,5,75,75010000 = 8.892|75A01411 = 0|75A13600 = 1.238,S ORANGE BLOSSOM TRL|WAKULLA WAY,21500,75010000,75A01411,Y,-81.39667992,28.4762,10,,On-System / Off-System,Off Corridor,,0,0,0,0,,,Unmatched,,0
67690,156817,75010000,7.237,7.578,ORLANDO,URBAN PRIN ART OTHER,DIVIDED,US   17,SR  500,5,ORANGE,51000,6,40,1,PPFYA,Change Left-Turn Phasing from Protected-Permissive to Protected-Only,,PPFYA-01568,Potential Location,0.906000018,1,13357.2024403125,,,,,,,,,,,,13357.2024403125,,CIS,5,75,75010000 = 7.463|75A00542 = .769|75A01511 = .572,S ORANGE BLOSSOM TRL|SKYVIEW DR|SOUTHLAND BLVD,21000,75010000,75A00542,Y,-81.39927595,28.45576519,10,,On-System / Off-System,Off Corridor,,0,0,0,0,,,Unmatched,,0
68473,153353,75002000,4.758,4.79,ORLANDO,URBAN PRIN ART OTHER,DIVIDED,,SR  482,5,ORANGE,38000,6,45,1,PPFYA,Change Left-Turn Phasing from Protected-Permissive to Protected-Only,,PPFYA-04550,Potential Location,0.906000018,1,13357.2024403125,,,,,,,,,,,,13357.2024403125,,CIS,5,75,75002000 = 4.782|75A00538 = .119|75A01511 = 0,SAND LAKE RD|SKYVIEW DR|SUMMER DAY LN,19500,75002000,75A00538,Y,-81.39793,28.45044028,10,,On-System / Off-System,Off Corridor,,0,0,0,0,,,Unmatched,,0
69617,152456,75002000,4.385,4.4,ORLANDO,URBAN PRIN ART OTHER,DIVIDED,,SR  482,5,ORANGE,43000,6,45,1,PPFYA,Change Left-Turn Phasing from Protected-Permissive to Protected-Only,,PPFYA-01423,Potential Location,0.906000018,1,13357.2024403125,,,,,,,,,,,,13357.2024403125,,CIS,5,75,75002000 = 4.391|75A14445 = .017,LILLWILL AVE|SAND LAKE RD,20750,75002000,75A08055,Y,-81.40433,28.45034373,10,,On-System / Off-System,Off Corridor,,0,0,0,0,,,Unmatched,,0
69676,153893,75003000,6.223,6.548,ORLANDO,URBAN PRIN ART OTHER,DIVIDED,,SR  436,5,ORANGE,54000,6,45,1,PPFYA,Change Left-Turn Phasing from Protected-Permissive to Protected-Only,,PPFYA-01600,Potential Location,0.906000018,1,13357.2024403125,,,,,,,,,,,,13357.2024403125,,CIC,5,75,75003000 = 6.357|75A09035 = .864|75A24792 = 0,KALMIA DR|S SEMORAN BLVD,27250,75003000,75A09035,Y,-81.31072444,28.54315,10,,On-System / Off-System,Off Corridor,,0,0,0,0,,,Unmatched,,0
74304,160462,75190000,4.78641042891561,4.789,ORLANDO,URBAN PRIN ART OTHER,DIVIDED,,SR  423,5,ORANGE,40000,6,45,1,PPFYA,Change Left-Turn Phasing from Protected-Permissive to Protected-Only,,PPFYA-02605,Potential Location,0.906000018,1,13357.2024403125,,,,,,,,,,,,13357.2024403125,,CIS,5,75,75190000 = 4.788|75A17271 = .013,LYNX LN|N JOHN YOUNG PKWY,17000,75190000,75A09512,Y,-81.41625972,28.57528853,10,,On-System / Off-System,Off Corridor,,0,0,0,0,,,Unmatched,,0
76075,158530,75030000,8.051,8.065,ORLANDO,URBAN PRIN ART OTHER,DIVIDED,US   17,SR   15,5,ORANGE,32000,6,45,1,PPFYA,Change Left-Turn Phasing from Protected-Permissive to Protected-Only,,PPFYA-01450,Potential Location,0.906000018,1,13357.2024403125,,,,,,,,,,,,13357.2024403125,,CIS,5,75,75030000 = 8.056|75A03611 = .352|75A03717 = .432,E SYBELIA AVE|N ORLANDO AVE|SYBELIA PKWY,15500,75030000,75A03611,Y,-81.36327624,28.63129,10,,On-System / Off-System,On Corridor,452910-1,1,74,0.01,100,0.6,1.4,Verified Parallel Fallback,452910-1,1
76499,170637,77030000,4.778,4.783,ORLANDO,URBAN PRIN ART OTHER,DIVIDED,,SR   46,5,SEMINOLE,28000,6,45,1,PPFYA,Change Left-Turn Phasing from Protected-Permissive to Protected-Only,,PPFYA-03683,Potential Location,0.906000018,1,13357.2024403125,,,,,,,,,,,,13357.2024403125,,CIC,5,77,77030000 = 4.78|77A01628 = .01|77A03745 = 1.831,N OREGON ST|SR-46|WAYSIDE DR,15500,77030000,77A01628,Y,-81.34156313,28.81129638,10,,On-System / Off-System,On Corridor,454206-1,1,26,0,100,0,0.8,Verified Parallel Fallback,454206-1,1
77355,169367,77060000,1.391,1.562,ORLANDO,URBAN MINOR ART,DIVIDED,,SR  426,5,SEMINOLE,35500,6,45,1,PPFYA,Change Left-Turn Phasing from Protected-Permissive to Protected-Only,,PPFYA-01742,Potential Location,0.906000018,1,13357.2024403125,,,,,,,,,,,,13357.2024403125,,CIC,5,77,77060000 = 1.423|77A00616 = .458|77A03781 = 0,ALOMA AVE|CLAYTON CROSSING WAY|DEEP LAKE RD|SR-426,17750,77060000,77A00616,Y,-81.26183271,28.61862068,10,,On-System / Off-System,Off Corridor,,0,0,0,0,86.8,290.2,No Match - Angle Mismatch,,0
79466,170604,77170000,2.715,2.899,ORLANDO,URBAN PRIN ART OTHER,DIVIDED,,SR  434,5,SEMINOLE,44000,6,45,1,PPFYA,Change Left-Turn Phasing from Protected-Permissive to Protected-Only,,PPFYA-02672,Potential Location,0.906000018,1,13357.2024403125,,,,,,,,,,,,13357.2024403125,,CIC,5,77,77170000 = 2.806|77A06006 = .01,ALAFAYA TRL|ALEXANDRIA BLVD,16750,77170000,77A01523,Y,-81.20807,28.65259994,10,,On-System / Off-System,On Corridor,452912-1,1,977,0.19,100,0,1.2,Verified Match,452912-1,1
79629,177894,79230000,1.862,1.874,DAYTONA BEACH-PORT ORANGE,URBAN PRIN ART OTHER,DIVIDED,,SR  421,5,VOLUSIA,42000,6,45,1,PPFYA,Change Left-Turn Phasing from Protected-Permissive to Protected-Only,,PPFYA-05145,Potential Location,0.906000018,1,13357.2024403125,,,,,,,,,,,,13357.2024403125,,CIC,5,79,79230000 = 1.873|79A02978 = 0|79A13218 = .013,DUNLAWTON AVE|SWALLOW TAIL DR N|VILLAGE TRL,19500,79230000,79A02978,Y,-81.01206268,29.12353691,10,,On-System / Off-System,On Corridor,"448907-1, 449770-1",4,63,0.01,100,0,1.2,Verified Parallel Fallback,"448907-1, 449770-1",4
81191,162432,75250000,4.053,4.442,ORLANDO,URBAN MINOR ART,DIVIDED,,SR  438,5,ORANGE,29500,6,45,1,PPFYA,Change Left-Turn Phasing from Protected-Permissive to Protected-Only,,PPFYA-00197,Potential Location,0.906000018,1,13357.2024403125,,,,,,,,,,,,13357.2024403125,,CIS,5,75,75250000 = 4.201|75A00805 = .149|75A05984 = 0,SILVER RIDGE DR|SILVER STAR RD|SUMMER GLEN DR,14750,75250000,75A00805,Y,-81.48606499,28.57759519,10,,On-System / Off-System,On Corridor,451372-1,1,2050,0.39,100,0,0.7,Verified Match,451372-1,1
81269,171348,77080000,2.295,2.304,ORLANDO,URBAN PRIN ART OTHER,DIVIDED,,SR  436,5,SEMINOLE,55500,6,45,1,PPFYA,Change Left-Turn Phasing from Protected-Permissive to Protected-Only,,PPFYA-01153,Potential Location,0.906000018,1,13357.2024403125,,,,,,,,,,,,13357.2024403125,,CIC,5,77,77080000 = 2.297|77A05345 = .01|77A05380 = .168,MAPLE ST|MARCIA DR|SEMORAN BLVD,25250,77080000,77A05345,Y,-81.42369112,28.66550684,10,,On-System / Off-System,On Corridor,452880-1,1,47,0.01,100,0.9,0.6,Verified Parallel Fallback,452880-1,1
81812,169276,77010000,2.87,3.125,ORLANDO,URBAN PRIN ART OTHER,DIVIDED,US   17,SR   15,5,SEMINOLE,71000,6,45,1,PPFYA,Change Left-Turn Phasing from Protected-Permissive to Protected-Only,,PPFYA-04113,Potential Location,0.906000018,1,13357.2024403125,,,,,,,,,,,,13357.2024403125,,CIS,5,77,77010000 = 3.087|77A00058 = 0|77A11615 = .412,BUTTON RD|N GRIFFIN DR|US-17-92,26500,77010000,77A00058,Y,-81.33562488,28.67971501,10,,On-System / Off-System,On Corridor,454205-1,2,1353,0.26,100,0,1.4,Verified Match,454205-1,2
82144,169794,77010000,5.634,5.687,ORLANDO,URBAN PRIN ART OTHER,DIVIDED,US   17,SR   15,5,SEMINOLE,39000,6,45,1,PPFYA,Change Left-Turn Phasing from Protected-Permissive to Protected-Only,,PPFYA-03505,Potential Location,0.906000018,1,13357.2024403125,,,,,,,,,,,,13357.2024403125,,CIC,5,77,77010000 = 5.675|77A00062 = .591|77A00449 = .013,RAVEN AVE|SHEPARD RD|US-17-92,20750,77010000,77A00062,Y,-81.32438215,28.71492207,10,,On-System / Off-System,On Corridor,454205-1,2,281,0.05,100,0.4,1.4,Verified Match,454205-1,2
83280,171789,77010000,2.715,2.87,ORLANDO,URBAN PRIN ART OTHER,DIVIDED,US   17,SR   15,5,SEMINOLE,71000,6,45,1,PPFYA,Change Left-Turn Phasing from Protected-Permissive to Protected-Only,,PPFYA-00186,Potential Location,0.906000018,1,13357.2024403125,,,,,,,,,,,,13357.2024403125,,CIC,5,77,77010000 = 2.84|77A04937 = .921,PLUMOSA AVE|US-17-92,26500,77010000,77A04611,Y,-81.33673169,28.67634969,10,,On-System / Off-System,On Corridor,454205-1,2,823,0.16,100,0,1.4,Verified Match,454205-1,2
116540,258380,92090000,13.617,13.774,KISSIMMEE,URBAN PRIN ART OTHER,DIVIDED,US  192,SR  530,5,OSCEOLA,67390,6,45,1,PPFYA,Change Left-Turn Phasing from Protected-Permissive to Protected-Only,,PPFYA-04940,Potential Location,0.906000018,1,13357.2024403125,,,,,,,,,,,,13357.2024403125,,CIS,5,92,92090000 = 13.688|92A02411 = .104|92A04881 = 0,ORANGE BLVD|US-192,32445,92090000,92A02411,Y,-81.43155508,28.3045101,10,,On-System / Off-System,On Corridor,"448783-1, 454331-2, 454331-1",4,828,0.16,100,0,0.9,Verified Match,"448783-1, 454331-2, 454331-1",4
92654,223019,87002000,7.063,7.127,MIAMI,URBAN PRIN ART OTHER,DIVIDED,,SR  823,6,MIAMI-DADE,52000,6,45,1,PPFYA,Change Left-Turn Phasing from Protected-Permissive to Protected-Only,,PPFYA-05952,Potential Location,0.906000018,1,13357.2024403125,,,,,,,,,,,,13357.2024403125,,CIC,6,87,87002000 = 7.115|87A05825 = 0|87A32436 = .328,NW 176TH ST|NW 57TH AVE,27500,87002000,87A05825,Y,-80.29347513,25.93311776,10,,On-System / Off-System,Off Corridor,,0,0,0,0,,,Unmatched,,0
98835,225207,87026000,4.77,4.827,MIAMI,URBAN MINOR ART,DIVIDED,,SR  860,6,MIAMI-DADE,33000,6,40,1,PPFYA,Change Left-Turn Phasing from Protected-Permissive to Protected-Only,,PPFYA-06528,Potential Location,0.906000018,1,13357.2024403125,,,,,,,,,,,,13357.2024403125,,CIC,6,87,87026000 = 4.815|87A10406 = .198|87A10423 = .339,NW 183RD ST|NW 8TH PL,15750,87026000,87A10406,Y,-80.21646422,25.94199911,10,,On-System / Off-System,On Corridor,"447800-2, 447800-1, 449362-1",5,301,0.06,100,0,0.3,Verified Match,"447800-2, 447800-1, 449362-1",5
99303,220294,87001000,10.287,10.307,MIAMI,URBAN PRIN ART OTHER,DIVIDED,,SR   94,6,MIAMI-DADE,39500,7,45,1,PPFYA,Change Left-Turn Phasing from Protected-Permissive to Protected-Only,,PPFYA-04151,Potential Location,0.906000018,1,13357.2024403125,,,,,,,,,,,,13357.2024403125,,CIS,6,87,87001000 = 10.303|87A32649 = .011,SW 73RD PL|SW 88TH ST,18250,87001000,87A20880,Y,-80.31489739,25.68864056,10,,On-System / Off-System,On Corridor,437784-1,1,106,0.02,100,0,0.1,Verified Match,437784-1,1
99354,223561,87053000,1.204,1.397,MIAMI,URBAN MINOR ART,DIVIDED,,SR  968,6,MIAMI-DADE,51000,6,40,1,PPFYA,Change Left-Turn Phasing from Protected-Permissive to Protected-Only,,PPFYA-05358,Potential Location,0.906000018,1,13357.2024403125,,,,,,,,,,,,13357.2024403125,,CIC,6,87,87053000 = 1.263|87A04935 = .397|87A16687 = 0,FLORIDA BLVD|NW 74TH AVE|W FLAGLER ST,26000,87053000,87A04935,Y,-80.31599782,25.76981441,10,,On-System / Off-System,On Corridor,437782-3,1,1019,0.19,100,0,0.2,Verified Match,437782-3,1
102663,237184,87240000,1.794,1.807,MIAMI,URBAN PRIN ART OTHER,DIVIDED,,SR    9,6,MIAMI-DADE,41500,6,40,1,PPFYA,Change Left-Turn Phasing from Protected-Permissive to Protected-Only,,PPFYA-03820,Potential Location,0.906000018,1,13357.2024403125,,,,,,,,,,,,13357.2024403125,,CIS,6,87,87240000 = 1.803|87A17010 = 0|87A17011 = 1.013,SW 27TH AVE|SW 7TH ST,20500,87240000,87A17010,Y,-80.2388653,25.76607498,10,,On-System / Off-System,Off Corridor,,0,0,0,0,89.8,288.5,No Match - Angle Mismatch,,0
102931,233597,87281000,10.091,10.212,MIAMI,URBAN PRIN ART OTHER,DIVIDED,,SR  953,6,MIAMI-DADE,17100,6,40,1,PPFYA,Change Left-Turn Phasing from Protected-Permissive to Protected-Only,,PPFYA-03788,Potential Location,0.906000018,1,13357.2024403125,,,,,,,,,,,,13357.2024403125,,CIS,6,87,87281000 = 10.099|87A12959 = 1.009,E 55TH ST|NW 42ND AVE,7700,87281000,87A04885,Y,-80.26699702,25.87281,10,,On-System / Off-System,On Corridor,447803-1,3,640,0.12,100,0,0.3,Verified Match,447803-1,3
102965,233687,87281000,3.282,3.403,MIAMI,URBAN PRIN ART OTHER,DIVIDED,,SR  953,6,MIAMI-DADE,55000,6,40,1,PPFYA,Change Left-Turn Phasing from Protected-Permissive to Protected-Only,,PPFYA-04948,Potential Location,0.906000018,1,13357.2024403125,,,,,,,,,,,,13357.2024403125,,CIS,6,87,87281000 = 3.356|87A32558 = .862|87A32559 = .01,NW 3RD ST|NW 42ND AVE,27000,87281000,87A32558,Y,-80.26383991,25.77513996,10,,On-System / Off-System,On Corridor,447809-1,1,641,0.12,100,0,0.2,Verified Match,447809-1,1
104076,224839,87030000,20.301,20.4,MIAMI,URBAN PRIN ART OTHER,DIVIDED,US    1,SR    5,6,MIAMI-DADE,48500,6,40,1,PPFYA,Change Left-Turn Phasing from Protected-Permissive to Protected-Only,,PPFYA-03164,Potential Location,0.906000018,1,13357.2024403125,,,,,,,,,,,,13357.2024403125,,CIC,6,87,87030000 = 20.399|87A11779 = .011|87A11785 = .267,BISCAYNE BLVD|HIGHLAND DR|NE 139TH ST,21750,87030000,87A11779,Y,-80.15915185,25.90413915,10,,On-System / Off-System,On Corridor,451123-1,5,525,0.1,100,0,0.4,Verified Match,451123-1,5
104374,227186,87026000,4.031,4.357,MIAMI,URBAN MINOR ART,DIVIDED,,SR  860,6,MIAMI-DADE,36500,6,40,1,PPFYA,Change Left-Turn Phasing from Protected-Permissive to Protected-Only,,PPFYA-06471,Potential Location,0.906000018,1,13357.2024403125,,,,,,,,,,,,13357.2024403125,,CIC,6,87,87026000 = 4.268|87A10431 = 1.102|87A10442 = .25,NE MIAMI GARDENS DR|NW 14TH AVE|NW 183RD ST,16500,87026000,87A10431,Y,-80.22525739,25.94161867,10,,On-System / Off-System,On Corridor,"447800-2, 447800-1, 449362-1",5,1720,0.33,100,0,0.3,Verified Match,"447800-2, 447800-1, 449362-1",5
107341,231007,87170000,4.054,4.106,MIAMI,URBAN PRIN ART OTHER,DIVIDED,,SR  826,6,MIAMI-DADE,60000,8,45,1,PPFYA,Change Left-Turn Phasing from Protected-Permissive to Protected-Only,,PPFYA-06284,Potential Location,0.906000018,1,13357.2024403125,,,,,,,,,,,,13357.2024403125,,CIC,6,87,87170000 = 4.1|87A06657 = .061|87A08216 = .019,NE 163RD ST|NE 26TH AVE,30750,87170000,87A06657,Y,-80.14734473,25.92615983,10,,On-System / Off-System,On Corridor,"452562-1, 458152-1, 449270-1",5,274,0.05,100,0,0.4,Verified Match,"452562-1, 458152-1, 449270-1",5
109804,228196,87027000,2.03950310231889,2.078,MIAMI,URBAN MINOR ART,DIVIDED,,SR  969,6,MIAMI-DADE,28000,6,45,1,PPFYA,Change Left-Turn Phasing from Protected-Permissive to Protected-Only,,PPFYA-04359,Potential Location,0.906000018,1,13357.2024403125,,,,,,,,,,,,13357.2024403125,,CIS,6,87,87027000 = 2.074|87A15936 = .417|87A21143 = .225,MILAM DAIRY RD|NW 19TH ST|NW 72ND AVE,12500,87027000,87A15936,Y,-80.31285638,25.79225,10,,On-System / Off-System,On Corridor,452568-1,3,204,0.04,100,0,0.3,Verified Match,452568-1,3
9806,25827,10160000,5.344,5.6,TAMPA-ST PETERSBURG,URBAN PRIN ART OTHER,DIVIDED,,SR  597,7,HILLSBOROUGH,66000,7,45,1,PPFYA,Change Left-Turn Phasing from Protected-Permissive to Protected-Only,,PPFYA-02546,Potential Location,0.906000018,1,13357.2024403125,,,,,,,,,,,,13357.2024403125,,CIC,7,10,10160000 = 5.478|10A06857 = .977|10A26571 = 0,DALE MABRY HWY|HANDY RD|N VILLAGE DR,30000,10160000,10A06857,Y,-82.50684623,28.07486075,10,,On-System / Off-System,On Corridor,438702-1,5,1356,0.26,100,0,0.9,Verified Match,438702-1,5
9873,15151,08010000,8.205,8.362,BROOKSVILLE,URBAN PRIN ART OTHER,DIVIDED,US   41,SR   45,7,HERNANDO,27000,6,40,1,PPFYA,Change Left-Turn Phasing from Protected-Permissive to Protected-Only,,PPFYA-03601,Potential Location,0.906000018,1,13357.2024403125,,,,,,,,,,,,13357.2024403125,,CIC,7,8,08010000 = 8.315|08A06546 = .068,S BROAD ST,11500,8010000,08A00982,Y,-82.4025882,28.5426678,10,,On-System / Off-System,On Corridor,438702-1,5,832,0.16,100,0,0.4,Verified Match,438702-1,5
10358,27864,10270000,1.426,1.488,TAMPA-ST PETERSBURG,URBAN PRIN ART OTHER,DIVIDED,,SR   60,7,HILLSBOROUGH,53000,6,40,1,PPFYA,Change Left-Turn Phasing from Protected-Permissive to Protected-Only,,PPFYA-01441,Potential Location,0.906000018,1,13357.2024403125,,,,,,,,,,,,13357.2024403125,,CIC,7,10,10270000 = 1.448|10A26722 = .074,S GARDENIA AVE|W JOHN F KENNEDY BLVD,22500,10270000,10A03898,Y,-82.52731171,27.94482638,10,,On-System / Off-System,On Corridor,"447012-1, 445362-2",2,328,0.06,100,0,0.5,Verified Match,"447012-1, 445362-2",2
10792,28206,10150000,4.752,4.76,TAMPA-ST PETERSBURG,URBAN PRIN ART OTHER,DIVIDED,,SR  580,7,HILLSBOROUGH,57500,6,45,1,PPFYA,Change Left-Turn Phasing from Protected-Permissive to Protected-Only,,PPFYA-03717,Potential Location,0.906000018,1,13357.2024403125,,,,,,,,,,,,13357.2024403125,,CIC,7,10,10150000 = 4.756|10A03788 = .303|10A12418 = .253,HILLSBOROUGH AVE|ROCKY CREEK DR|S LAGOON ST,28500,10150000,10A03788,Y,-82.58347,27.99662353,10,,On-System / Off-System,Off Corridor,,0,0,0,0,2.2,64.2,No Match - Low Overlap,,0
18075,62214,15040000,4.687,4.777,TAMPA-ST PETERSBURG,URBAN PRIN ART OTHER,DIVIDED,,SR   60,7,PINELLAS,55000,6,45,1,PPFYA,Change Left-Turn Phasing from Protected-Permissive to Protected-Only,,PPFYA-03413,Potential Location,0.906000018,1,13357.2024403125,,,,,,,,,,,,13357.2024403125,,SI,7,15,15040000 = 4.688|15A02058 = .092|15A03056 = 0,GULF TO BAY BLVD|PARK PLACE BLVD,25750,15040000,15A02058,Y,-82.72579243,27.96061742,10,,On-System / Off-System,On Corridor,"447918-1, 454711-1, 438702-1",9,475,0.09,100,0,0.7,Verified Match,"447918-1, 454711-1, 438702-1",9
23668,62061,15010000,11.24,11.246,TAMPA-ST PETERSBURG,URBAN PRIN ART OTHER,DIVIDED,USA  19,SR  595,7,PINELLAS,38500,6,45,1,PPFYA,Change Left-Turn Phasing from Protected-Permissive to Protected-Only,,PPFYA-02743,Potential Location,0.906000018,1,13357.2024403125,,,,,,,,,,,,13357.2024403125,,CIS,7,15,15010000 = 11.243|15A23692 = .011,66TH AVE N|SEMINOLE BLVD,36750,15010000,15A23690,Y,-82.78698938,27.83225927,10,,On-System / Off-System,Off Corridor,,0,0,0,0,,,Unmatched,,0
24166,64816,15070000,2.431,2.67,TAMPA-ST PETERSBURG,URBAN PRIN ART OTHER,DIVIDED,,SR  580,7,PINELLAS,47000,6,45,1,PPFYA,Change Left-Turn Phasing from Protected-Permissive to Protected-Only,,PPFYA-01174,Potential Location,0.906000018,1,13357.2024403125,,,,,,,,,,,,13357.2024403125,,CIS,7,15,15070000 = 2.544|15A07279 = 0|15A07310 = .229,KING ARTHUR CT|MAIN ST|PINEWOOD DR,22000,15070000,15A07279,Y,-82.75097975,28.01941,10,,On-System / Off-System,On Corridor,451237-1,2,1260,0.24,100,0,0.7,Verified Match,451237-1,2
24499,63656,15010000,15.142,15.423,TAMPA-ST PETERSBURG,URBAN PRIN ART OTHER,DIVIDED,USA  19,SR  595,7,PINELLAS,36500,6,45,1,PPFYA,Change Left-Turn Phasing from Protected-Permissive to Protected-Only,,PPFYA-03087,Potential Location,0.906000018,1,13357.2024403125,,,,,,,,,,,,13357.2024403125,,CIC,7,15,15010000 = 15.296|15A10160 = .245,LARK DR SW|SEMINOLE BLVD,17000,15010000,15A02639,Y,-82.78719,27.89113966,10,,On-System / Off-System,Off Corridor,,0,0,0,0,,,Unmatched,,0
24525,63660,15070000,4.997,5.071,TAMPA-ST PETERSBURG,URBAN PRIN ART OTHER,DIVIDED,,SR  580,7,PINELLAS,32500,6,45,1,PPFYA,Change Left-Turn Phasing from Protected-Permissive to Protected-Only,,PPFYA-01555,Potential Location,0.906000018,1,13357.2024403125,,,,,,,,,,,,13357.2024403125,,CIS,7,15,15070000 = 4.999|15A07266 = 0,CHARLES AVE|SR-580,17500,15070000,15A02404,Y,-82.71145867,28.02110378,10,,On-System / Off-System,Off Corridor,,0,0,0,0,,,Unmatched,,0
25329,64168,15030000,2.888,3.288,TAMPA-ST PETERSBURG,URBAN MINOR ART,DIVIDED,,SR  686,7,PINELLAS,62000,6,40,1,PPFYA,Change Left-Turn Phasing from Protected-Permissive to Protected-Only,,PPFYA-04208,Potential Location,0.906000018,1,13357.2024403125,,,,,,,,,,,,13357.2024403125,,CIS,7,15,15030000 = 3.273|15A03748 = .279,69TH ST N|E BAY DR,27000,15030000,15A02860,Y,-82.73431,27.91629719,10,,On-System / Off-System,On Corridor,447917-1,1,2108,0.4,100,0,0.7,Verified Match,447917-1,1
27430,64510,15150000,9.642,9.659,TAMPA-ST PETERSBURG,URBAN PRIN ART OTHER,DIVIDED,US   19,SR   55,7,PINELLAS,79000,6,45,1,PPFYA,Change Left-Turn Phasing from Protected-Permissive to Protected-Only,,PPFYA-03549,Potential Location,0.906000018,1,13357.2024403125,,,,,,,,,,,,13357.2024403125,,CIS,7,15,15150000 = 9.644|15A06505 = .075,80TH AVE N|US-19,36000,15150000,15A05297,Y,-82.68768624,27.84473329,10,,On-System / Off-System,On Corridor,438702-1,5,90,0.02,100,0,0.6,Verified Match,438702-1,5
35388,55103,14030000,11.955,11.971,TAMPA-ST PETERSBURG,URBAN PRIN ART OTHER,DIVIDED,US   19,SR   55,7,PASCO,49500,6,45,1,PPFYA,Change Left-Turn Phasing from Protected-Permissive to Protected-Only,,PPFYA-03067,Potential Location,0.906000018,1,13357.2024403125,,,,,,,,,,,,13357.2024403125,,CIS,7,14,14030000 = 11.971|14A00168 = .013|14A13297 = 0,BEACON WOODS DR|US-19,25500,14030000,14A00168,Y,-82.69919581,28.33842,10,,On-System / Off-System,On Corridor,"443707-1, 438702-1",6,85,0.02,100,0.1,0.7,Verified Match,"443707-1, 438702-1",6
